index,target
0,0.3976058451301455
1,0.6440537543218736
2,0.5420705851653729
3,0.4401591754191402
4,0.3979776893469894
5,0.36389849305238436
6,0.8585100136995238
7,0.6797377519733838
8,0.039422010568204054
9,0.42699458542631613
10,0.4861634809837563
11,0.3407397742840368
12,0.42514841150759997
13,0.3887924848326701
14,0.38180572770565596
15,0.5727444712636179
16,0.033948724639572055
17,0.034946832800574076
18,0.5166808010959619
19,0.5044621306021266
20,0.8232043838476091
21,0.5505186248287559
22,0.24363624502576814
23,0.6966599256311568
24,0.5456389849305239
25,0.3036858242546807
26,0.3567551699393307
27,0.4054537151803771
28,0.3815382608128384
29,0.9900058712244766
30,0.2794637614978146
31,0.554530628221019
32,0.2638984930523844
33,0.6900384891382347
34,0.5573749103007372
35,0.2554374062234979
36,0.5482223237001762
37,0.014240981146845848
38,0.6656924783090874
39,0.791773762150173
40,0.838756605127536
41,0.18217757192249984
42,0.5420901559136277
43,0.4069019505512428
44,0.5452932350446866
45,0.6352925826864114
46,0.5904559984343402
47,0.6708982973449018
48,0.3851588492400026
49,0.6016765607671734
50,0.6152456128905996
51,0.4669515297801553
52,0.5284623915454367
53,0.5000652358275165
54,0.5106725813816948
55,0.6698871420183965
56,0.12625742057537997
57,0.3166090416856938
58,0.36569247830908735
59,0.4551438449996738
60,0.2015199947811338
61,0.2539108878596125
62,0.8794115728358014
63,0.2968164916171962
64,0.5704546937177898
65,0.5529388740296171
66,0.7876182399373737
67,0.40813490769130406
68,0.6974818970578642
69,0.6020614521495204
70,0.6389653597755888
71,0.5523778459129755
72,0.44191401917933326
73,0.5648574597168765
74,0.5100136995237785
75,0.5414899863004762
76,0.5191075738795747
77,0.720320960271381
78,0.8592797964642183
79,0.7122839063213516
80,0.6579424620001304
81,0.32096679496379416
82,0.4205101441711788
83,0.1743492726205232
84,0.4811598930132429
85,0.6798160349664035
86,0.9391023550133735
87,0.9235044686541849
88,0.6035096875203863
89,0.6269945854263161
90,0.6099941287755235
91,0.13544914867245092
92,0.3206079979124535
93,0.0331398003783678
94,0.038632657055254746
95,0.38105551568921653
96,0.037073520777611065
97,0.033968295387826995
98,0.4170983103920673
99,0.19885837301846174
100,0.7262508969926283
101,0.9921912714462784
102,0.6441646552286515
103,0.49690782177571924
104,0.4943375301715702
105,0.42294344053754324
106,0.6100202231065301
107,0.4909974558027269
108,0.30750212016439427
109,0.42292386978928825
110,0.3128775523517516
111,0.7541457368386718
112,0.21976645573749104
113,0.21249266096940442
114,0.10585165372822755
115,0.6339617718050753
116,0.6447778720073064
117,0.44900515363037385
118,0.41430621697436226
119,0.4675451758105552
120,0.05175810555156893
121,0.6261269489203471
122,0.31642638136864765
123,0.14466697110052842
124,0.5111031378433035
125,0.3230673886098245
126,0.9139017548437602
127,0.8734229238697893
128,0.27839389392654446
129,0.9254028312349143
130,0.9173788244503881
131,0.9329440928958184
132,0.9946245678126427
133,0.8533368125774676
134,0.7252788831626329
135,0.3744340791962946
136,0.31768543283971556
137,0.1982451562398069
138,0.036812577467545175
139,0.25473938286907166
140,0.7274642833844348
141,0.4915911018331267
142,0.694859416791702
143,0.11647204644790919
144,0.5123687128971232
145,0.37483201774414504
146,0.43514906386587515
147,0.7975732272163872
148,0.5261987083306152
149,0.9484506490964838
150,0.9478961445625937
151,0.3006588818579164
152,0.589144758301259
153,0.5179789940635398
154,0.21176201970121988
155,0.3806967186378759
156,0.5724052449605324
157,0.6880227020679758
158,0.9468849892360883
159,0.48378889686215676
160,0.52570291604149
161,0.7965555483071304
162,0.887370343792811
163,0.5068562854719812
164,0.7296562071889882
165,0.7613021071172288
166,0.9617130928305826
167,0.8348359318937961
168,0.17962685106660578
169,0.03204383847609107
170,0.017992041229042993
171,0.8256833452932351
172,0.45524169874094855
173,0.11791375823602322
174,0.795785765542436
175,0.406490964837889
176,0.4792289125187553
177,0.8417574531932938
178,0.06377454498010307
179,0.2858438254289256
180,0.1924130732598343
181,0.21459325461543477
182,0.2725618109465719
183,0.6841411703307456
184,0.4906451823341379
185,0.4664296431600235
186,0.5887011546741471
187,0.1552221279926936
188,0.6736969143453585
189,0.3407006327875269
190,0.5944223367473417
191,0.4468849892360885
192,0.39790592993672125
193,0.8967447322069281
194,0.8163024332963664
195,0.6778589601409094
196,0.8593972209537479
197,0.2493378563507078
198,0.513960467088525
199,0.4511383651901625
200,0.5495727053297671
201,0.2950681714397547
202,0.4447452540935482
203,0.5526322656402897
204,0.6009393959162371
205,0.5404657838084677
206,0.20696066279600756
207,0.3581120751516733
208,0.1509491812903647
209,0.08103594494096159
210,0.46996542501141625
211,0.7896666449213908
212,0.5775132102550721
213,0.717750668667232
214,0.15996477265314113
215,0.17626720594950748
216,0.9
217,0.3040511448887729
218,0.44009393959162374
219,0.16753212864505188
220,0.3002870376410725
221,0.32060799791245354
222,0.036532063409224345
223,0.1952899732533107
224,0.9349468328005741
225,0.9385935155587448
226,0.4846239154543675
227,0.3977297932024268
228,0.13801944027659993
229,0.5303738012916694
230,0.30561680474916825
231,0.5946310913953944
232,0.4680996803444451
233,0.5611194468001828
234,0.6101441711788114
235,0.6868615043381826
236,0.5009654902472438
237,0.13737360558418685
238,0.9668210581251224
239,0.46177832865809904
240,0.6627699132363494
241,0.8828234066149129
242,0.899797768934699
243,0.6598147302498533
244,0.5157870702589863
245,0.8820340531019636
246,0.18213843042598996
247,0.21567290756083243
248,0.023406614912910167
249,0.20653010633439886
250,0.21701676560767177
251,0.7048861634809838
252,0.5662600300084807
253,0.9093026290038488
254,0.8323569704481701
255,0.3906125644203797
256,0.2814143127405571
257,0.30311827255528734
258,0.3859351555874487
259,0.7566051275360428
260,0.5577793724313393
261,0.13914149650988322
262,0.5452019048861635
263,0.5064909648378889
264,0.09927588231456717
265,0.2816034966403549
266,0.49948463696261985
267,0.5531345815121664
268,0.6660904168569379
269,0.6042990410333355
270,0.05143844999673822
271,0.02458085980820667
272,0.13403353121534348
273,0.15607671733315936
274,0.5593189379607281
275,0.3802074499315024
276,0.5747080696718637
277,0.11317763715832736
278,0.3164850936134125
279,0.4562985191467154
280,0.14034183573618633
281,0.8885837301846174
282,0.48023354426250897
283,0.21144888772914086
284,0.04381890534281427
285,0.5350642572901038
286,0.3311957727183769
287,0.35155587448626785
288,0.7710222454171831
289,0.7524952704025051
290,0.5567486463565791
291,0.2585100136995238
292,0.3849696653402048
293,0.17360558418683542
294,0.26224150303346594
295,0.5756083240915911
296,0.5757518429121273
297,0.5452019048861635
298,0.8766651444973581
299,0.508930784787005
300,0.525389784069411
301,0.4694696327222911
302,0.568419335899276
303,0.04805271054863331
304,0.026616217626720597
305,0.5116445952116903
306,0.16778002478961446
307,0.46363102615956686
308,0.06614912910170266
309,0.25115141235566574
310,0.20906778002478962
311,0.21536303738012916
312,0.4441777023941549
313,0.2750016308956879
314,0.8540609302629004
315,0.5710874812446995
316,0.07702394154869854
317,0.7051797247048078
318,0.4329506164785701
319,0.5068171439754714
320,0.030269423967643032
321,0.5219257616282862
322,0.4818024659142801
323,0.3161589144758301
324,0.3404527366429643
325,0.3177637158327353
326,0.03233087611716355
327,0.5661230347706961
328,0.5738339095831431
329,0.3865548959488551
330,0.3654315349990215
331,0.5430882640746298
332,0.15396307652162566
333,0.33804553460760645
334,0.5017874616739514
335,0.2776697762411116
336,0.3027529519211951
337,0.2466566638397808
338,0.5285080566246982
339,0.12540935481766588
340,0.3987018070324222
341,0.5562463304847022
342,0.42018396503359645
343,0.806784526061713
344,0.757453193293757
345,0.564811794637615
346,0.5282993019766457
347,0.5390045012720986
348,0.6007502120164394
349,0.4166351360167004
350,0.4479483332246069
351,0.9151477591493248
352,0.9304129427881792
353,0.5555091656337661
354,0.46162828625481117
355,0.43275490899602065
356,0.5837236610346402
357,0.5871746363102617
358,0.4526583599712962
359,0.6137712831887272
360,0.755346076064975
361,0.6951007893535129
362,0.3561158588296693
363,0.5262508969926283
364,0.15211690260290953
365,0.24257942462000132
366,0.771302759475504
367,0.35672255202557246
368,0.17946376149781462
369,0.8378954922043186
370,0.1499706438776176
371,0.3852958444777872
372,0.5056885641594363
373,0.35792941483462726
374,0.47453193293756935
375,0.1469045599843434
376,0.9430230282471134
377,0.6169417444060278
378,0.8320438384760912
379,0.9260095244308174
380,0.36785178419988257
381,0.6948072281296888
382,0.6882379802987801
383,0.36592732728814664
384,0.4465327157674995
385,0.31514123556657314
386,0.2057016113249397
387,0.40447517776763003
388,0.6666057798943179
389,0.8810228977754584
390,0.22112336094983365
391,0.19200534933785635
392,0.10715637027855698
393,0.03738665274969013
394,0.03716485093613413
395,0.3542925174505839
396,0.3092047752625743
397,0.8495661817470155
398,0.8121273403353122
399,0.6909713614717203
400,0.7038293430752169
401,0.9532324352534411
402,0.9387500815447845
403,0.6415943636245025
404,0.8987279013634288
405,0.8741079000587122
406,0.8690195055124273
407,0.17705003587970514
408,0.4384891382347185
409,0.3088525017939852
410,0.213184160741079
411,0.2937112662274121
412,0.4082327614325788
413,0.5020875464805271
414,0.26238502185400225
415,0.17846565333681258
416,0.6303477069606628
417,0.8106986757127015
418,0.7657903320503621
419,0.40663448365842525
420,0.19767108095766195
421,0.7471720268771609
422,0.15670950486006915
423,0.04594559331985127
424,0.9838280383586666
425,0.48280383586665804
426,0.5139082784265119
427,0.7113314632396113
428,0.3000913301585231
429,0.3199034509752756
430,0.5385282797312284
431,0.8772979320242678
432,0.47570617783286584
433,0.033524691760714986
434,0.5195772718376933
435,0.867329897579751
436,0.8406745384565204
437,0.039223041294278824
438,0.07343597103529258
439,0.4638723987213778
440,0.4846695805336291
441,0.49902798617000454
442,0.6024854850283776
443,0.4324678713549482
444,0.2763846304390371
445,0.5943440537543219
446,0.3085100136995238
447,0.322689020810229
448,0.382249331332768
449,0.48341052906256116
450,0.30251157935938416
451,0.6004892687063735
452,0.9228521103790203
453,0.8911670689542697
454,0.47131580664100725
455,0.26092373931763324
456,0.07725879052775785
457,0.6007502120164394
458,0.32405244960532326
459,0.029597494944223368
460,0.10882640746297867
461,0.5652162567682172
462,0.7361732663578838
463,0.5602387631287103
464,0.283671472372627
465,0.275203861960989
466,0.08151869006458347
467,0.25082523321808337
468,0.5052253897840694
469,0.5490638658751387
470,0.39536825624633054
471,0.5686085197990738
472,0.29315023811077046
473,0.20694109204775263
474,0.4121403875008155
475,0.7140844151608063
476,0.32560506230021535
477,0.7579033205036206
478,0.5334333616021919
479,0.7314240981146846
480,0.7144693065431535
481,0.30037836779959554
482,0.4142735990606041
483,0.8435253441189902
484,0.35256702981277316
485,0.41724182921260355
486,0.20299432448300608
487,0.47867440798486527
488,0.6227542566377454
489,0.4257551047035032
490,0.6439167590840891
491,0.4949964120294866
492,0.7640615826211755
493,0.35005545045338904
494,0.3064518233413791
495,0.10422728162306738
496,0.048848587644334265
497,0.5780220497097005
498,0.5681453454237066
499,0.22884075934503229
500,0.658803574923348
501,0.5745319329375693
502,0.4179528997325331
503,0.7504533890012395
504,0.6247830908735078
505,0.5314893339422011
506,0.544379933459456
507,0.32717724574336227
508,0.7180964185530694
509,0.47324678713549484
510,0.57936590775654
511,0.32987148541979255
512,0.7057733707352077
513,0.8578250375106008
514,0.5058125122317176
515,0.5117685432839716
516,0.02889947158979712
517,0.4306738860982452
518,0.005062300215278231
519,0.044471263617979
520,0.9380390110248548
521,0.8541653075869268
522,0.4925892099941288
523,0.5712244764824842
524,0.146708852501794
525,0.5445625937765021
526,0.5308565464152913
527,0.5658359971296235
528,0.8249527040250505
529,0.5364537804162045
530,0.33340726727118536
531,0.3372300867636506
532,0.6340074368843369
533,0.4498597429708396
534,0.48043577532781007
535,0.8497162241503033
536,0.39714267075477855
537,0.4365842520712375
538,0.8839846043447062
539,0.8870963533172419
540,0.7460173527301194
541,0.6646682758170788
542,0.4953291147498206
543,0.09112792745775981
544,0.7188792484832671
545,0.8382021005936461
546,0.08607215082523323
547,0.6509100397938549
548,0.7207710874812447
549,0.20414899863004762
550,0.6544132037314893
551,0.34847021984473875
552,0.3315937112662274
553,0.19703176984800053
554,0.19690782177571922
555,0.3087481244699589
556,0.30990932219975215
557,0.6010568204057669
558,0.4181290364668276
559,0.1226498793137191
560,0.38277121795289976
561,0.44518233413790853
562,0.5872724900515363
563,0.5027203340074369
564,0.3238567421227739
565,0.3712049057342293
566,0.013171113575575707
567,0.9020614521495206
568,0.48981016374192704
569,0.27308369756670364
570,0.4986170004566508
571,0.4309739709048209
572,0.15985387174636312
573,0.18277121795289974
574,0.18260160480135693
575,0.22749037771544134
576,0.9841868354100072
577,0.2953813034118338
578,0.5411964250766521
579,0.42281949246526196
580,0.20808271902929087
581,0.2077239219779503
582,0.6013829995433493
583,0.929290886554896
584,0.2409093874355796
585,0.06613608193619937
586,0.9613869136930002
587,0.6148868158392589
588,0.03432709243916759
589,0.04113118924913563
590,0.09998042925174506
591,0.8675060343140453
592,0.852071237523648
593,0.5788962097984214
594,0.5612694892034705
595,0.7328723334855504
596,0.24811794637614978
597,0.46001696131515424
598,0.29589014286646226
599,0.2349468328005741
600,0.24980103072607476
601,0.31970774349272624
602,0.2809707091134451
603,0.24747863526648836
604,0.8714397547132887
605,0.2783547524300346
606,0.3010372496575119
607,0.520542762084937
608,0.12747733054993804
609,0.9637288799008417
610,0.3661099876051928
611,0.5199947811337987
612,0.5525474590645182
613,0.1381303411833779
614,0.9804227281623068
615,0.6498597429708396
616,0.19960858503490117
617,0.04148998630047623
618,0.17399047556918262
619,0.1248744210320308
620,0.7790919172809707
621,0.4845521560440994
622,0.028025311501076393
623,0.47025246265248877
624,0.042977363167851786
625,0.17530823928501532
626,0.45294539761236874
627,0.43147628677669775
628,0.29365907756539894
629,0.11436492921912714
630,0.044138560897644986
631,0.8091525866005611
632,0.7742057537999869
633,0.920692804488225
634,0.5543349207384696
635,0.3047948333224607
636,0.5961771805075348
637,0.2672320438384761
638,0.572372627046774
639,0.8992563115663122
640,0.5976384630439038
641,0.27202035357818516
642,0.3033987866136082
643,0.3584447778720073
644,0.5423510992236936
645,0.19015591362776438
646,0.7178028573292452
647,0.02176267205949508
648,0.436649487898754
649,0.4662013177637159
650,0.03736708200143519
651,0.11037249657511906
652,0.452293039337204
653,0.5811598930132429
654,0.4344184225976907
655,0.03444777872007307
656,0.02655098179920412
657,0.10135038162959098
658,0.5841737882445038
659,0.4498793137190945
660,0.45308239285015334
661,0.465718572640094
662,0.5612629656207189
663,0.9278230804357753
664,0.7770435122969536
665,0.3365059690782178
666,0.5184225976906517
667,0.6686346141300803
668,0.42544849631417575
669,0.3989301324287299
670,0.21134451040511448
671,0.9166677539304586
672,0.8282014482353708
673,0.7613803901102486
674,0.11811598930132429
675,0.4876508578511318
676,0.30442951268836843
677,0.47294670232891906
678,0.5645899928240591
679,0.7855372170395981
680,0.5298062495922761
681,0.08182529845391089
682,0.6387109400482746
683,0.24871811598930135
684,0.44033531215343474
685,0.5146911083567095
686,0.4949507469502251
687,0.5975667036336356
688,0.7818905342814275
689,0.46512492660969407
690,0.9396307652162568
691,0.5583991127927458
692,0.5728488485876444
693,0.8359384173788245
694,0.09975862743818906
695,0.10703894578902734
696,0.5756800835018592
697,0.415865353252006
698,0.5363233087611716
699,0.07685432839715572
700,0.4804096809968035
701,0.3749103007371649
702,0.6715571792028182
703,0.21855306934568466
704,0.03743884141170331
705,0.3539500293561224
706,0.5384826146519669
707,0.5491030073716485
708,0.6544980103072607
709,0.12979972600952444
710,0.0754974231848131
711,0.22124078543936335
712,0.19611194468001827
713,0.28278426511840304
714,0.5145736838671798
715,0.6082523321808337
716,0.37337725879052774
717,0.4540739774284037
718,0.0994194011351034
719,0.18791180116119774
720,0.3278165568530237
721,0.877200078282993
722,0.8494683280057409
723,0.45612238241242087
724,0.3765999086698415
725,0.3834757648900777
726,0.6882445038815317
727,0.14075934503229173
728,0.375869267401657
729,0.5944223367473417
730,0.9512884075934505
731,0.6262182790788702
732,0.6379542044490835
733,0.5027464283384435
734,0.8222584643486203
735,0.7962358927522997
736,0.6188727249005153
737,0.2583273533824777
738,0.1688629395263879
739,0.4837432317828952
740,0.5129427881792681
741,0.7939330680409682
742,0.4394676756474656
743,0.39038423902407204
744,0.4765868615043382
745,0.1227738273860004
746,0.7635462195837954
747,0.8500945919498988
748,0.8551699393306804
749,0.6563376606432252
750,0.22901037249657513
751,0.10189836258072935
752,0.5011742448952965
753,0.5169874094852893
754,0.5954791571531085
755,0.26089764498662665
756,0.25497423184813106
757,0.7140257029160414
758,0.5726139996085851
759,0.524261204253376
760,0.9973318546545763
761,0.375647465588101
762,0.540420118729206
763,0.7719420705851654
764,0.9252919303281363
765,0.7914606301780938
766,0.601793985256703
767,0.5597886359188466
768,0.053754321873572965
769,0.10141561745710745
770,0.7436362450257682
771,0.11118142083632332
772,0.33589927588231455
773,0.1346989366560115
774,0.5494226629264792
775,0.3572574858112075
776,0.4592341313849566
777,0.4959097136147172
778,0.34568465000978543
779,0.3808859025376737
780,0.9526648835540479
781,0.4619740361406484
782,0.34700241372561813
783,0.5915584839193686
784,0.5005936460303999
785,0.21382347185074044
786,0.43777806771478894
787,0.0985191467153761
788,0.3954987279013635
789,0.1955182986496184
790,0.8555091656337661
791,0.7776697762411117
792,0.8124861373866528
793,0.5956618174701546
794,0.5030399895622676
795,0.3142279339813425
796,0.3466175223432709
797,0.2872529193032814
798,0.26607736969143453
799,0.6161915323895883
800,0.8205492856676886
801,0.2018657446669711
802,0.24180964185530696
803,0.8972405244960532
804,0.4142475047295975
805,0.18678974492791445
806,0.8743101311240133
807,0.5847413399438971
808,0.48957531476286775
809,0.9126035618761825
810,0.09403744536499446
811,0.2592015134711984
812,0.89611846826277
813,0.6842259769065171
814,0.8712310000652359
815,0.4845978211233609
816,0.5115271707221606
817,0.646467479939983
818,0.3633831300150042
819,0.29982386326570554
820,0.5094004827451236
821,0.29666644921390833
822,0.25941679170200277
823,0.9387305107965295
824,0.144803966338313
825,0.9165372822754256
826,0.3969273925239742
827,0.8790462522017093
828,0.5581642638136864
829,0.6861373866527497
830,0.6307391219257616
831,0.658855763585361
832,0.3904690455998434
833,0.48347576489007765
834,0.5215995824907039
835,0.14036140648444126
836,0.22499184552156043
837,0.5895231261008547
838,0.5295192119512036
839,0.060095244308174055
840,0.6714528018787917
841,0.4548307130275948
842,0.591884663056951
843,0.31703959814730254
844,0.561132493965686
845,0.3381760062626395
846,0.5080631482810359
847,0.31129232174310134
848,0.08708330615173854
849,0.2881596973057603
850,0.6870245939069737
851,0.4537151803770631
852,0.4519016243721052
853,0.11185987344249462
854,0.8653728227542568
855,0.3112336094983365
856,0.8505121012460043
857,0.8694826798877944
858,0.6365255398264726
859,0.5115532650531671
860,0.21180768478048145
861,0.13181551307978343
862,0.39471589797116574
863,0.08517189640550589
864,0.2844021136408115
865,0.534561941418227
866,0.8357035683997651
867,0.18615695740100466
868,0.8768282340661492
869,0.7442168438906647
870,0.38838149911931635
871,0.5713484245547654
872,0.3965816426381369
873,0.1731489333942201
874,0.6232370017613673
875,0.5612825363689739
876,0.28768347576489006
877,0.09976515102094069
878,0.4983103920673234
879,0.5032226498793138
880,0.4987409485289321
881,0.15202557244438647
882,0.4299106269163025
883,0.07132885380651054
884,0.11698088590253766
885,0.5289908017483201
886,0.512055580925044
887,0.23171765933850869
888,0.4795942331528475
889,0.6118729206079979
890,0.19535520908082718
891,0.5865027072868421
892,0.5196229369169548
893,0.5012851458020745
894,0.4082588557635854
895,0.5037119185856873
896,0.8619283710613869
897,0.46653402048404985
898,0.7716158914475831
899,0.20333355078609175
900,0.6103724965751192
901,0.11981212081675258
902,0.4173853480331398
903,0.5183899797768935
904,0.7239872137778068
905,0.5370800443603627
906,0.6221018983625808
907,0.3325200600169614
908,0.6500684976188923
909,0.3398460434470611
910,0.09222388936003653
911,0.2840106986757127
912,0.13028899471589797
913,0.7537543218735729
914,0.2819688172744471
915,0.5408245808598082
916,0.9160023484897906
917,0.4922956487703047
918,0.4208167525605062
919,0.8854589340465784
920,0.581564355143845
921,0.5987018070324222
922,0.8789157805466762
923,0.9364081153369431
924,0.877552351751582
925,0.0269489203470546
926,0.613497292713158
927,0.9021984473873051
928,0.39346989366560114
929,0.783580142214104
930,0.5833061517385348
931,0.7990149390045014
932,0.8223758888381499
933,0.3554504533890012
934,0.2466827581707874
935,0.26954791571531084
936,0.28922956487703044
937,0.4433231130536891
938,0.49377650205492857
939,0.16135429577924196
940,0.26018657446669713
941,0.19119316328527627
942,0.6870115467414705
943,0.37733054993802595
944,0.459651640681062
945,0.27974427555613546
946,0.4980624959227608
947,0.26153043251353647
948,0.6632983234392329
949,0.5334268380194402
950,0.36918911866397025
951,0.5969469632722292
952,0.045397612368712904
953,0.461908800313132
954,0.633563833257225
955,0.08199491160545372
956,0.4841803118272555
957,0.5168960793267663
958,0.15528084023745842
959,0.2357753278100333
960,0.6220953747798291
961,0.48397808076195453
962,0.3356579033205036
963,0.4861373866527497
964,0.503940243981995
965,0.2748385413268967
966,0.7621632200404462
967,0.776091069215213
968,0.5265118403026943
969,0.2712310000652358
970,0.5256898688759867
971,0.4631091395394351
972,0.45734229238697893
973,0.14437993345945593
974,0.899817339682954
975,0.6841085524169874
976,0.6020027399047558
977,0.7254745906451824
978,0.6478113379868223
979,0.13111096614260553
980,0.08635918846630569
981,0.1737034379281101
982,0.54411899014939
983,0.7194989888446736
984,0.6092634875073389
985,0.3937047426446605
986,0.7136408115336943
987,0.8655032944092896
988,0.5593972209537478
989,0.14750472959749494
990,0.8608519799073652
991,0.21253832604866593
992,0.53631678517842
993,0.12532454824189446
994,0.284245547654772
995,0.41696131515428275
996,0.02319786026485746
997,0.34447778720073063
998,0.3859677735012069
999,0.9352534411899015
1000,0.4953943505773371
1001,0.2724509100397939
1002,0.5022441124665666
1003,0.5105290625611585
1004,0.4808271902929089
1005,0.5566116511187944
1006,0.5139343727575184
1007,0.5359318937960728
1008,0.35143844999673823
1009,0.06253506425729011
1010,0.36484441255137323
1011,0.571413660382282
1012,0.10602779046252202
1013,0.37612368712897126
1014,0.8363494030921783
1015,0.24090938743557963
1016,0.360336616869985
1017,0.827699132363494
1018,0.4322264987931372
1019,0.5800247896144562
1020,0.22516145867310328
1021,0.6005610281166417
1022,0.43073259834301003
1023,0.7271511514123556
1024,0.22396764302955183
1025,0.41576749951073133
1026,0.5593646030399896
1027,0.17727183769326116
1028,0.22445691173592539
1029,0.5319198904038098
1030,0.8522082327614326
1031,0.34005479809511385
1032,0.48153173723008674
1033,0.6355535259964773
1034,0.5973644725683345
1035,0.31030073716485096
1036,0.3381238176006263
1037,0.9907821775719226
1038,0.6363363559266749
1039,0.17790462522017092
1040,0.08437601930980494
1041,0.3894513666905865
1042,0.9377911148802923
1043,0.27230739121925757
1044,0.13411181420836324
1045,0.26091069215213
1046,0.8425859482027529
1047,0.5299628155783156
1048,0.2961706569247831
1049,0.3871420183965033
1050,0.3714788962097984
1051,0.8253310718246462
1052,0.4361732663578838
1053,0.5287429056037576
1054,0.049885837301846175
1055,0.09981733968295389
1056,0.16308304520842848
1057,0.1363037380129167
1058,0.5100854589340466
1059,0.8163024332963664
1060,0.5336225455019897
1061,0.5909648378889686
1062,0.5833974818970579
1063,0.21915976254158784
1064,0.48451953813034115
1065,0.8795942331528477
1066,0.5000782829930198
1067,0.5080435775327811
1068,0.16143910235501338
1069,0.30060016961315156
1070,0.5563833257224868
1071,0.8577532781003328
1072,0.6574858112075151
1073,0.3803933720399243
1074,0.24609563572313917
1075,0.7452801878791833
1076,0.1230804357753278
1077,0.1192249983691043
1078,0.15778589601409093
1079,0.37832213451627633
1080,0.15796855633113707
1081,0.7953552090808272
1082,0.5676495531345815
1083,0.8474068758562202
1084,0.3762606823667558
1085,0.08731163154804619
1086,0.2904559984343401
1087,0.6975471328853807
1088,0.5550851327549089
1089,0.39538782699458547
1090,0.21925109270011092
1091,0.5354621958379542
1092,0.5678713549481375
1093,0.49879313719094526
1094,0.5203535781851393
1095,0.6766977624111162
1096,0.48556983495335637
1097,0.6226107378172092
1098,0.14682627699132364
1099,0.8763193946115206
1100,0.34445169286972405
1101,0.8313001500424033
1102,0.19905408050101114
1103,0.6363363559266749
1104,0.18803574923347902
1105,0.27562789483984607
1106,0.12397416661230348
1107,0.22154739382869074
1108,0.5185334985974297
1109,0.586796268510666
1110,0.09260225715963208
1111,0.14995107312936265
1112,0.232859286320047
1113,0.8711983821514777
1114,0.031763324417770245
1115,0.6777676299823864
1116,0.18947093743884144
1117,0.2245612890599517
1118,0.18209276534672847
1119,0.4760323569704482
1120,0.26468132298258207
1121,0.17195511775066868
1122,0.30298780090025446
1123,0.4931437145280188
1124,0.30048926870637355
1125,0.411390175484376
1126,0.5448365842520713
1127,0.37123752364798746
1128,0.46300476221540865
1129,0.49382869071694174
1130,0.5913366821058125
1131,0.40361406484441253
1132,0.29663383130015003
1133,0.47187031117489725
1134,0.8972405244960532
1135,0.9906321351686347
1136,0.18538717463631024
1137,0.865588100985061
1138,0.15659860395329114
1139,0.9049057342292387
1140,0.8932546154347968
1141,0.07658033792158654
1142,0.154308826407463
1143,0.14578250375106008
1144,0.6622936916954791
1145,0.6457237915062952
1146,0.6722421553917411
1147,0.6275882314567159
1148,0.2733642116250245
1149,0.49048209276534677
1150,0.4797899406353969
1151,0.29044295126883685
1152,0.16980885902537673
1153,0.2537738926218279
1154,0.9288864244242939
1155,0.8848261465196686
1156,0.8472503098701808
1157,0.7237458412159959
1158,0.24827451236218934
1159,0.7999021462587252
1160,0.2520451431926414
1161,0.4898427816556853
1162,0.19285015330419464
1163,0.9318089894970317
1164,0.1343140452736643
1165,0.942325004892687
1166,0.21526518363885447
1167,0.6857003066083893
1168,0.8917802857329246
1169,0.1790919172809707
1170,0.4736447256833453
1171,0.5905408050101116
1172,0.7080892426120425
1173,0.5136016700371844
1174,0.5202948659403744
1175,0.5843042598995368
1176,0.4361341248613739
1177,0.5860460564942267
1178,0.42692282601604803
1179,0.46128905995172553
1180,0.5333616021919237
1181,0.1297410137647596
1182,0.5822689020810229
1183,0.9379346337008285
1184,0.7918455215604411
1185,0.28607867440798485
1186,0.05400221801813555
1187,0.32994324483006066
1188,0.6508382803835866
1189,0.30949833648639835
1190,0.3274120947224216
1191,0.8587513862613347
1192,0.41187292060799796
1193,0.3209341770500359
1194,0.48323439232826676
1195,0.6800247896144563
1196,0.596653402048405
1197,0.630934829408311
1198,0.09256963924587383
1199,0.39682301519994784
1200,0.3959488551112271
1201,0.5295257355339553
1202,0.5709374388414117
1203,0.9433492073846957
1204,0.3226759736447257
1205,0.25291930328136214
1206,0.5877617587579099
1207,0.1754582816883032
1208,0.9823341379085395
1209,0.3437536695152978
1210,0.5771152717072217
1211,0.44220758040315744
1212,0.7102746428338444
1213,0.38940570161132493
1214,0.38928175353904365
1215,0.24918781394741993
1216,0.36811272750994845
1217,0.6090938743557962
1218,0.49738730510796536
1219,0.6228912518755301
1220,0.8877226172614
1221,0.6497618892295649
1222,0.5076586861504339
1223,0.47758496966534025
1224,0.5979255006849762
1225,0.1969012981929676
1226,0.5143779763846305
1227,0.2970709113445104
1228,0.49478765738143393
1229,0.16911735925370214
1230,0.8072868419335899
1231,0.29833648639833
1232,0.25963859351555874
1233,0.6620849370474264
1234,0.5143910235501338
1235,0.3938025963859351
1236,0.9855176462913432
1237,0.5786091721573489
1238,0.9993215473938287
1239,0.8753799986952835
1240,0.4580664100724118
1241,0.8762541587840043
1242,0.6199295453062823
1243,0.9043251353643421
1244,0.48333224606954145
1245,0.5120686280905473
1246,0.3413856089764499
1247,0.29287624763520126
1248,0.5982125383260486
1249,0.33721051601539564
1250,0.7047948333224606
1251,0.3249983691043121
1252,0.9957270532976711
1253,0.4397025246265249
1254,0.44539108878596123
1255,0.2961771805075347
1256,0.2981473024985322
1257,0.33261139017548436
1258,0.8762672059495075
1259,0.36922826016048016
1260,0.13785635070780874
1261,0.4694565855567878
1262,0.4141039859090613
1263,0.5374910300737166
1264,0.49596842585948203
1265,0.36056494226629265
1266,0.9452019048861635
1267,0.31677213125448495
1268,0.3574010046317438
1269,0.5802465914280123
1270,0.22612694892034704
1271,0.271857264009394
1272,0.4364407332507013
1273,0.6195250831756801
1274,0.4812577467545176
1275,0.6805988648966012
1276,0.14472568334529323
1277,0.3787331202296302
1278,0.531417574531933
1279,0.5400287037641073
1280,0.5584056363754974
1281,0.8422597690651706
1282,0.8738860982451562
1283,0.535540478830974
1284,0.666344836584252
1285,0.4289059951725488
1286,0.6905473285928633
1287,0.9667949637941158
1288,0.993398134255333
1289,0.43551438449996743
1290,0.9501076391154022
1291,0.998910561680475
1292,0.8211233609498336
1293,0.7377193554700242
1294,0.3070258986235241
1295,0.24697631939461154
1296,0.6073064126818448
1297,0.3170395981473025
1298,0.3033335507860917
1299,0.5371778981016374
1300,0.5826146519668601
1301,0.4852045143192642
1302,0.0798095113836519
1303,0.37388609824515623
1304,0.9913171113575576
1305,0.45243003457498865
1306,0.9994128775523518
1307,0.26986757127014155
1308,0.9480396633831301
1309,0.8659860395329115
1310,0.282471133146324
1311,0.3138756605127536
1312,0.24207710874812446
1313,0.27072868419335905
1314,0.27072868419335905
1315,0.4865483723661035
1316,0.6949442233674735
1317,0.9397286189575315
1318,0.3936134124861374
1319,0.3575706177832866
1320,0.4098832278687455
1321,0.45516993933068045
1322,0.15653336812577467
1323,0.8638136864766129
1324,0.37128971231000063
1325,0.38224933133276795
1326,0.3591688955574402
1327,0.5163546219583796
1328,0.2043968947746102
1329,0.2346728423250049
1330,0.13132624437340987
1331,0.14440602779046252
1332,0.9549481375171245
1333,0.9596385935155588
1334,0.9951529780155262
1335,0.23444451692869725
1336,0.3281557831561093
1337,0.38523060865027076
1338,0.41533041946637095
1339,0.20202231065301063
1340,0.8776110639963468
1341,0.43663644073325075
1342,0.5434274903777154
1343,0.9415226042142344
1344,0.34695022506360496
1345,0.08784656533368126
1346,0.3547785243655816
1347,0.23853480331398003
1348,0.46022571596320705
1349,0.21081610020223104
1350,0.8626003000848066
1351,0.4346010829147368
1352,0.4391414965098832
1353,0.20309217822428077
1354,0.36395068171439754
1355,0.8188009654902473
1356,0.3433753017157023
1357,0.5401917933328985
1358,0.48263422271511514
1359,0.26507926153043254
1360,0.49349598799660777
1361,0.3504990540805011
1362,0.9192771870311175
1363,0.9292256507273795
1364,0.1311501076391154
1365,0.5590710418161655
1366,0.15747276404201188
1367,0.7836845195381303
1368,0.718213843042599
1369,0.3384826146519669
1370,0.3909974558027269
1371,0.42305434144432125
1372,0.5813099354165308
1373,0.9118403026942398
1374,0.9950355535259965
1375,0.22337399699915195
1376,0.7398721377780677
1377,0.8144823537086568
1378,0.45094918129036465
1379,0.8713092830582557
1380,0.3202231065301063
1381,0.51623719746885
1382,0.36815839258921
1383,0.08010307260747603
1384,0.8870963533172419
1385,0.5623589275229957
1386,0.5999543349207385
1387,0.14245547654772
1388,0.3527888316263291
1389,0.14555417835475246
1390,0.39110835670950483
1391,0.18063800639311112
1392,0.19347641724835282
1393,0.0377976384630439
1394,0.9943375301715702
1395,0.5003783677995955
1396,0.4209798421292974
1397,0.8841476939134973
1398,0.7085850349011676
1399,0.5128840759345032
1400,0.5966468784656533
1401,0.363591884663057
1402,0.3513927849174767
1403,0.5539826472698806
1404,0.5844477787200731
1405,0.5440668014873768
1406,0.49355470024137255
1407,0.48523060865027073
1408,0.3101311240133081
1409,0.4259638593515559
1410,0.5782699458542633
1411,0.9942331528475439
1412,0.6255202557244439
1413,0.1446669711005284
1414,0.4413660382281949
1415,0.6113640811533694
1416,0.9411442364146388
1417,0.19288929480070455
1418,0.6841085524169874
1419,0.4410724770043708
1420,0.2615924065496771
1421,0.8999347641724836
1422,0.5083501859221085
1423,0.5345684650009785
1424,0.5622480266162178
1425,0.6441450844803966
1426,0.22086894122251943
1427,0.12092765346728424
1428,0.5549416139343728
1429,0.5467675647465589
1430,0.44340139604670886
1431,0.5726922826016048
1432,0.8555613542957793
1433,0.5337921586535326
1434,0.5835083828038359
1435,0.8493117620197013
1436,0.19594885511122706
1437,0.8777350120686281
1438,0.7789027333811729
1439,0.8286841933589928
1440,0.5153956552938875
1441,0.0654511057472764
1442,0.3292843629721443
1443,0.6730967447322069
1444,0.7550198969273927
1445,0.4714462782960402
1446,0.29416139343727576
1447,0.9031639376345489
1448,0.7786744079848654
1449,0.5680540152651836
1450,0.3647596059756018
1451,0.1497357948985583
1452,0.3617000456650793
1453,0.44903777154413205
1454,0.8517907234653271
1455,0.44139865614195317
1456,0.47743492726205233
1457,0.2650270728684193
1458,0.8292256507273796
1459,0.6512427425141889
1460,0.035351294931176204
1461,0.40240720203535785
1462,0.36320046969795816
1463,0.3952182138430426
1464,0.8330354230543415
1465,0.6002283253963077
1466,0.3753343336160219
1467,0.5757061778328658
1468,0.898910561680475
1469,0.4300802400678453
1470,0.5554830713027594
1471,0.7581968817274447
1472,0.32522017091786815
1473,0.10377715441320373
1474,0.9955182986496185
1475,0.45621371257094395
1476,0.48754648052710553
1477,0.16295257355339554
1478,0.4372822754256638
1479,0.1130602126687977
1480,0.6422075804031575
1481,0.5010568204057668
1482,0.5929023419662078
1483,0.5211103137843304
1484,0.2723856742122774
1485,0.7062104507795682
1486,0.3425729010372497
1487,0.19000587122447649
1488,0.6211820731945984
1489,0.3560440994194012
1490,0.33065431534999024
1491,0.24570422075804033
1492,0.5550198969273925
1493,0.7270728684193358
1494,0.7488485876443343
1495,0.4761823993737361
1496,0.37562789483984604
1497,0.5236806053884794
1498,0.896412029486594
1499,0.539037119185857
1500,0.3291865092308696
1501,0.25699001891838996
1502,0.4968164916171962
1503,0.9058581773109793
1504,0.5176854328397156
1505,0.6275947550394677
1506,0.6895948855111227
1507,0.14918781394741992
1508,0.6912714462782961
1509,0.10051536303738012
1510,0.33899145410659537
1511,0.49779502902994327
1512,0.90336616869985
1513,0.8903320503620588
1514,0.1959358079457238
1515,0.17627372953225914
1516,0.2852827973122839
1517,0.9285732924522149
1518,0.5246330484702199
1519,0.7053950029356123
1520,0.32776436819101057
1521,0.16078674407984866
1522,0.7435253441189902
1523,0.2728879900841542
1524,0.40129819296757785
1525,0.554015265183639
1526,0.7890534281427359
1527,0.279992171700698
1528,0.5340335312153435
1529,0.5257681518690065
1530,0.5544588688107509
1531,0.19986952834496705
1532,0.15884271641985778
1533,0.19337203992432644
1534,0.7343531867701742
1535,0.5279861700045665
1536,0.1952182138430426
1537,0.26864766129558354
1538,0.1984408637223563
1539,0.8211168373670821
1540,0.8355143844999674
1541,0.9132102550720856
1542,0.7590188531541523
1543,0.37505381955770106
1544,0.8595929284362972
1545,0.32566377454498013
1546,0.14728292778393892
1547,0.25372170395981475
1548,0.34656533368125775
1549,0.5906125644203798
1550,0.541679170200274
1551,0.5154804618696588
1552,0.05948202752951921
1553,0.28940570161132495
1554,0.6076456389849305
1555,0.9191532389588363
1556,0.8679300671929023
1557,0.58324743949377
1558,0.2515297801552613
1559,0.5261073781720921
1560,0.39827777415356513
1561,0.4044164655228652
1562,0.994304912257812
1563,0.30187226824972274
1564,0.23770630830452083
1565,0.7201774414508448
1566,0.06740818057277057
1567,0.27052645312805795
1568,0.20472959749494424
1569,0.41263617978994066
1570,0.097207906582295
1571,0.9941157283580143
1572,0.29218474786352666
1573,0.46883684519538127
1574,0.6972731424098115
1575,0.3469176071498467
1576,0.5406745384565202
1577,0.4344053754321874
1578,0.6269163024332964
1579,0.6212342618566117
1580,0.5401200339226303
1581,0.6208167525605063
1582,0.2786809315676169
1583,0.15866005610281167
1584,0.6076456389849305
1585,0.24171178811403224
1586,0.20110900906778004
1587,0.18673755626590122
1588,0.9252854067453845
1589,0.39649683606236547
1590,0.4636049318285603
1591,0.9437080044360363
1592,0.6165699001891839
1593,0.32753604279470283
1594,0.9239741666123036
1595,0.9223758888381499
1596,0.5850479483332246
1597,0.5668993411181422
1598,0.3541783547524301
1599,0.5647139408963403
1600,0.3890664753082393
1601,0.4026094331006589
1602,0.4240981146845848
1603,0.17988779437667168
1604,0.7226694500619741
1605,0.15590058059886489
1606,0.2625415878400418
1607,0.5956226759736447
1608,0.40119381564355144
1609,0.925350642572901
1610,0.21591754191401918
1611,0.308819883880227
1612,0.4015395655293888
1613,0.44400156565986043
1614,0.9821580011742449
1615,0.4164329049513993
1616,0.23272881466501405
1617,0.5261726139996086
1618,0.8845195381303411
1619,0.3857459716876509
1620,0.3349598799660774
1621,0.060701937504077236
1622,0.8910235501337336
1623,0.32231717659338505
1624,0.7822167134190098
1625,0.14518233413790854
1626,0.22372627046774088
1627,0.9772196490312479
1628,0.5502120164394286
1629,0.31340596255463504
1630,0.4978798356057147
1631,0.721951855959293
1632,0.3902341966207841
1633,0.15258007697827647
1634,0.5496314175745319
1635,0.4690782177571923
1636,0.5135103398786613
1637,0.04691108356709505
1638,0.38057277056559463
1639,0.14824841803118272
1640,0.3090938743557962
1641,0.40399895622675974
1642,0.5382477656729076
1643,0.2642638136864766
1644,0.5934764172483528
1645,0.9918585687259442
1646,0.1615369560962881
1647,0.9527627372953226
1648,0.015141235566573163
1649,0.6784852240850675
1650,0.6357948985582882
1651,0.2358079457237915
1652,0.040054798095113836
1653,0.47035031639376346
1654,0.6335442625089699
1655,0.2752821449540087
1656,0.9518429121273403
1657,0.4092047752625742
1658,0.6017417965946898
1659,0.16939134972927133
1660,0.3584643486202623
1661,0.6672450910039793
1662,0.4941222519407659
1663,0.42625089699262836
1664,0.0879770369887142
1665,0.31191858568725944
1666,0.13618631352338706
1667,0.2870963533172418
1668,0.3691825950812186
1669,0.6271576749951073
1670,0.48486528801617845
1671,0.3067453845652032
1672,0.5702133211559789
1673,0.6353512949311761
1674,0.9958444777872008
1675,0.5428534150955705
1676,0.10195055124274252
1677,0.13630373801291668
1678,0.36752560506230025
1679,0.2800443603627112
1680,0.729734490182008
1681,0.14221410398590906
1682,0.44469306543153503
1683,0.7145475895361733
1684,0.8170526453128057
1685,0.3131711135755757
1686,0.18114032226498794
1687,0.2093091525866006
1688,0.19443538391284496
1689,0.8149455280840239
1690,0.5919042338052058
1691,0.23841085524169875
1692,0.49391349729271317
1693,0.6466109987605193
1694,0.06529453976123688
1695,0.82736642964316
1696,0.2731489333942201
1697,0.556768217104834
1698,0.4710287689999348
1699,0.13362254550198968
1700,0.5028508056624699
1701,0.14578902733381174
1702,0.3122317176593385
1703,0.3659012329571401
1704,0.9491225781199035
1705,0.1063409224346011
1706,0.8220627568660708
1707,0.9993867832213452
1708,0.9713288538065106
1709,0.273762150172875
1710,0.08245808598082066
1711,0.14117685432839716
1712,0.3505316719942592
1713,0.21090090677800247
1714,0.4012720986365712
1715,0.4045012720986366
1716,0.3961249918455216
1717,0.40560375758366496
1718,0.44137908539369825
1719,0.21039859090612564
1720,0.3325722486789745
1721,0.9680018266031706
1722,0.9993019766455737
1723,0.3105421097266619
1724,0.3173788244503882
1725,0.5252984539108878
1726,0.36780611912062106
1727,0.5759279796464218
1728,0.9327549089960206
1729,0.7504012003392263
1730,0.197429708395851
1731,0.23871746363102614
1732,0.9218083371387565
1733,0.9030530367277708
1734,0.6727966599256312
1735,0.5486985452410464
1736,0.6759540739774285
1737,0.46821710483397483
1738,0.5670754778524365
1739,0.47126361797899413
1740,0.3021723530562985
1741,0.26916302433296363
1742,0.028416726466175223
1743,0.022995629199556396
1744,0.4330876117163547
1745,0.9321612629656209
1746,0.8182334137908539
1747,0.5831300150042404
1748,0.17189640550590382
1749,0.9836584252071239
1750,0.32060799791245354
1751,0.7278622219322852
1752,0.7973840433165894
1753,0.35445234522799923
1754,0.41489986300476217
1755,0.14232500489268707
1756,0.35288668536760387
1757,0.35590058059886487
1758,0.29766455737491027
1759,0.26575119055385216
1760,0.35610281166416596
1761,0.3956291995563964
1762,0.14858764433426838
1763,0.6692152129949769
1764,0.23206340922434598
1765,0.6209407006327876
1766,0.31934242285863396
1767,0.31945332376541197
1768,0.6336094983364864
1769,0.9600300084806577
1770,0.8724639572052971
1771,0.008777480592341316
1772,0.22196490312479614
1773,0.20948528932089505
1774,0.4691825950812186
1775,0.31306673625154935
1776,0.3542762084937048
1777,0.3015526126948921
1778,0.37139408963402704
1779,0.4105094918129037
1780,0.3564616087155066
1781,0.43720399243264396
1782,0.4220823276143258
1783,0.5073064126818448
1784,0.18814991193163286
1785,0.18650270728684193
1786,0.3306934568465001
1787,0.5278817926805401
1788,0.4856742122773828
1789,0.4482940831104443
1790,0.12051666775393045
1791,0.06396372887990084
1792,0.5017613673429447
1793,0.4970709113445104
1794,0.40353578185139277
1795,0.4653728227542566
1796,0.13346597951595016
1797,0.8818970578641792
1798,0.4808337138756605
1799,0.09332637484506491
1800,0.1624763520125253
1801,0.6485485028377586
1802,0.46747993998303866
1803,0.7160936786483137
1804,0.63631678517842
1805,0.377754582816883
1806,0.5549872790136343
1807,0.38970578641790077
1808,0.9992302172353057
1809,0.49317633244177705
1810,0.5144171178811403
1811,0.8933198512623133
1812,0.04699589014286646
1813,0.6217300541457368
1814,0.6042142344575641
1815,0.9908669841476939
1816,0.44074629786678843
1817,0.8739643812381761
1818,0.9822558549155197
1819,0.4873181551307978
1820,0.41539565529388744
1821,0.49844086372235635
1822,0.4125057081349077
1823,0.2538978406941092
1824,0.40166351360167
1825,0.3779633374649357
1826,0.4325592015134712
1827,0.4754778524365582
1828,0.4513601670037184
1829,0.4123295714006132
1830,0.09599452019048861
1831,0.4590253767369039
1832,0.1661165111879444
1833,0.5317828951660253
1834,0.022506360493182855
1835,0.01799856481179464
1836,0.8474199230217235
1837,0.6502185400221802
1838,0.5067714788962098
1839,0.45665079261530434
1840,0.5028377584969665
1841,0.18582425468067063
1842,0.9216322004044621
1843,0.6560701937504076
1844,0.06687977036988714
1845,0.7692217365777285
1846,0.5226498793137191
1847,0.1854002218018136
1848,0.6359645117098311
1849,0.09505512427425143
1850,0.27836127601278626
1851,0.08002478961445625
1852,0.666162176267206
1853,0.01776371583273534
1854,0.11604801356905213
1855,0.8415486985452411
1856,0.5160545371518038
1857,0.45385869919759936
1858,0.03133929153891317
1859,0.9295453062822101
1860,0.8654641529127797
1861,0.23955248222323702
1862,0.34404070715637025
1863,0.4988388022702068
1864,0.5123426185661165
1865,0.12717072216061062
1866,0.5594428860330094
1867,0.5935090351621111
1868,0.16605127536042794
1869,0.14450388153173724
1870,0.5390697370996151
1871,0.7602648574597168
1872,0.5685759018853154
1873,0.5141431274055711
1874,0.1088720725422402
1875,0.3467218996672973
1876,0.25309544001565665
1877,0.43542305434144435
1878,0.14826146519668604
1879,0.8568921651771153
1880,0.44845064909648374
1881,0.45747928762476353
1882,0.7219257616282864
1883,0.34833322460695415
1884,0.1327810033270272
1885,0.45907756539891714
1886,0.13062169743623198
1887,0.5221867049383522
1888,0.5834627177245744
1889,0.7963533172418291
1890,0.05976906517059169
1891,0.17209211298845326
1892,0.367492987148542
1893,0.8892034705460239
1894,0.032063409224346015
1895,0.030608650270728687
1896,0.70728684193359
1897,0.5973514254028314
1898,0.18375627894839844
1899,0.3451497162241503
1900,0.5190227673038033
1901,0.3708787265966469
1902,0.6578446082588557
1903,0.01646226107378172
1904,0.45673559919107576
1905,0.12240198316915651
1906,0.9451105747276405
1907,0.1486985452410464
1908,0.4685628547198121
1909,0.3342553330288995
1910,0.4684976188922957
1911,0.5604605649422663
1912,0.8224280775001631
1913,0.0720268771609368
1914,0.9087676952182139
1915,0.721599582490704
1916,0.3520255724443865
1917,0.4370996151086177
1918,0.14757648900776307
1919,0.5910757387957466
1920,0.023674081805727703
1921,0.02084284689151282
1922,0.9097984212929741
1923,0.4641202948659403
1924,0.3361406484441255
1925,0.2575771413660382
1926,0.2892034705460239
1927,0.26702981277317506
1928,0.4494552808402375
1929,0.2642833844347316
1930,0.2000717594102681
1931,0.9606497488420641
1932,0.7528736382021005
1933,0.1603627112009916
1934,0.19605323243525347
1935,0.5696261987083306
1936,0.24631743753669516
1937,0.6076847804814405
1938,0.08984930523843696
1939,0.6915454367538653
1940,0.8830908735077304
1941,0.02819492465261922
1942,0.35477200078283
1943,0.23868484571726795
1944,0.23558614391023552
1945,0.3783156109335247
1946,0.5106464870506883
1947,0.3173788244503882
1948,0.14295779241959683
1949,0.540811533694305
1950,0.26908474133994387
1951,0.43230478178615694
1952,0.512851458020745
1953,0.2537738926218279
1954,0.23627764368191012
1955,0.26273077173983955
1956,0.6329636636440733
1957,0.4940048274512363
1958,0.5066540544066802
1959,0.9992008611129232
1960,0.7734294474525409
1961,0.4612368712897123
1962,0.49198904038097724
1963,0.3730641268184487
1964,0.7656402896470742
1965,0.35599191075738795
1966,0.9306934568465001
1967,0.29793854785047946
1968,0.3142083632330876
1969,0.7359057994650662
1970,0.07183116967838737
1971,0.8579489855828821
1972,0.8408832931045731
1973,0.39705134059625546
1974,0.6104833974818971
1975,0.5673364211625025
1976,0.3272685759018853
1977,0.4138430425989954
1978,0.16234588035749234
1979,0.26510535586143913
1980,0.6108682888642443
1981,0.8975797507991389
1982,0.9992171700698024
1983,0.49288277121795293
1984,0.13396829538782698
1985,0.5303607541261661
1986,0.4442103203079131
1987,0.7953878269945854
1988,0.23970904820927658
1989,0.6453062822101898
1990,0.4815447843955901
1991,0.18422597690651707
1992,0.027405571139669908
1993,0.965092308695936
1994,0.6530106334398852
1995,0.1711853349859743
1996,0.9470611259703829
1997,0.5028834235762281
1998,0.35828821188596777
1999,0.27894839846043445
2000,0.5740296170656924
2001,0.6182007958770956
2002,0.611259703829343
2003,0.2276534672842325
2004,0.9631548046186966
2005,0.4565986039532911
2006,0.020197012199099744
2007,0.2569247830908735
2008,0.18555026420510143
2009,0.33443799334594565
2010,0.15094918129036466
2011,0.14443864570422074
2012,0.7105225389784071
2013,0.918546545762933
2014,0.47810033270272034
2015,0.5286841933589927
2016,0.20118076847804814
2017,0.2800574075282145
2018,0.13177637158327354
2019,0.3126883684519538
2020,0.39162371974688504
2021,0.5838410855241699
2022,0.3905799465066214
2023,0.10445560701937505
2024,0.5641985778589602
2025,0.5354165307586927
2026,0.8376671668080109
2027,0.9943440537543219
2028,0.3076782568986888
2029,0.9027138104246853
2030,0.9043968947746103
2031,0.40894383195250833
2032,0.35182986496183705
2033,0.4480331398003784
2034,0.19702524626524887
2035,0.1735077304455607
2036,0.5308565464152912
2037,0.10031313197207906
2038,0.8103659729923673
2039,0.4728423250048927
2040,0.545156239806902
2041,0.6266162176267206
2042,0.1905081870963533
2043,0.5088133602974754
2044,0.47235957988127086
2045,0.80221801813556
2046,0.9060538847935286
2047,0.4384173788244504
2048,0.27204644790919175
2049,0.8833713875660513
2050,0.9675712701415617
2051,0.27427751321025506
2052,0.43362906908474136
2053,0.5034053101963599
2054,0.7808337138756605
2055,0.9222193228521104
2056,0.5146976319394612
2057,0.5587774805923413
2058,0.596914345358471
2059,0.4063670167656077
2060,0.35780546676234587
2061,0.23310065888185794
2062,0.774668928175354
2063,0.27247700437080047
2064,0.22422206275686607
2065,0.40333355078609173
2066,0.5724509100397939
2067,0.1621632200404462
2068,0.386241763976776
2069,0.2763846304390371
2070,0.43745841215995823
2071,0.49649683606236544
2072,0.4279926935873181
2073,0.5075477852436558
2074,0.5003587970513406
2075,0.1972731424098115
2076,0.25752495270402503
2077,0.20640615826211756
2078,0.4707091134451041
2079,0.40739121925761623
2080,0.30827842651184034
2081,0.40785439363298326
2082,0.6422728162306739
2083,0.8298845325852959
2084,0.292400026094331
2085,0.4924130732598343
2086,0.47331854654576294
2087,0.799575967121143
2088,0.4731424098114685
2089,0.9667101572183444
2090,0.32142996933916107
2091,0.5199230217235304
2092,0.2699001891838998
2093,0.5026616217626722
2094,0.9955378693978733
2095,0.24888120555809254
2096,0.5501337334464087
2097,0.17768282340661493
2098,0.6333616021919237
2099,0.10360754126166091
2100,0.9567877878530889
2101,0.9997977689346988
2102,0.8111618500880683
2103,0.15314762867766976
2104,0.9249722747733056
2105,0.9997586274381891
2106,0.24584773957857656
2107,0.24024398199491165
2108,0.9818513927849175
2109,0.5386848457172679
2110,0.30096549024724384
2111,0.1513993085002283
2112,0.42005349337856357
2113,0.4021723530562985
2114,0.9570683019114098
2115,0.4959227607802205
2116,0.7903059560310524
2117,0.25620718898819234
2118,0.3002935612238241
2119,0.27811990345097526
2120,0.8494161393437276
2121,0.8865614195316067
2122,0.3820471002674669
2123,1.0
2124,0.6957596712114293
2125,0.5107900058712246
2126,0.18055972340009135
2127,0.4953160675843173
2128,0.525461543479679
2129,0.16793006719290235
2130,0.8392458738339097
2131,0.9987181159893014
2132,0.22192576162828626
2133,0.8724965751190554
2134,0.6172679235436102
2135,0.16498793137190948
2136,0.9276143257877225
2137,0.2806119120621045
2138,0.8975732272163873
2139,0.579437667166808
2140,0.6658164263813687
2141,0.3572574858112076
2142,0.3866331789418749
2143,0.3673364211625025
2144,0.6920216582947355
2145,0.1816426381368648
2146,0.9751386261334726
2147,0.3217431013112401
2148,0.3332963663644073
2149,0.5020223106530106
2150,0.8214364929219128
2151,0.5368386717985517
2152,0.08213190684323832
2153,0.6592537021332115
2154,0.9431208819883881
2155,0.5038162959097137
2156,0.16599256311566316
2157,0.49207384695674866
2158,0.08337138756605128
2159,0.7425402831234915
2160,0.4703503163937634
2161,0.45561354295779244
2162,0.4963467936590776
2163,0.8478896209798422
2164,0.9192315219518561
2165,0.5650401200339226
2166,0.22448300606693197
2167,0.2470937438841412
2168,0.21525866005610284
2169,0.5656859547263358
2170,0.9997781981864441
2171,0.26818448692021657
2172,0.15885576358536108
2173,0.40091330158523064
2174,0.4207188988192316
2175,0.5164263813686477
2176,0.9987474721116838
2177,0.47736969143453584
2178,0.2733120229630113
2179,0.4814925957335769
2180,0.34220105682040575
2181,0.3409159110183313
2182,0.388055319981734
2183,0.9225715963206993
2184,0.7307913105877748
2185,0.5201904886163481
2186,0.2323113053689086
2187,0.342011872920608
2188,0.22923217431013113
2189,0.1424098114684585
2190,0.6522604214234458
2191,0.4590188531541523
2192,0.9859612499184552
2193,0.35504599125839914
2194,0.5295061647857003
2195,0.6566246982842977
2196,0.22559853871746366
2197,0.3099615108617653
2198,0.408376280253115
2199,0.3062822101898363
2200,0.6120686280905473
2201,0.5638984930523844
2202,0.5901950551242743
2203,0.4846565333681258
2204,0.8430621697436231
2205,0.07022636832148216
2206,0.39849305238436955
2207,0.3173853480331398
2208,0.3926087807423837
2209,0.45180377063083044
2210,0.2985256702981277
2211,0.3194728945136669
2212,0.8715376084545633
2213,0.38958836192837104
2214,0.921932285211038
2215,0.027901363428795095
2216,0.5275360427947029
2217,0.2578446082588558
2218,0.33015199947811336
2219,0.1529062561158588
2220,0.042918650923086964
2221,0.9823928501533042
2222,0.38919042338052057
2223,0.601369952377846
2224,0.9207776110639964
2225,0.0885576358536108
2226,0.39793854785047944
2227,0.9898558288211886
2228,0.4068497618892296
2229,0.34835931893796074
2230,0.24730249853219388
2231,0.2732859286320047
2232,0.07554308826407463
2233,0.27810033270272033
2234,0.18541326896731686
2235,0.9769782764694371
2236,0.4310457303150891
2237,0.3749429186509231
2238,0.5957792419596843
2239,0.8182921260356187
2240,0.770709113445104
2241,0.12155391741144238
2242,0.9767890925696393
2243,0.5840367930067193
2244,0.24016569900189183
2245,0.7672711853349861
2246,0.549905408050101
2247,0.5167982255854916
2248,0.3776110639963468
2249,0.8547067649553135
2250,0.9333876965229304
2251,0.056096288081414314
2252,0.7478830973970906
2253,0.08195577010894384
2254,0.859579881270794
2255,0.9114423641463892
2256,0.7129754060930263
2257,0.07686085197990736
2258,0.5543023028247113
2259,0.46485745971687653
2260,0.9908180572770565
2261,0.8410790005871225
2262,0.48029225650727375
2263,0.477885054471916
2264,0.0263813686476613
2265,0.20285732924522148
2266,0.2271576749951073
2267,0.18248418031182725
2268,0.23130015004240329
2269,0.24736121077695872
2270,0.9026811925109269
2271,0.9143518820536239
2272,0.27381433883488815
2273,0.33690390762606826
2274,0.5167917020027399
2275,0.5138756605127537
2276,0.3034835931893796
2277,0.9912062104507797
2278,0.14470611259703828
2279,0.14872463957205298
2280,0.3217104833974819
2281,0.5289255659208036
2282,0.4363559266749299
2283,0.9993411181420837
2284,0.5294800704546937
2285,0.2591428012264336
2286,0.9859938678322135
2287,0.0774871159240655
2288,0.4557374910300737
2289,0.180566246982843
2290,0.3263813686476613
2291,0.432728814665014
2292,0.6479874747211168
2293,0.45515689216517713
2294,0.7481570878726597
2295,0.5364211625024463
2296,0.9901428664622611
2297,0.18686802792093418
2298,0.09753408571987736
2299,0.6795942331528476
2300,0.8373931763324418
2301,0.4935807945723792
2302,0.501461282536369
2303,0.536577728488486
2304,0.028716811272750997
2305,0.5730184617391871
2306,0.3857655424359058
2307,0.32138430425989956
2308,0.9928697240524497
2309,0.441568269293496
2310,0.2948202752951921
2311,0.24372757518429122
2312,0.13220692804488227
2313,0.03367473416400287
2314,0.4841998825755105
2315,0.47274447126361796
2316,0.8839193685171897
2317,0.9791310587774806
2318,0.5876051927718703
2319,0.03323765411964251
2320,0.16031704612173006
2321,0.7611846826276991
2322,0.08568073586013439
2323,0.47002413725618114
2324,0.47807423837171376
2325,0.8698414769391349
2326,0.9946506621436494
2327,0.5149846695805336
2328,0.444471263617979
2329,0.8273533824776568
2330,0.6348555026420509
2331,0.49043642768608525
2332,0.9325787722617263
2333,0.2798551764629134
2334,0.12177571922499837
2335,0.10756735599191077
2336,0.4803835866657969
2337,0.9955117750668667
2338,0.3662600300084807
2339,0.35791636766912394
2340,0.988981668732468
2341,0.267806119120621
2342,0.39263487507339034
2343,0.11917933328984279
2344,0.06385282797312283
2345,0.714201839650336
2346,0.1789092569639246
2347,0.9837562789483985
2348,0.6256572509622285
2349,0.9741992302172353
2350,0.6788244503881532
2351,0.16915650075021205
2352,0.9731456716028443
2353,0.8363233087611717
2354,0.8313653858699197
2355,0.5650270728684192
2356,0.701480853284624
2357,0.9882184095505251
2358,0.7591819427229435
2359,0.5276860851979908
2360,0.9653075869267401
2361,0.5457694565855568
2362,0.9833909583143062
2363,0.3755235175158197
2364,0.3933850870898298
2365,0.9732141692217366
2366,0.8890925696392459
2367,0.8523582751647205
2368,0.8590384239024073
2369,0.6598212538326048
2370,0.1983821514775915
2371,0.17930719551177507
2372,0.9453780416204579
2373,0.5063409224346012
2374,0.6635331724182921
2375,0.3858046839324157
2376,0.9442951268836846
2377,0.8920607997912454
2378,0.986245025768152
2379,0.9604736121077695
2380,0.9905081870963532
2381,0.8037445364994455
2382,0.21101833126753217
2383,0.7211298845325853
2384,0.9857720660186574
2385,0.5628481962293692
2386,0.42514841150759997
2387,0.9997390566899341
2388,0.23890664753082397
2389,0.45495466109987603
2390,0.0616087155065562
2391,0.821762672059495
2392,0.636799530302042
2393,0.10148737686737558
2394,0.24730902211494554
2395,0.41060734555417844
2396,0.6167199425924718
2397,0.023426185661165114
2398,0.9913040641920543
2399,0.10997455802726859
2400,0.3675451758105552
2401,0.41664165959945204
2402,0.03437275751842912
2403,0.2866136081936199
2404,0.987187683475765
2405,0.39220431861178157
2406,0.15724443864570423
2407,0.5001435188205362
2408,0.33940243981994916
2409,0.042696849109530956
2410,0.37083958510013704
2411,0.6318350838280383
2412,0.27542566377454497
2413,0.3383456194141823
2414,0.5767303803248744
2415,0.5813621240785439
2416,0.8227868745515038
2417,0.4978015526126949
2418,0.5700306608389328
2419,0.8030726074760259
2420,0.26963272229108226
2421,0.4747276404201187
2422,0.5250570813490769
2423,0.4536760388805532
2424,0.9892882771217953
2425,0.8816100202231066
2426,0.8884532585295845
2427,0.2559397220953748
2428,0.4144627829604019
2429,0.02318481309935417
2430,0.5088264074629787
2431,0.5235827516472047
2432,0.3455867962685107
2433,0.5105290625611586
2434,0.6424032878857068
2435,0.570526453128058
2436,0.5364537804162046
2437,0.982376541196425
2438,0.2910039793854785
2439,0.4814991193163285
2440,0.4689803640159176
2441,0.35526126948920345
2442,0.4118729206079979
2443,0.47126361797899413
2444,0.9635396960010438
2445,0.9934698936656011
2446,0.22800574075282146
2447,0.2191662861243395
2448,0.5268184486920217
2449,0.9103464022441125
2450,0.8996346793659078
2451,0.7692804488224932
2452,0.23658425207123754
2453,0.3384043316589471
2454,0.5490116772131255
2455,0.7911018331267533
2456,0.4959292843629722
2457,0.8139474199230218
2458,0.5415486985452411
2459,0.22919303281362124
2460,0.13357035683997653
2461,0.8280253115010765
2462,0.8886359188466306
2463,0.990478830973971
2464,0.47873312022963016
2465,0.8746884989236089
2466,0.598760519277187
2467,0.39035814469306546
2468,0.05003587970513406
2469,0.7312936264596517
2470,0.8648835540478831
2471,0.09822558549155197
2472,0.09355470024137257
2473,0.8985452410463826
2474,0.7178159044947485
2475,0.7277774153565137
2476,0.4473090221149456
2477,0.6989431795942331
2478,0.9665796855633114
2479,0.39923021723530566
2480,0.2898036401591754
2481,0.31193163285276276
2482,0.592047752625742
2483,0.9874029617065693
2484,0.009517907234653272
2485,0.31698740948528936
2486,0.31151412355665736
2487,0.3787070258986236
2488,0.47331854654576294
2489,0.3786417900711071
2490,0.9203992432644009
2491,0.6159305890795224
2492,0.15450453389001242
2493,0.9795159501598278
2494,0.11922499836910432
2495,0.05984734816361146
2496,0.0585817731097919
2497,0.9931959031900321
2498,0.09799726009524432
2499,0.0703698871420184
2500,0.11802465914280123
2501,0.98994063539696
2502,0.9248352795355209
2503,0.9425141887924847
2504,0.09768412812316524
2505,0.5888577206601866
2506,0.23492726205231915
2507,0.817085263226564
2508,0.34642833844347315
2509,0.46747341640028706
2510,0.7630569508774219
2511,0.5167982255854916
2512,0.4982582034053102
2513,0.2080305303672777
2514,0.33184813099354166
2515,0.2010502968230152
2516,0.170617783286581
2517,0.29183247439493776
2518,0.4333289842781655
2519,0.9888577206601866
2520,0.48478700502315875
2521,0.4282927783938939
2522,0.40777611063996344
2523,0.4799073651249266
2524,0.5616413334203144
2525,0.9854263161328202
2526,0.9622675973644726
2527,0.1359318937960728
2528,0.1590123295714006
2529,0.4444647400352273
2530,0.5234979450714333
2531,0.24072672711853352
2532,0.40936134124861373
2533,0.9932350446865418
2534,0.9134059625546349
2535,0.8808141431274057
2536,0.9251418879248483
2537,0.6383912844934438
2538,0.3605062300215279
2539,0.45612890599517253
2540,0.1203013895231261
2541,0.5802596385935156
2542,0.4806706243068693
2543,0.6915519603366169
2544,0.3263161328201449
2545,0.782321090743036
2546,0.9216256768217106
2547,0.45845130145475893
2548,0.4995890142866463
2549,0.058575249527040255
2550,0.4502185400221802
2551,0.531508904690456
2552,0.4448104899210647
2553,0.4943114358405636
2554,0.49453323765411966
2555,0.7759279796464218
2556,0.9935677474068758
2557,0.30313131972079066
2558,0.24051797247048082
2559,0.9657838084676104
2560,0.9877552351751583
2561,0.524372105160154
2562,0.5538391284493445
2563,0.26094331006588817
2564,0.507267271185335
2565,0.28383456194141826
2566,0.14458868810750866
2567,0.2516211103137843
2568,0.416993933068041
2569,0.402237588883815
2570,0.4547850479483333
2571,0.4505316719942593
2572,0.5688629395263879
2573,0.16428990801748322
2574,0.967251614586731
2575,0.5768608519799074
2576,0.21743753669515298
2577,0.5497292713158066
2578,0.47002413725618114
2579,0.27641724835279535
2580,0.35021854002218017
2581,0.7925631156631223
2582,0.14981407789157805
2583,0.9424946180442298
2584,0.2860656272424816
2585,0.3406484441255137
2586,0.5184291212734033
2587,0.2043903711918586
2588,0.5723987213777808
2589,0.17373605584186835
2590,0.9344184225976906
2591,0.5197468849892362
2592,0.3936525539826473
2593,0.38132950616478567
2594,0.1600430556461609
2595,0.16555548307130277
2596,0.5391610672581382
2597,0.5078282993019767
2598,0.5076978276469437
2599,0.3432839715571792
2600,0.3226629264792224
2601,0.2668014873768674
2602,0.9925957335768805
2603,0.9061321677865484
2604,0.8444125513732141
2605,0.9724378628742907
2606,0.9637027855698349
2607,0.845580272685759
2608,0.5091591101833127
2609,0.3260030008480657
2610,0.3876443342683802
2611,0.9913888707678257
2612,0.808265379346337
2613,0.5091264922695544
2614,0.4374779829082132
2615,0.3507339030595603
2616,0.33723661034640223
2617,0.5939722095374781
2618,0.9751451497162242
2619,0.2744471263617979
2620,0.9349337856350708
2621,0.7635592667492986
2622,0.667675647465588
2623,0.46039532911474984
2624,0.32131254484963145
2625,0.9836649487898754
2626,0.5023419662078413
2627,0.26530758692674017
2628,0.9795355209080827
2629,0.3354361015069476
2630,0.9650988322786875
2631,0.07807423837171373
2632,0.28313653858699195
2633,0.15456324613477723
2634,0.9828234066149129
2635,0.9986039532911475
2636,0.6801487376867376
2637,0.07661947941809642
2638,0.6262117554961185
2639,0.39536825624633043
2640,0.45425011416269817
2641,0.2566768869463109
2642,0.24118990149390046
2643,0.39155848391936854
2644,0.41258399112792754
2645,0.20228325396307653
2646,0.8624698284297737
2647,0.7696457694565855
2648,0.5045077956813881
2649,0.965477200078283
2650,0.5456063670167656
2651,0.3121338639180638
2652,0.04300998108161002
2653,0.9839715571792028
2654,0.39253049774936394
2655,0.31154021788766384
2656,0.752606171309283
2657,0.9007371648509362
2658,0.3912257811990345
2659,0.3860786744079849
2660,0.21021593058907953
2661,0.6641790071107052
2662,0.7222715115141235
2663,0.3451236218931438
2664,0.9778328658099029
2665,0.5597560180050885
2666,0.5853154152260421
2667,0.5201317763715833
2668,0.5203013895231261
2669,0.4047785243655816
2670,0.9768217104833975
2671,0.4526583599712962
2672,0.3742840367930067
2673,0.7889033857394483
2674,0.8122186704938352
2675,0.15948855111227087
2676,0.4069998042925175
2677,0.5066279600756736
2678,0.40510144171178813
2679,0.4483462717724575
2680,0.15288668536760391
2681,0.426479222388936
2682,0.9969273925239741
2683,0.5306347446017352
2684,0.45834692413073264
2685,0.9756018005088394
2686,0.4876704285993868
2687,0.9475373475112532
2688,0.043238306477917675
2689,0.18604605649422662
2690,0.30099810816100203
2691,0.17594755039467677
2692,0.35100136995237785
2693,0.3418292126035619
2694,0.04452997586274382
2695,0.8017613673429448
2696,0.36371583273533825
2697,0.5785635070780873
2698,0.2443995042077109
2699,0.3096744732206928
2700,0.2
2701,0.6283058255593973
2702,0.45648770304651315
2703,0.8490964837888969
2704,0.5342618566116512
2705,0.3663187422532455
2706,0.44539108878596123
2707,0.4303020418814013
2708,0.402570291604149
2709,0.8991454106595342
2710,0.6478961445625938
2711,0.2631808989497032
2712,0.615330419466371
2713,0.27027855698349534
2714,0.5695022506360493
2715,0.9693130667362517
2716,0.13940896340270076
2717,0.4483136538586992
2718,0.9949376997847218
2719,0.09689477461021594
2720,0.5271968164916172
2721,0.5256507273794768
2722,0.9860460564942266
2723,0.9799334594559332
2724,0.4009263487507339
2725,0.2837040902863853
2726,0.3412942788179268
2727,0.67932676626003
2728,0.19611846826276993
2729,0.09812773175027725
2730,0.06913693000195707
2731,0.4054080501011155
2732,0.44640224411246654
2733,0.8695609628808141
2734,0.7759671211429318
2735,0.4905995172548764
2736,0.5179594233152848
2737,0.051738534803313974
2738,0.23044556070193753
2739,0.5321938808793789
2740,0.3377650205492857
2741,0.23665601148150567
2742,0.30453389001239484
2743,0.4330941352991063
2744,0.3475895361732664
2745,0.27993998303868484
2746,0.0536629917150499
2747,0.10665405440668015
2748,0.39876051927718703
2749,0.44118990149390047
2750,0.22872333485550267
2751,0.400906778002479
2752,0.9895100789353514
2753,0.5813882184095506
2754,0.46517059168895564
2755,0.9883162632918
2756,0.9900743688433687
2757,0.5144105942983886
2758,0.3278817926805402
2759,0.5336812577467545
2760,0.9641855306934568
2761,0.9776828234066149
2762,0.9987800900254419
2763,0.44938352142996935
2764,0.2956096288081414
2765,0.8872268249722748
2766,0.6818709635331726
2767,0.9858699197599322
2768,0.9861178159044948
2769,0.3071237523647988
2770,0.4802596385935156
2771,0.11000065235827518
2772,0.30874812446995886
2773,0.519583795420445
2774,0.25468719420705854
2775,0.45136016700371845
2776,0.4892360884597821
2777,0.783136538586992
2778,0.6102942135820993
2779,0.3115989301324287
2780,0.23310718246460957
2781,0.34015265183638854
2782,0.5346206536629917
2783,0.810522538978407
2784,0.48497618892295646
2785,0.9853349859742971
2786,0.5627894839846044
2787,0.23083045208428468
2788,0.9813034118337791
2789,0.5473024985321939
2790,0.06965881662208885
2791,0.2999282405897319
2792,0.9331789418748777
2793,0.5723530562985192
2794,0.3288016178485224
2795,0.8164459521169025
2796,0.535984082458086
2797,0.9468654184878336
2798,0.5449670559071041
2799,0.4835410007175941
2800,0.8789549220431861
2801,0.7510274642833844
2802,0.2911931632852763
2803,0.29818644399504207
2804,0.38466958053362904
2805,0.46772131254484967
2806,0.9892360884597822
2807,0.26761041163807164
2808,0.8146389196946963
2809,0.9137256181094657
2810,0.9574270989627504
2811,0.5189510078935351
2812,0.8190227673038033
2813,0.5271837693261139
2814,0.8727901363428796
2815,0.2675973644725683
2816,0.6866527496901298
2817,0.20465131450192448
2818,0.5078152521364734
2819,0.9938286907169418
2820,0.1786352664883554
2821,0.4272359579881271
2822,0.4080370539500294
2823,0.5295648770304651
2824,0.43527953552090815
2825,0.04366233935677474
2826,0.9860851979907366
2827,0.0911670689542697
2828,0.9727542566377455
2829,0.8760127862221933
2830,0.711370604736121
2831,0.6020614521495206
2832,0.9762019701219911
2833,0.2723334855502642
2834,0.6576489007763063
2835,0.1588035749233479
2836,0.4280057407528215
2837,0.3438906647530824
2838,0.3995955378693979
2839,0.7576162828625481
2840,0.8927588231456717
2841,0.9002152782308044
2842,0.1843955900580599
2843,0.6720921129884533
2844,0.11660251810294214
2845,0.45701611324939656
2846,0.5370213321155979
2847,0.2729532259116707
2848,0.9920738469567487
2849,0.9862091460630178
2850,0.4170135038162959
2851,0.4977721964903125
2852,0.04768086633178942
2853,0.38305825559397216
2854,0.5989170852632266
2855,0.6760519277187031
2856,0.971987735664427
2857,0.1529845391088786
2858,0.8081675256050623
2859,0.5599386783221346
2860,0.38224933133276795
2861,0.3998564811794638
2862,0.3950225063604932
2863,0.6243786287429056
2864,0.9506099549872791
2865,0.10874160088720726
2866,0.7769195642246722
2867,0.19433100658881858
2868,0.9808010959619023
2869,0.3194859416791702
2870,0.6511122708591559
2871,0.7543153499902145
2872,0.9489921064648705
2873,0.7766716680801097
2874,0.6040250505577665
2875,0.5638919694696327
2876,0.6150368582425468
2877,0.692863200469698
2878,0.6303868484571727
2879,0.5409615760975928
2880,0.029838867506034317
2881,0.9820666710157219
2882,0.8508252332180835
2883,0.5284362972144302
2884,0.6518168177963337
2885,0.42077761106399636
2886,0.4065659860395329
2887,0.322245417183117
2888,0.9502642051014418
2889,0.3544914867245091
2890,0.9171765933850871
2891,0.4845912975406093
2892,0.9711690260290952
2893,0.7550329440928959
2894,0.975556135429578
2895,0.4742514188792485
2896,0.47040250505577663
2897,0.5592471785504599
2898,0.4594820275295192
2899,0.7553395524822233
2900,0.7775980168308435
2901,0.33169156500750213
2902,0.5377911148802923
2903,0.5432056885641594
2904,0.9924326440080893
2905,0.980585817731098
2906,0.42887337725879054
2907,0.28212538326048664
2908,0.2724509100397938
2909,0.8249918455215605
2910,0.8607280318350838
2911,0.7484049840172222
2912,0.9904299041033336
2913,0.771968164916172
2914,0.31469763193946115
2915,0.7745058386065626
2916,0.6060277904625221
2917,0.1258986235240394
2918,0.5536108030530368
2919,0.9905734229238697
2920,0.4270924391675908
2921,0.5289255659208036
2922,0.4764498662665536
2923,0.9819296757779373
2924,0.14646747993998305
2925,0.9625285406745385
2926,0.0857655424359058
2927,0.6606106073455543
2928,0.984043316589471
2929,0.24735468719420706
2930,0.9748842064061582
2931,0.5182073194598473
2932,0.9740100463174376
2933,0.5398134255333029
2934,0.2588688107508644
2935,0.49784721769195645
2936,0.586704938352143
2937,0.49076913040641923
2938,0.42964316002348496
2939,0.5493378563507079
2940,0.7339030595603105
2941,0.40018266031704613
2942,0.13943505773370735
2943,0.940126557505382
2944,0.7698088590253767
2945,0.4488942527235958
2946,0.08765085785113186
2947,0.27460369234783744
2948,0.2927783938939265
2949,0.07980298780090025
2950,0.4659077565398917
2951,0.9965685954726335
2952,0.1453845652032096
2953,0.8224019831691565
2954,0.9723171765933851
2955,0.49924326440080896
2956,0.5249918455215604
2957,0.5141692217365778
2958,0.41106399634679364
2959,0.8966403548829017
2960,0.9654967708265378
2961,0.5530106334398852
2962,0.29506164785700306
2963,0.47789810163741925
2964,0.8459912583991128
2965,0.7711396699067128
2966,0.2656729075608324
2967,0.22617913758236022
2968,0.2117750668667232
2969,0.2647204644790919
2970,0.08410202883423575
2971,0.9877421880096549
2972,0.9812251288407594
2973,0.8673820862417639
2974,0.7789157805466762
2975,0.6798356057146585
2976,0.2560767173331594
2977,0.416863461413008
2978,0.3892034705460239
2979,0.2916498140778916
2980,0.30870245939069735
2981,0.20161784852240855
2982,0.734320568856416
2983,0.743805858177311
2984,0.923889360036532
2985,0.37840694109204775
2986,0.3829864961837041
2987,0.8823341379085394
2988,0.4080696718637876
2989,0.10367930067192903
2990,0.30055450453389004
2991,0.18336486398329963
2992,0.4421097266618827
2993,0.28149911931632854
2994,0.2341183377911149
2995,0.24160088720725426
2996,0.517528866853676
2997,0.22942788179268053
2998,0.2534411899014939
2999,0.914312740557114
3000,0.04869202165829473
3001,0.014599778198186447
3002,0.02319459847348164
3003,0.8069867571270142
3004,0.27798290821319066
3005,0.40501011155326505
3006,0.3469697958118599
3007,0.6209407006327875
3008,0.3195055124274252
3009,0.28908604605649424
3010,0.8698088590253767
3011,0.9695152978015527
3012,0.20240720203535784
3013,0.7978537412747082
3014,0.7288016178485224
3015,0.8265118403026943
3016,0.5515558744862679
3017,0.8326244373409877
3018,0.29200208754648055
3019,0.9142083632330875
3020,0.3412681844869202
3021,0.2420836323308761
3022,0.08708656794311437
3023,0.2192445691173593
3024,0.2847478635266489
3025,0.22790788701154674
3026,0.5953291147498206
3027,0.28835540478830973
3028,0.305603757583665
3029,0.1821580011742449
3030,0.256859547263357
3031,0.21484767434274904
3032,0.20000652358275167
3033,0.32171700698023353
3034,0.36945658555678784
3035,0.37537999869528343
3036,0.4857655424359058
3037,0.8383521429969341
3038,0.8811337986822363
3039,0.8830778263422272
3040,0.19820601474329702
3041,0.8090547328592864
3042,0.331972079065823
3043,0.49802987800900256
3044,0.19612499184552157
3045,0.17534085719877357
3046,0.391975993215474
3047,0.27577141366038227
3048,0.1285341509557049
3049,0.9166351360167004
3050,0.3265248874681976
3051,0.8321808337138756
3052,0.733172418292126
3053,0.11930980494487572
3054,0.19448757257485813
3055,0.3058190358144693
3056,0.16130863069998044
3057,0.3659729923674082
3058,0.32922565072737947
3059,0.24279470285080565
3060,0.04498662665535913
3061,0.7911931632852763
3062,0.2566834105290626
3063,0.6889360036532064
3064,0.1250962228455868
3065,0.06312218670493835
3066,0.14853545567225518
3067,0.7444582164524757
3068,0.7141822689020811
3069,0.018465000978537413
3070,0.019446800182660318
3071,0.330399895622676
3072,0.2934437993345946
3073,0.2559592928436297
3074,0.3273077173983952
3075,0.24057016113249396
3076,0.29294800704546936
3077,0.16198708330615175
3078,0.41972731424098114
3079,0.8315610933524692
3080,0.25401526518363887
3081,0.29216517711527173
3082,0.88495009459195
3083,0.004357753278100333
3084,0.19657511905538522
3085,0.30011742448952966
3086,0.958581773109792
3087,0.2194859416791702
3088,0.18022702067975732
3089,0.032461347772196496
3090,0.5167264661752234
3091,0.6993737360558419
3092,0.9027399047556918
3093,0.9020223106530106
3094,0.22191923804553462
3095,0.07800900254419728
3096,0.2773631678517842
3097,0.44546937177898105
3098,0.1469176071498467
3099,0.9829114749820601
3100,0.9385282797312283
3101,0.5821319068432383
3102,0.05234522799921717
3103,0.22842325004892688
3104,0.2291343205688564
3105,0.29179333289842785
3106,0.24133994389718832
3107,0.24300998108161004
3108,0.22751647204644793
3109,0.07511253180246592
3110,0.37554961184682634
3111,0.3211298845325853
3112,0.8549481375171244
3113,0.32027529519211956
3114,0.38509361341248616
3115,0.23379215865353253
3116,0.35567877878530885
3117,0.21136408115336944
3118,0.250166351360167
3119,0.12217365777284886
3120,0.23354426250896995
3121,0.3995498727901364
3122,0.491623719746885
3123,0.017310326831495856
3124,0.3887468197534086
3125,0.3298323439232827
3126,0.43439232826668406
3127,0.3175419140191793
3128,0.22286515754452346
3129,0.16304390371191857
3130,0.715865353252006
3131,0.6110835670950486
3132,0.7217952899732533
3133,0.45036205884271646
3134,0.02673364211625025
3135,0.6792941483462718
3136,0.14676104116380717
3137,0.22037967251614587
3138,0.12812968882510273
3139,0.9006523582751648
3140,0.7944092895818384
3141,0.9232565725096223
3142,0.35212994976841283
3143,0.3844608258855764
3144,0.44188792484832673
3145,0.6677082653793462
3146,0.84693065431535
3147,0.8484767434274904
3148,0.18305173201122057
3149,0.2107769587057212
3150,0.10990932219975212
3151,0.27310979189771023
3152,0.8939069737099615
3153,0.881714397547133
3154,0.7964055059038424
3155,0.4045208428468915
3156,0.2051927718703112
3157,0.6908017483201775
3158,0.7965751190553854
3159,0.1756083240915911
3160,0.2766194794180964
3161,0.7167395133407268
3162,0.7464446474003522
3163,0.9707221606106073
3164,0.7915193424228587
3165,0.49685563311370606
3166,0.9157935938417379
3167,0.7577989431795943
3168,0.7228390632135169
3169,0.25997129623589277
3170,0.694526714071368
3171,0.8193815643551439
3172,0.5323700176136734
3173,0.3114162698153827
3174,0.18680931567616932
3175,0.5188727249005154
3176,0.407136799530302
3177,0.3159044947485159
3178,0.3377911148802923
3179,0.33828690716941745
3180,0.8768934698936657
3181,0.6164785700306609
3182,0.45113184160741077
3183,0.2729858438254289
3184,0.19249135625285407
3185,0.9523256572509623
3186,0.968399765151021
3187,0.31106399634679366
3188,0.5635592667492988
3189,0.3480070454693718
3190,0.3747863526648835
3191,0.9426642311957727
3192,0.299334594559332
3193,0.2114554113118925
3194,0.3676495531345815
3195,0.684265118403027
3196,0.8476417248352796
3197,0.9786646226107378
3198,0.6134907691304065
3199,0.7427359906060409
3200,0.8600626263944159
3201,0.1544262508969926
3202,0.9680083501859221
3203,0.3907234653271577
3204,0.17631939461152069
3205,0.01366364407332507
3206,0.3023811077043512
3207,0.14409289581838347
3208,0.9268902081022898
3209,0.25243655815774024
3210,0.2611520647139409
3211,0.2810685628547198
3212,0.31448887729140845
3213,0.8427947028508056
3214,0.35994520190488616
3215,0.2567747406875856
3216,0.9702981277317503
3217,0.15560701937504076
3218,0.6410790005871225
3219,0.31398003783677997
3220,0.8221475634418423
3221,0.2017417965946898
3222,0.8153826081283841
3223,0.2271837693261139
3224,0.9779698610476875
3225,0.16009524430817404
3226,0.16584252071237524
3227,0.9720007828299302
3228,0.35481114227933985
3229,0.2685628547198121
3230,0.24883554047883097
3231,0.25441320373148935
3232,0.12073194598473483
3233,0.11807032422206276
3234,0.6296496836062366
3235,0.9762411116185008
3236,0.3091330158523061
3237,0.1843434013960467
3238,0.3585034901167721
3239,0.07949311762019702
3240,0.9618566116511189
3241,0.64800052188662
3242,0.27560832409159114
3243,0.15030987018070324
3244,0.4476580337921587
3245,0.09581512166481833
3246,0.2674668928175354
3247,0.9741274708069673
3248,0.7294865940374453
3249,0.8065562006654056
3250,0.908767695218214
3251,0.3008545893404658
3252,0.21478243851523254
3253,0.9595537869397874
3254,0.18996020614521497
3255,0.17121142931698088
3256,0.8227412094722422
3257,0.8315676169352209
3258,0.6721312544849631
3259,0.7340204840498402
3260,0.8264661752234328
3261,0.9234392328266685
3262,0.8569769717528868
3263,0.9900058712244765
3264,0.26252854067453846
3265,0.3207710874812447
3266,0.9742057537999871
3267,0.28423250048926874
3268,0.23006066931959032
3269,0.040113510339878665
3270,0.8810685628547199
3271,0.6463891969469633
3272,0.01519342422858634
3273,0.2687455150368583
3274,0.19474525409354818
3275,0.5142214103985909
3276,0.7683149585752496
3277,0.32071889881923155
3278,0.1969469632722291
3279,0.28505447191597627
3280,0.23787592145606368
3281,0.8556918259508122
3282,0.17121795289973257
3283,0.6445169286972405
3284,0.38675060343140455
3285,0.1032617913758236
3286,0.19747537347511254
3287,0.18346271772457434
3288,0.02021005936460304
3289,0.4432872333485551
3290,0.18496966534020484
3291,0.030021527823080436
3292,0.7306216974362321
3293,0.6488420640615827
3294,0.796986104768739
3295,0.6206993280709766
3296,0.6252071237523649
3297,0.18958510013699525
3298,0.17534085719877357
3299,0.6450844803966338
3300,0.63968295387827
3301,0.1751386261334725
3302,0.264035488290169
3303,0.4633244177702394
3304,0.34985321938808794
3305,0.6078935351294931
3306,0.1605127536042795
3307,0.12452214756344185
3308,0.604103333550786
3309,0.7972600952443083
3310,0.2915193424228586
3311,0.38346271772457435
3312,0.5647269880618435
3313,0.32192576162828623
3314,0.3484702198447387
3315,0.4683867179855177
3316,0.23255267793071954
3317,0.14981407789157805
3318,0.16511187944419073
3319,0.37824385152325657
3320,0.3067388609824516
3321,0.17370343792811013
3322,0.3454758953617327
3323,0.13403353121534348
3324,0.23880227020679756
3325,0.3221475634418423
3326,0.9049057342292388
3327,0.5014547589536174
3328,0.4152129949768413
3329,0.25195381303411835
3330,0.22139735142540284
3331,0.8385021854002218
3332,0.7374910300737165
3333,0.7465979515950161
3334,0.2582490703894579
3335,0.41591101833126753
3336,0.2616413334203144
3337,0.1635136016700372
3338,0.1665014025702916
3339,0.20803705395002936
3340,0.3172483527953552
3341,0.08009981081610021
3342,0.8074368843368779
3343,0.3740100463174375
3344,0.26455737491030074
3345,0.16101180768478046
3346,0.26374192706634486
3347,0.2813034118337791
3348,0.3007306412681845
3349,0.15012068628090547
3350,0.28767695218213846
3351,0.31988388022702063
3352,0.22111683736708201
3353,0.18185139278491746
3354,0.358118598734425
3355,0.8879705134059626
3356,0.7852893208950357
3357,0.7796855633113706
3358,0.323373996999152
3359,0.3747015460891121
3360,0.3171765933850871
3361,0.9672124730902212
3362,0.3886033009328723
3363,0.17811337986822362
3364,0.2161132493965686
3365,0.19583795420444908
3366,0.3427686085197991
3367,0.8929023419662079
3368,0.2407593450322917
3369,0.30898297344901826
3370,0.12788179268054017
3371,0.6963272229108226
3372,0.8383130015004241
3373,0.6969730576032356
3374,0.8438710940048275
3375,0.7353904364276862
3376,0.31306673625154935
3377,0.18294735468719422
3378,0.986554895948855
3379,0.28903385739448106
3380,0.2927131580664101
3381,0.332637484506491
3382,0.21767890925696393
3383,0.25849044295126883
3384,0.18504794833322463
3385,0.9051992954530628
3386,0.7024463435318679
3387,0.02210189836258073
3388,0.48401069867571267
3389,0.39063865875138626
3390,0.29286320046969794
3391,0.22866462261073783
3392,0.3091460630178094
3393,0.7895231261008546
3394,0.9909583143062171
3395,0.11663513601670038
3396,0.30748254941613934
3397,0.43595146454432776
3398,0.2307456455085133
3399,0.5051797247048079
3400,0.4208689412225194
3401,0.34344053754321874
3402,0.24255985387174636
3403,0.9271250570813492
3404,0.4753017157022637
3405,0.8231065301063344
3406,0.2392328266684063
3407,0.10495792289125187
3408,0.8527562137125709
3409,0.7817861569574011
3410,0.08792484832670103
3411,0.8745906451823342
3412,0.6799530302041882
3413,0.8689999347641725
3414,0.1574923347902668
3415,0.32294344053754326
3416,0.29296757779372434
3417,0.2940896340270076
3418,0.8195446539239352
3419,0.20771739839519865
3420,0.14773957857655423
3421,0.5233479026681453
3422,0.47949637941157286
3423,0.023798029878009004
3424,0.2966403548829017
3425,0.981766586209146
3426,0.19570748254941614
3427,0.18976449866266554
3428,0.2706047361210777
3429,0.5451692869724052
3430,0.2255137321416922
3431,0.8925044034183575
3432,0.2511448887729141
3433,0.25584186835410005
3434,0.26117163546219585
3435,0.341920542762085
3436,0.3161523908930785
3437,0.29601409093874353
3438,0.2235501337334464
3439,0.2686280905473286
3440,0.20229630112857983
3441,0.256768217104834
3442,0.9386326570552548
3443,0.8420966794963793
3444,0.286704938352143
3445,0.8620718898819232
3446,0.2057211820731946
3447,0.1520451431926414
3448,0.964387761758758
3449,0.09285667688694632
3450,0.1300019570748255
3451,0.4677539304586079
3452,0.1362906908474134
3453,0.06564028964707418
3454,0.7424815708787267
3455,0.6382086241763977
3456,0.5626916302433297
3457,0.2301715702263683
3458,0.22028181877487116
3459,0.19106921521299497
3460,0.437203992432644
3461,0.21769195642246722
3462,0.3317568008350186
3463,0.09652293039337205
3464,0.4875073390305956
3465,0.6984930523843695
3466,0.8713092830582557
3467,0.31584578250375106
3468,0.28449344379933456
3469,0.20448170135038163
3470,0.13957205297149194
3471,0.1558875334333616
3472,0.8878661360819361
3473,0.3753343336160219
3474,0.2681453454237067
3475,0.7993150238110771
3476,0.1984604344706113
3477,0.46070193750407723
3478,0.23393567747406877
3479,0.24351229695348686
3480,0.24706764955313457
3481,0.8024528671146193
3482,0.7592015134711985
3483,0.36672972796659925
3484,0.27091786809315677
3485,0.19429838867506036
3486,0.29292191271446283
3487,0.2875725748581121
3488,0.23505121012460048
3489,0.2058581773109792
3490,0.5887663905016635
3491,0.9608780742383718
3492,0.9856611651118794
3493,0.27618239937373606
3494,0.281342553330289
3495,0.9791865092308696
3496,0.8470350316393763
3497,0.283691043120882
3498,0.17088525017939854
3499,0.32957792419596843
3500,0.40557766325265837
3501,0.3623915454367539
3502,0.9397090482092766
3503,0.3810946571857264
3504,0.181009850609955
3505,0.2933198512623133
3506,0.3352142996933916
3507,0.8579228912518755
3508,0.25404135951464546
3509,0.4390436427686085
3510,0.19626851066605783
3511,0.932657055254746
3512,0.3408050101115533
3513,0.7199360688890338
3514,0.15483723661034643
3515,0.9404918781394742
3516,0.09617718050753474
3517,0.5369104312088199
3518,0.8819818644399505
3519,0.8805010111553265
3520,0.2451236218931437
3521,0.0903124796138039
3522,0.5194402765999087
3523,0.27696522930393375
3524,0.8411899014939005
3525,0.9055646160871551
3526,0.44845064909648386
3527,0.8448887729140844
3528,0.27657381433883493
3529,0.18239937373605586
3530,0.0792680540152652
3531,0.4797768934698937
3532,0.38401722225846435
3533,0.8117098310392068
3534,0.7732859286320047
3535,0.9362450257681519
3536,0.8433165894709374
3537,0.24023093482940833
3538,0.8714332311305371
3539,0.4829604018526975
3540,0.6441646552286516
3541,0.20098506099549873
3542,0.3866266553591233
3543,0.759299367212473
3544,0.15623328331919892
3545,0.21211429316980884
3546,0.33454237066997194
3547,0.9466697110052842
3548,0.6349337856350709
3549,0.6341574792876248
3550,0.8611977297932025
3551,0.7672581381694826
3552,0.26510535586143913
3553,0.5677604540413596
3554,0.8971361471720269
3555,0.6413725618109465
3556,0.12848848587644335
3557,0.20442298910561682
3558,0.7599778198186444
3559,0.21084871811598932
3560,0.24520842846891516
3561,0.6311827255528737
3562,0.5941679170200274
3563,0.2738926218279079
3564,0.10274642833844347
3565,0.1594233152847544
3566,0.8441777023941549
3567,0.5849761889229564
3568,0.3257485811207515
3569,0.6624502576815188
3570,0.45387826994585434
3571,0.3081805727705656
3572,0.32784917476678194
3573,0.3009654902472438
3574,0.6892360884597821
3575,0.2713679953030204
3576,0.30573422923869786
3577,0.3143323113053689
3578,0.20826537934633702
3579,0.20080892426120425
3580,0.202570291604149
3581,0.28015526126948925
3582,0.2471002674668928
3583,0.3036988714201839
3584,0.9104703503163938
3585,0.3085197990736513
3586,0.8328984278165569
3587,0.018566116511187943
3588,0.9094852893208951
3589,0.8106203927196816
3590,0.8018918389979777
3591,0.023328331919890404
3592,0.269489203470546
3593,0.23709961510861766
3594,0.6645051862482876
3595,0.22133211559788638
3596,0.289829734490182
3597,0.15908408898166873
3598,0.35644856155000326
3599,0.7599582490703896
3600,0.6446474003522735
3601,0.86538586991976
3602,0.8972861895753148
3603,0.16121077695870573
3604,0.12036662535064258
3605,0.20668014873768673
3606,0.7746624045926023
3607,0.40385543740622354
3608,0.22362189314371453
3609,0.9754028312349142
3610,0.11795289973253312
3611,0.42413725618109466
3612,0.1955313458151217
3613,0.49920412290429905
3614,0.2686541848783352
3615,0.6962750342488094
3616,0.5531280579294148
3617,0.9692413073259835
3618,0.27297279665992563
3619,0.651647204644791
3620,0.3323373996999152
3621,0.2700828495009459
3622,0.7840498401722226
3623,0.09711657642377194
3624,0.8784721769195643
3625,0.5906712766651444
3626,0.32199099745580273
3627,0.07381433883488812
3628,0.3893730836975667
3629,0.8920020875464806
3630,0.43899145410659535
3631,0.5163741927066344
3632,0.9751027464283385
3633,0.7670820014351882
3634,0.756066931959032
3635,0.9784069410920478
3636,0.24413203731489336
3637,0.16048665927327288
3638,0.7361667427751322
3639,0.7664426903255268
3640,0.34968360623654515
3641,0.43527301193815643
3642,0.9819720790658231
3643,0.7239937373605584
3644,0.005753799986952835
3645,0.2662208885119708
3646,0.8788048796398982
3647,0.3032748385413269
3648,0.2774871159240655
3649,0.2383782373279405
3650,0.8781199034509752
3651,0.24112466566638396
3652,0.23814991193163287
3653,0.3682105812512232
3654,0.9535455672255203
3655,0.8930589079522473
3656,0.8203666253506426
3657,0.17192902341966207
3658,0.21525866005610284
3659,0.43619936068889037
3660,0.361132493965686
3661,0.7760127862221933
3662,0.29471589797116576
3663,0.912518755300411
3664,0.955085132754909
3665,0.969065170591689
3666,0.3177441450844804
3667,0.470728684193359
3668,0.8530823928501534
3669,0.3822819492465262
3670,0.9673135886228716
3671,0.21338639180638008
3672,0.13628416726466175
3673,0.3874551503685824
3674,0.9693783025637681
3675,0.1303901102485485
3676,0.34370148085328467
3677,0.26358536108030534
3678,0.2600756735599191
3679,0.7351751581968817
3680,0.2696914345358471
3681,0.379568138821841
3682,0.9524952704025051
3683,0.017323373996999153
3684,0.8744797442755561
3685,0.3548502837758497
3686,0.802589862352404
3687,0.8397612368712898
3688,0.16347772196490312
3689,0.3268706373540348
3690,0.9766912388283646
3691,0.9168373670820015
3692,0.30125905147106796
3693,0.21722878204710028
3694,0.9732141692217366
3695,0.17941809641855308
3696,0.8315349990214626
3697,0.26806706243068695
3698,0.23905016635136017
3699,0.8082392850153305
3700,0.8152260421423446
3701,0.12438841411703308
3702,0.07025898623524039
3703,0.16848457172679235
3704,0.2846369626198708
3705,0.07329897579750799
3706,0.7535586143910236
3707,0.22447648248418034
3708,0.20564942266292646
3709,0.1639441581316459
3710,0.07100267466892819
3711,0.8255202557244439
3712,0.35965164068106203
3713,0.27693913497292716
3714,0.6636049318285602
3715,0.33908278426511845
3716,0.762000130471655
3717,0.8129754060930263
3718,0.371857264009394
3719,0.28562202361536954
3720,0.7794507143323114
3721,0.17877226172614
3722,0.7935612238241243
3723,0.9862221932285212
3724,0.9344053754321874
3725,0.937667166808011
3726,0.9331267532128644
3727,0.8223302237588884
3728,0.1771283188727249
3729,0.9014612825363689
3730,0.0902994324483006
3731,0.16683410529062562
3732,0.37476678191662866
3733,0.40669319590319003
3734,0.8174962489399179
3735,0.8012394807228129
3736,0.3444255985387175
3737,0.2252071237523648
3738,0.4176984800052189
3739,0.317992041229043
3740,0.32083632330876116
3741,0.2047361210776959
3742,0.21026159566834107
3743,0.7813947419923022
3744,0.7753082392850154
3745,0.25169286972405247
3746,0.17945723791506296
3747,0.5667819166286124
3748,0.20213321155978864
3749,0.23477721964903125
3750,0.912055580925044
3751,0.9667753930458607
3752,0.21705916889555746
3753,0.8129166938482615
3754,0.33897840694109205
3755,0.5654576293300282
3756,0.2937177898101637
3757,0.027823080435775326
3758,0.2916759084088982
3759,0.9699458542631614
3760,0.10205492856676887
3761,0.32384369495727056
3762,0.2506556200665405
3763,0.7966077369691434
3764,0.5887011546741471
3765,0.4704938352142997
3766,0.40295518298649613
3767,0.9672157348815971
3768,0.4770304651314502
3769,0.7921586535325201
3770,0.3010111553265053
3771,0.4083306151738535
3772,0.10648444125513733
3773,0.5216778654837236
3774,0.8857720660186574
3775,0.2866788440211364
3776,0.9283710613869137
3777,0.4221279926935873
3778,0.9793854785047948
3779,0.6970121990997455
3780,0.09461804422989106
3781,0.17569965425011416
3782,0.18066410072411768
3783,0.6077304455607019
3784,0.21690260290951793
3785,0.7242285863396177
3786,0.18560897644986626
3787,0.19994781133798684
3788,0.8863265705525474
3789,0.23205688564159435
3790,0.20925044034183574
3791,0.266383978080762
3792,0.2628090547328593
3793,0.21756800835018592
3794,0.8481636114554114
3795,0.27297279665992563
3796,0.6189771022245417
3797,0.762261073781721
3798,0.29572705329767107
3799,0.22234327092439168
3800,0.9597886359188466
3801,0.24458216452475703
3802,0.24838541326896732
3803,0.5565790332050362
3804,0.9089438319525083
3805,0.009175419140191793
3806,0.5274838541326897
3807,0.4886685367603888
3808,0.2772131254484963
3809,0.7515102094070063
3810,0.7522799921717007
3811,0.14650662143649293
3812,0.2592732728814665
3813,0.37100267466892817
3814,0.8564746558810099
3815,0.9158392589209994
3816,0.748502837758497
3817,0.6990214625872528
3818,0.38241242090155914
3819,0.7870637354034836
3820,0.6234196620784136
3821,0.9906386587513862
3822,0.2980168308434993
3823,0.4255267793071955
3824,0.832839715571792
3825,0.282562463304847
3826,0.9550003261791375
3827,0.38063800639311113
3828,0.2116511187944419
3829,0.21412355665731622
3830,0.953552090808272
3831,0.5195577010894383
3832,0.2023093482940831
3833,0.2612564420379673
3834,0.972281296888251
3835,0.3475830125905147
3836,0.7576489007763064
3837,0.8072085589405702
3838,0.6271772457433623
3839,0.7759410268119251
3840,0.7524496053232435
3841,0.23950029356122382
3842,0.2847804814404071
3843,0.20859155848391936
3844,0.9407332507012851
3845,0.23827386000391415
3846,0.25096222845586796
3847,0.2755430882640747
3848,0.7837562789483985
3849,0.42627699132363495
3850,0.2463109139539435
3851,0.2649422662926479
3852,0.8480331398003784
3853,0.7554961184682628
3854,0.3823341379085394
3855,0.7411572835801422
3856,0.5821449540087417
3857,0.7080501011155327
3858,0.7898884467349468
3859,0.34347315545697693
3860,0.08292778393893926
3861,0.7041359514645443
3862,0.8609498336486399
3863,0.4560897644986627
3864,0.2754582816883032
3865,0.9420705851653728
3866,0.9658164263813687
3867,0.4292060799791246
3868,0.7087350773044556
3869,0.15501989692739251
3870,0.286704938352143
3871,0.48018787918324746
3872,0.7948855111227086
3873,0.8617718050753475
3874,0.9826081283841086
3875,0.8014351882053624
3876,0.6694174440602779
3877,0.891069215212995
3878,0.9765999086698416
3879,0.2027399047556918
3880,0.7521429969339162
3881,0.7204253375954074
3882,0.33638854458868817
3883,0.3061713092830583
3884,0.26481831822036667
3885,0.7131645899928241
3886,0.8922891251875531
3887,0.7261073781720921
3888,0.3230543414443212
3889,0.2521495205166678
3890,0.7057603235697045
3891,0.340439689477461
3892,0.1394546284819623
3893,0.4102615956683411
3894,0.9270989627503425
3895,0.23989170852632266
3896,0.2933850870898297
3897,0.31977950290299434
3898,0.9608911214038749
3899,0.975797507991389
3900,0.32364146389196946
3901,0.392269554439298
3902,0.1613608193619936
3903,0.3487637810685629
3904,0.27078087285537217
3905,0.13808467610411637
3906,0.19858438254289254
3907,0.30607345554178356
3908,0.09074303607541262
3909,0.6609563572313916
3910,0.9691891186639703
3911,0.5316719942592472
3912,0.25990606040837627
3913,0.3185987344249462
3914,0.28399112792745773
3915,0.5118924913562528
3916,0.19846043447061126
3917,0.7675190814795486
3918,0.10589079522473743
3919,0.32605518951007895
3920,0.9010633439885185
3921,0.17357948985582883
3922,0.7414051797247049
3923,0.9641985778589602
3924,0.3514188792484833
3925,0.6470546023876312
3926,0.9232891904233806
3927,0.738723987213778
3928,0.39557701089438324
3929,0.18458477395785766
3930,0.9857068301911409
3931,0.28269293495987996
3932,0.3151216648183182
3933,0.2816034966403549
3934,0.7581707873964381
3935,0.7230021527823081
3936,0.6947811337986822
3937,0.7661165111879444
3938,0.7778263422271512
3939,0.2713223302237589
3940,0.8188074890729989
3941,0.7450127209863657
3942,0.12345880357492335
3943,0.9354882901689607
3944,0.17445364994454957
3945,0.3580859808206667
3946,0.9762672059495076
3947,0.8106660577989432
3948,0.9734229238697893
3949,0.9189444843107835
3950,0.16256768217104836
3951,0.21641333420314438
3952,0.9084219453323766
3953,0.7816622088851197
3954,0.36270467740883294
3955,0.9374323178289518
3956,0.20688890338573948
3957,0.11462587252919304
3958,0.32279992171700694
3959,0.7132559201513471
3960,0.3614912910170266
3961,0.056507273794768095
3962,0.1872137778067715
3963,0.9737295322591167
3964,0.9798290821319069
3965,0.2816361145541132
3966,0.8421032030791311
3967,0.253199817339683
3968,0.16794963794115728
3969,0.3688955574401461
3970,0.2660382281949246
3971,0.2946832800574075
3972,0.13244177702394155
3973,0.2508839454628482
3974,0.3082360232239546
3975,0.24543023028247113
3976,0.3479939983038685
3977,0.20882640746297867
3978,0.843362254550199
3979,0.3606073455541784
3980,0.22561158588296693
3981,0.36949572705329775
3982,0.23246787135494812
3983,0.9726727118533499
3984,0.2210450779568139
3985,0.29642507665209733
3986,0.08952312610085458
3987,0.8496053232435254
3988,0.7426185661165112
3989,0.27202687716093676
3990,0.2793789549220432
3991,0.4695544392980625
3992,0.7647922238893601
3993,0.2308695935807946
3994,0.26715376084545633
3995,0.9787070258986235
3996,0.9553330288994716
3997,0.18653532520060015
3998,0.26519668601996216
3999,0.22617913758236025
4000,0.6970252462652489
4001,0.8022310653010634
4002,0.20179398525670297
4003,0.23749755365646813
4004,0.2746558810098506
4005,0.648855111227086
4006,0.9186313523387044
4007,0.739591623719747
4008,0.6689673168504143
4009,0.3129754060930263
4010,0.12221279926935874
4011,0.9789288277121795
4012,0.8398982321090743
4013,0.21168373670820015
4014,0.19095179072346533
4015,0.5400939395916238
4016,0.43089568791180116
4017,0.8775914932480918
4018,0.4374388414117033
4019,0.21074434079196294
4020,0.9469241307325983
4021,0.34184225976906524
4022,0.2800835018592211
4023,0.9122969534868551
4024,0.23875008154478444
4025,0.1180050883945463
4026,0.34623263096092377
4027,0.3234066149129102
4028,0.23511644595211692
4029,0.9143257877226174
4030,0.9055972340009133
4031,0.9380520581903582
4032,0.30327483854132686
4033,0.43333550786091724
4034,0.7679496379411574
4035,0.3374975536564681
4036,0.5541131189249137
4037,0.6741796594689804
4038,0.9701219909974558
4039,0.07598669189118665
4040,0.6475830125905147
4041,0.5530367277708917
4042,0.5702198447387304
4043,0.5747537347511253
4044,0.6577271837693262
4045,0.7714201839650336
4046,0.13126753212864506
4047,0.13494030921782244
4048,0.3384760910692152
4049,0.3800965490247244
4050,0.23683214821580012
4051,0.3742383717137452
4052,0.8284493443799334
4053,0.5112401330810882
4054,0.9665601148150565
4055,0.9907234653271577
4056,0.2357818513927849
4057,0.23061517385348035
4058,0.13420966794963796
4059,0.8680801095961903
4060,0.7811468458477395
4061,0.8145997781981864
4062,0.2861243394872464
4063,0.3676495531345815
4064,0.224926609694044
4065,0.6803770630830452
4066,0.9733642116250245
4067,0.1327940504925305
4068,0.9599582490703894
4069,0.20717594102681192
4070,0.22201709178680934
4071,0.4419205427620849
4072,0.18111422793398135
4073,0.4543153499902146
4074,0.7877813295061648
4075,0.36850414247504726
4076,0.22742514188792484
4077,0.8858764433426838
4078,0.2666971100528411
4079,0.10010437732402636
4080,0.34750472959749495
4081,0.25547654772000783
4082,0.18762476352012528
4083,0.22734033531215342
4084,0.41790071107051996
4085,0.9576358536108031
4086,0.6505512427425143
4087,0.30347706960662796
4088,0.35716615565268445
4089,0.09170852632265641
4090,0.3351947289451367
4091,0.25589405701611323
4092,0.1420966794963794
4093,0.9707417313588623
4094,0.40508187096353315
4095,0.796359840824581
4096,0.25404135951464546
4097,0.4182856024528671
4098,0.8436362450257682
4099,0.6312544849631417
4100,0.8121730054145737
4101,0.23178941874877684
4102,0.890292908865549
4103,0.402459390697371
4104,0.8165372822754258
4105,0.7532650531671995
4106,0.7832017744145084
4107,0.10948528932089505
4108,0.15136016700371846
4109,0.23657772848848588
4110,0.9640159175419141
4111,0.7552286515754452
4112,0.7011024854850283
4113,0.9632004696979581
4114,0.5630699980429252
4115,0.9709570095896667
4116,0.7332311305368908
4117,0.7660317046121731
4118,0.6205231913366822
4119,0.2949507469502251
4120,0.25889490508187096
4121,0.3789744927914411
4122,0.971041816165438
4123,0.48496966534020486
4124,0.9790592993672125
4125,0.695727053297671
4126,0.9685563311370604
4127,0.6897449279144106
4128,0.1418292126035619
4129,0.5885902537673691
4130,0.9922630308565464
4131,0.8921651771152717
4132,0.46573161980559724
4133,0.7905538521756148
4134,0.7597103529258269
4135,0.4928566768869463
4136,0.6973709961510862
4137,0.1531476286776698
4138,0.9248744210320309
4139,0.6595015982777741
4140,0.29692739252397415
4141,0.9447191597625417
4142,0.9170330745645509
4143,0.276645573749103
4144,0.6954204449083436
4145,0.64693065431535
4146,0.2792289125187553
4147,0.3169547915715311
4148,0.11754191401917935
4149,0.22265640289647073
4150,0.05200600169613151
4151,0.283710613869137
4152,0.02425468067062431
4153,0.26925435449148677
4154,0.06164133342031444
4155,0.032891904233805204
4156,0.02408506751908148
4157,0.5125122317176594
4158,0.025852958444777873
4159,0.05647465588100985
4160,0.018755300410985713
4161,0.018174701546089113
4162,0.39171504990540806
4163,0.7164198577858961
4164,0.014227933981342552
4165,0.6111814208363232
4166,0.5123426185661165
4167,0.11981212081675256
4168,0.028084023745841215
4169,0.28048144040707157
4170,0.5256246330484703
4171,0.4054993802596386
4172,0.03425533302889948
4173,0.033244177702394156
4174,0.4454106595342162
4175,0.3307978341705265
4176,0.4174440602779046
4177,0.5818318220366625
4178,0.013210255072085588
4179,0.18881857916367667
4180,0.032285211037902016
4181,0.25670950486006916
4182,0.585224085067519
4183,0.033570356839976515
4184,0.3586404853545567
4185,0.3515428273207646
4186,0.17927457759801682
4187,0.9029682301519996
4188,0.6489855828821188
4189,0.6125513732141692
4190,0.41357557570617787
4191,0.5236349403092178
4192,0.24174440602779046
4193,0.5314110509491813
4194,0.6699458542631613
4195,0.16992628351490638
4196,0.007130275947550395
4197,0.9492921912714463
4198,0.9580142214103987
4199,0.5539500293561224
4200,0.7824189444843107
4201,0.017887663905016636
4202,0.9857916367669125
4203,0.20850675190814794
4204,0.006047361210776959
4205,0.20193098049448757
4206,0.2554374062234979
4207,0.20534281427359907
4208,0.5535847087220301
4209,0.08348881205558092
4210,0.09667949637941158
4211,0.17995303020418815
4212,0.8833713875660513
4213,0.6614064844412552
4214,0.3623458803574924
4215,0.5958966664492139
4216,0.1409354817665862
4217,0.0225259312414378
4218,0.17142670754778525
4219,0.6466827581707875
4220,0.866736251549351
4221,0.8309283058255594
4222,0.21758757909844087
4223,0.5563637549742318
4224,0.7516341574792877
4225,0.710522538978407
4226,0.7165829473546872
4227,0.3644921390827843
4228,0.5367277708917737
4229,0.17517124404723075
4230,0.5768934698936656
4231,0.9434731554569769
4232,0.6633570356839977
4233,0.07858960140909388
4234,0.20935481766586211
4235,0.018376932611390177
4236,0.7284102028834236
4237,0.0294083110444256
4238,0.6036532063409225
4239,0.1693326374845065
4240,0.9103398786613608
4241,0.4928697240524496
4242,0.18546545762933003
4243,0.3207580403157414
4244,0.500019570748255
4245,0.4069149977167461
4246,0.5707547785243656
4247,0.9695870572118208
4248,0.1377389262182791
4249,0.025768151869006464
4250,0.2073651249266097
4251,0.7790071107051993
4252,0.8640159175419141
4253,0.02095374779829082
4254,0.4778981016374193
4255,0.08101637419270663
4256,0.18678974492791442
4257,0.15753147628677672
4258,0.8612955835344772
4259,0.1490442951268837
4260,0.30001957074825497
4261,0.4203992432644008
4262,0.17345554178354752
4263,0.012238241242090157
4264,0.1502446343531868
4265,0.3541000717594103
4266,0.8675125578967969
4267,0.7606367016765607
4268,0.89104964446474
4269,0.7193880879378954
4270,0.618879248483267
4271,0.02416335051210125
4272,0.04411899014939005
4273,0.31883358340400547
4274,0.5482288472829279
4275,0.6972600952443082
4276,0.24901167721312545
4277,0.12379150629525736
4278,0.9226694500619741
4279,0.2462978667884402
4280,0.6044099419401134
4281,0.2986170004566508
4282,0.9758431730706504
4283,0.8978798356057147
4284,0.42403940243981997
4285,0.4419531606758432
4286,0.27174636310261596
4287,0.7521429969339162
4288,0.4130863069998043
4289,0.817568008350186
4290,0.8271772457433624
4291,0.35031639376345497
4292,0.0777937243133929
4293,0.2479679039728619
4294,0.9479679039728619
4295,0.40484702198447386
4296,0.06883032161262967
4297,0.8476221540870246
4298,0.8972340009133015
4299,0.21897057864179006
4300,0.20046317437536695
4301,0.5986365712049058
4302,0.2557113966990671
4303,0.6532520060016962
4304,0.9439559005805989
4305,0.026890208102289776
4306,0.5725161458673103
4307,0.28378237327940503
4308,0.7562332833191989
4309,0.1943571009198252
4310,0.9261987083306151
4311,0.3209407006327875
4312,0.826570552547459
4313,0.816843890664753
4314,0.766383978080762
4315,0.7878400417509297
4316,0.023289190423380523
4317,0.029467023289190424
4318,0.8690064583469241
4319,0.7884467349468329
4320,0.876684715245613
4321,0.35809250440341833
4322,0.9677800247896144
4323,0.19001239480722815
4324,0.8530236806053886
4325,0.7811664165959946
4326,0.2876182399373736
4327,0.4022049709700568
4328,0.47190945267140716
4329,0.41577402309348294
4330,0.880233544262509
4331,0.18164916171961643
4332,0.020197012199099747
4333,0.7161784852240851
4334,0.263905016635136
4335,0.026766260030008482
4336,0.47292713158066413
4337,0.6359840824580859
4338,0.43169156500750205
4339,0.2595994520190489
4340,0.27158979711657644
4341,0.015376084545632461
4342,0.44556722552025574
4343,0.7724770043708005
4344,0.013882184095505252
4345,0.9724574336225456
4346,0.008200143518820537
4347,0.4872855372170396
4348,0.8013634287950943
4349,0.39678061191206215
4350,0.23794115728358017
4351,0.6633244177702393
4352,0.8136930001957076
4353,0.7389262182790789
4354,0.7252593124143779
4355,0.5284558679626852
4356,0.21579359384173788
4357,0.13034118337791115
4358,0.3493248091852045
4359,0.3627633896535978
4360,0.3522799921717007
4361,0.3550329440928959
4362,0.8946898036401592
4363,0.1195381303411834
4364,0.8967121142931699
4365,0.48451301454758955
4366,0.5455019896927392
4367,0.7143388348881206
4368,0.40855241698740946
4369,0.06877160936786483
4370,0.8313980037836781
4371,0.5204970970056756
4372,0.21817470154608914
4373,0.9055450453389001
4374,0.276867375562659
4375,0.17145280187879183
4376,0.6231848130993541
4377,0.2620392719681649
4378,0.8850936134124863
4379,0.9187357296627309
4380,0.16863461413008024
4381,0.4412812316524235
4382,0.4139213255920151
4383,0.9438319525083176
4384,0.7611259703829343
4385,0.5881401265575054
4386,0.07954856807358601
4387,0.053571661556526845
4388,0.32989757975079914
4389,0.3323243525344119
4390,0.40399895622675974
4391,0.8680344445169287
4392,0.8502446343531868
4393,0.7194076586861505
4394,0.579307195511775
4395,0.6256311566312218
4396,0.023380520581903583
4397,0.26075412616609045
4398,0.5072737947680866
4399,0.04068758562202362
4400,0.1700958966664492
4401,0.9809119968686802
4402,0.3585687259442886
4403,0.3352925826864114
4404,0.02945397612368713
4405,0.9365581577402311
4406,0.7689934111814208
4407,0.3396764302955183
4408,0.6707025898623524
4409,0.3335377389262183
4410,0.6584773957857655
4411,0.263370082849501
4412,0.8361993606888903
4413,0.6110639963467936
4414,0.8729727966599257
4415,0.7997064387761759
4416,0.38785961249918455
4417,0.8889360036532065
4418,0.5720334007436885
4419,0.11431274055711396
4420,0.7806641007241177
4421,0.3066344836584252
4422,0.7146323961119447
4423,0.17389914541065954
4424,0.30932219975210384
4425,0.9590253767369039
4426,0.9837236610346403
4427,0.3088916432904951
4428,0.4249527040250506
4429,0.9848261465196686
4430,0.23382477656729075
4431,0.5446995890142866
4432,0.5944940961576097
4433,0.8989040380977233
4434,0.8223432709243917
4435,0.7688368451953813
4436,0.0070389457890273335
4437,0.24156174571074432
4438,0.6382869071694175
4439,0.6101702655098179
4440,0.8432774479744276
4441,0.5881140322264988
4442,0.028501533041946636
4443,0.46416595994520193
4444,0.14800052188662013
4445,0.8915584839193685
4446,0.25757061778328655
4447,0.7071498466958054
4448,0.8471263617978995
4449,0.01965555483071303
4450,0.5142801226433558
4451,0.20736512492660972
4452,0.9032617913758236
4453,0.09121273403353122
4454,0.7114488877291408
4455,0.7505969078217757
4456,0.7269880618435645
4457,0.7463174375366952
4458,0.36043447061125966
4459,0.6878139474199231
4460,0.6679822558549156
4461,0.6474525409354818
4462,0.891551960336617
4463,0.6040968099680344
4464,0.756768217104834
4465,0.45426316132820144
4466,0.47377519733837825
4467,0.7818513927849176
4468,0.8506947615630506
4469,0.9156761693522083
4470,0.15496770826537934
4471,0.5129558353447713
4472,0.0691108356709505
4473,0.9188205362385022
4474,0.1445364994454955
4475,0.6153695609628809
4476,0.26832800574075283
4477,0.5923152195185597
4478,0.5117163546219584
4479,0.6735273011938157
4480,0.4572052971491944
4481,0.8632852762737296
4482,0.5952769260878075
4483,0.045586796268510664
4484,0.9532520060016961
4485,0.7317568008350185
4486,0.30343792811011805
4487,0.8840367930067193
4488,0.21530432513536435
4489,0.12168438906647532
4490,0.6461282536368973
4491,0.5060343140452737
4492,0.8154347967903973
4493,0.5680670624306869
4494,0.48131645899928244
4495,0.9646552286515755
4496,0.2914410594298389
4497,0.6866266553591232
4498,0.8420966794963795
4499,0.9856285471981212
4500,0.47834170526453124
4501,0.5584056363754974
4502,0.25736186313523385
4503,0.6427229434405375
4504,0.5321155978863592
4505,0.1856807358601344
4506,0.38388675060343136
4507,0.755789679692087
4508,0.7096092373931765
4509,0.08676365059690783
4510,0.8134972927131581
4511,0.6330288994715898
4512,0.9882901689607934
4513,0.061902276730380325
4514,0.6276991323634941
4515,0.42512231717659343
4516,0.5106791049644465
4517,0.9395851001369954
4518,0.6622610737817209
4519,0.8396764302955184
4520,0.05507860917215735
4521,0.9030921782242808
4522,0.45607019375040775
4523,0.9047883097397091
4524,0.028605910365972993
4525,0.3177180507534738
4526,0.9717855045991259
4527,0.5888642442429382
4528,0.019662078413464675
4529,0.19339813425533303
4530,0.6632004696979582
4531,0.22058190358144694
4532,0.5456716028442821
4533,0.5439037119185857
4534,0.032663578837497556
4535,0.5696979581185987
4536,0.5353773892621828
4537,0.10764563898493053
4538,0.40535586143910235
4539,0.5192054276208493
4540,0.7855502642051014
4541,0.5689868875986692
4542,0.4158066410072412
4543,0.7823928501533043
4544,0.7901167721312545
4545,0.4025963859351556
4546,0.5026159566834105
4547,0.2546871942070585
4548,0.7973318546545763
4549,0.7297410137647596
4550,0.6864896601213386
4551,0.20469697958118602
4552,0.9813490769130406
4553,0.2485615500032618
4554,0.7938613086307
4555,0.9640354882901689
4556,0.526479222388936
4557,0.17669123882836454
4558,0.2000260943310066
4559,0.7560506230021528
4560,0.6435775327810034
4561,0.6637680213973516
4562,0.8503098701807033
4563,0.8696783873703439
4564,0.7494487572574858
4565,0.790938743557962
4566,0.81061386913693
4567,0.25764890077630637
4568,0.6362385021854002
4569,0.6103985909061257
4570,0.9749494422336747
4571,0.6048470219844738
4572,0.667825689868876
4573,0.9626524887468199
4574,0.029140844151608065
4575,0.8872203013895232
4576,0.527125057081349
4577,0.5165242351099224
4578,0.6571726792354361
4579,0.8669123882836454
4580,0.8147693913497293
4581,0.11639376345488943
4582,0.464035488290169
4583,0.7583469241307326
4584,0.8643029551829866
4585,0.7972013829995435
4586,0.6602126687977037
4587,0.4958314306216975
4588,0.9296627307717398
4589,0.8592667492987148
4590,0.6756931306673626
4591,0.736186313523387
4592,0.7846108682888642
4593,0.19705786417900711
4594,0.2901689607932677
4595,0.8265966468784657
4596,0.9319786026485746
4597,0.04030921782242808
4598,0.0624372105160154
4599,0.729643160023485
4600,0.7377258790527759
4601,0.13218083371387565
4602,0.24763520125252791
4603,0.8860264857459718
4604,0.6544392980624959
4605,0.729917150499054
4606,0.9589862352403942
4607,0.0958510013699524
4608,0.7064518233413791
4609,0.2588622871681127
4610,0.755861439102355
4611,0.7467545175810555
4612,0.7986104768738993
4613,0.6239611194468002
4614,0.6503359645117098
4615,0.4031508904690456
4616,0.9799465066214365
4617,0.3589862352403941
4618,0.16171309283058255
4619,0.34619348946441386
4620,0.6884467349468328
4621,0.6505903842390242
4622,0.5770630830452085
4623,0.10170917868093157
4624,0.18894252723595797
4625,0.4693065431534999
4626,0.6340335312153434
4627,0.5379281101180768
4628,0.6273925239741666
4629,0.2743557962032748
4630,0.5434666318742254
4631,0.8460173527301194
4632,0.16706243068693327
4633,0.3068497618892296
4634,0.7971100528410203
4635,0.524280775001631
4636,0.8434405375432188
4637,0.24533237654119644
4638,0.7320699328070976
4639,0.11206210450779569
4640,0.4335312153434666
4641,0.4315480461869659
4642,0.13913497292713156
4643,0.18842716419857788
4644,0.4399112792745776
4645,0.8722747733054994
4646,0.892400026094331
4647,0.2601670037184422
4648,0.23051732011220563
4649,0.7300998108161002
4650,0.5431795942331529
4651,0.13010633439885186
4652,0.7524430817404918
4653,0.04929219127144628
4654,0.5852240850675191
4655,0.6387826994585426
4656,0.2720007828299302
4657,0.5942918650923087
4658,0.7629851914671538
4659,0.8444451692869724
4660,0.34463435318677016
4661,0.6365255398264728
4662,0.4841868354100072
4663,0.2230804357753278
4664,0.26519668601996216
4665,0.18013569052123427
4666,0.8216387239872138
4667,0.6914410594298389
4668,0.3563441842259769
4669,0.21655032944092895
4670,0.8053754321873573
4671,0.41606758431730706
4672,0.8913432056885642
4673,0.5888185791636766
4674,0.12839063213516863
4675,0.6512231717659339
4676,0.8846761041163806
4677,0.5498793137190945
4678,0.9960532324352535
4679,0.966012133863918
4680,0.982764694370148
4681,0.9734946832800574
4682,0.4346141300802401
4683,0.8152782308043578
4684,0.6965098832278689
4685,0.7527627372953226
4686,0.5688433687781329
4687,0.669841476939135
4688,0.8466240459260226
4689,0.7947093743884142
4690,0.448261465196686
4691,0.4618566116511188
4692,0.7514188792484833
4693,0.32179528997325335
4694,0.4135820992889295
4695,0.3473612107769587
4696,0.9066997194859417
4697,0.7947746102159307
4698,0.8130210711722878
4699,0.44658490442951276
4700,0.9133798682236285
4701,0.37551699393306803
4702,0.09899536825624633
4703,0.37367082001435187
4704,0.9642833844347316
4705,0.45351947289451366
4706,0.8415226042142344
4707,0.11119446800182661
4708,0.5096679496379412
4709,0.9448104899210646
4710,0.6730445560701938
4711,0.7846956748646358
4712,0.8249853219388088
4713,0.20769782764694372
4714,0.33704090286385285
4715,0.4607019375040773
4716,0.22007306412681846
4717,0.6764890077630634
4718,0.24662404592602258
4719,0.33357688042272815
4720,0.9423380520581904
4721,0.8397351425402831
4722,0.8689151281884011
4723,0.7891447583012591
4724,0.2548111422793398
4725,0.7179137582360232
4726,0.019759932154739382
4727,0.5543675386522278
4728,0.2571400613216779
4729,0.32561810946571856
4730,0.20333355078609172
4731,0.7763259181942723
4732,0.8949050818709635
4733,0.8847348163611456
4734,0.14232500489268707
4735,0.339441581316459
4736,0.3277382738600039
4737,0.4905864700893731
4738,0.5562593776502055
4739,0.7819818644399504
4740,0.853956552938874
4741,0.6932937569313067
4742,0.668954269684911
4743,0.8163220040446213
4744,0.6762150172874943
4745,0.7111031378433036
4746,0.8839193685171896
4747,0.38852501793985256
4748,0.6340857198773567
4749,0.7116772131254485
4750,0.8792289125187553
4751,0.9820992889294802
4752,0.3217626720594951
4753,0.9169091264922695
4754,0.027007632591819427
4755,0.2095896666449214
4756,0.8713549481375171
4757,0.6657316198055973
4758,0.32625742057538004
4759,0.4216843890664753
4760,0.8801161197729794
4761,0.4617457107443408
4762,0.07498858373018462
4763,0.19171504990540805
4764,0.8565007502120164
4765,0.5914736773435971
4766,0.5453715180377063
4767,0.5988388022702068
4768,0.6358470872203014
4769,0.14180964185530695
4770,0.22307391219257616
4771,0.08549155196033661
4772,0.2534411899014939
4773,0.1854785047948333
4774,0.936499445495466
4775,0.8553786939787332
4776,0.9701089438319526
4777,0.989810163741927
4778,0.2799465066214365
4779,0.464942266292648
4780,0.7748385413268967
4781,0.4156892165177115
4782,0.5026355274316655
4783,0.4236284167264662
4784,0.9731750277252267
4785,0.4068823798029878
4786,0.22535064257290105
4787,0.35159501598277776
4788,0.5589666644921392
4789,0.5209080827190293
4790,0.5471655032944094
4791,0.1381955770108944
4792,0.9613608193619937
4793,0.07273794768086633
4794,0.39486594037445366
4795,0.9621827907887012
4796,0.9812968882510276
4797,0.7219844738730511
4798,0.28567421227738277
4799,0.7947158979711658
4800,0.3557766325265836
4801,0.24906386587513862
4802,0.9744406027790463
4803,0.7625285406745386
4804,0.5140517972470481
4805,0.6334920738469567
4806,0.5962554635005545
4807,0.5640485354556722
4808,0.3831822036662535
4809,0.4663448365842521
4810,0.5004501272098637
4811,0.6051666775393046
4812,0.8260421423445757
4813,0.8037380129166938
4814,0.07226824972274774
4815,0.817548437601931
4816,0.6370213321155979
4817,0.7895687911801161
4818,0.7176658620914605
4819,0.9236479874747211
4820,0.36656663839780806
4821,0.9654706764955314
4822,0.5990801748320178
4823,0.1327940504925305
4824,0.8395916237197469
4825,0.25934503229173467
4826,0.13872398721377782
4827,0.9635592667492988
4828,0.6161067258138169
4829,0.6971491943375302
4830,0.572431339291539
4831,0.3730249853219388
4832,0.9640942005349338
4833,0.36580990279861697
4834,0.9775784460825886
4835,0.5214821580011743
4836,0.9765281492595734
4837,0.9797899406353969
4838,0.931952508317568
4839,0.61730706504012
4840,0.39885184943571017
4841,0.2722617261399961
4842,0.49175419140191795
4843,0.3518233413790854
4844,0.9417248352795355
4845,0.6292060799791246
4846,0.9621697436231978
4847,0.9749624893991781
4848,0.6885054471915977
4849,0.71845521560441
4850,0.6579424620001305
4851,0.42358275164720466
4852,0.10996803444451694
4853,0.14797442755561357
4854,0.7600234848979059
4855,0.006888903385739448
4856,0.8696914345358471
4857,0.33169156500750213
4858,0.19547915715310848
4859,0.727164198577859
4860,0.6903711918585688
4861,0.6824646095635724
4862,0.44535847087220304
4863,0.38082066671015724
4864,0.4416139343727576
4865,0.6226759736447256
4866,0.752090808271903
4867,0.2875790984408637
4868,0.8745906451823341
4869,0.5882575510470351
4870,0.2457433622545502
4871,0.7938874029617067
4872,0.32608780742383714
4873,0.7150499054080501
4874,0.6455346076064975
4875,0.06638397808076195
4876,0.4382673364211625
4877,0.7510470350316394
4878,0.9645117098310392
4879,0.4643942853415095
4880,0.6863722356318089
4881,0.13775197338378237
4882,0.08472176919564225
4883,0.07576489007763063
4884,0.0902146258725292
4885,0.48303216126296566
4886,0.6963402700763259
4887,0.010078935351294931
4888,0.9198382151477591
4889,0.12304129427881792
4890,0.5404201187292061
4891,0.7607410790005872
4892,0.26241763976776045
4893,0.9183508382803837
4894,0.7044947485158849
4895,0.6961576097592799
4896,0.7273142409811469
4897,0.41313849566181743
4898,0.8873507730445561
4899,0.7213843042598995
4900,0.7538260812838411
4901,0.7810816100202231
4902,0.6768934698936655
4903,0.8661165111879444
4904,0.1979124535194729
4905,0.9572640093939592
4906,0.9197273142409812
4907,0.35702916041489985
4908,0.5792158653532521
4909,0.2625220170917868
4910,0.4138039011024855
4911,0.7597168765085784
4912,0.3467414704155522
4913,0.7215212994976841
4914,0.45183638854458874
4915,0.14146389196946962
4916,0.21187292060799792
4917,0.8315545697697175
4918,0.6747015460891121
4919,0.8969665340204841
4920,0.6285080566246983
4921,0.7288407593450322
4922,0.45243003457498865
4923,0.40895035553526
4924,0.4954465392393502
4925,0.5095700958966665
4926,0.6913236349403092
4927,0.6203079131058777
4928,0.505251484115076
4929,0.774186183051732
4930,0.5898297344901821
4931,0.35958640485354554
4932,0.5471328853806511
4933,0.4784330354230543
4934,0.982803835866658
4935,0.3145736838671799
4936,0.13246787135494814
4937,0.7506817143975472
4938,0.4850870898297345
4939,0.3552547459064518
4940,0.40758040315741406
4941,0.2034379281101181
4942,0.8086763650596909
4943,0.08267336421162504
4944,0.8655750538195577
4945,0.6407723921977951
4946,0.43749755365646814
4947,0.5854524104638268
4948,0.39194337530171575
4949,0.6358079457237915
4950,0.9825494161393438
4951,0.8025115793593842
4952,0.6986300476221541
4953,0.35990606040837625
4954,0.18321482158001173
4955,0.5939591623719748
4956,0.6943114358405637
4957,0.4714201839650336
4958,0.12357622806445301
4959,0.8901950551242742
4960,0.9210581251223172
4961,0.563702785569835
4962,0.6541392132559203
4963,0.9021723530562986
4964,0.7400156565986039
4965,0.3476352012525279
4966,0.6785374127470807
4967,0.8732337399699915
4968,0.2610672581381695
4969,0.9542892556592082
4970,0.9726922826016049
4971,0.36594037445364996
4972,0.5765216256768217
4973,0.6763585361080305
4974,0.23216126296562073
4975,0.7791114880292257
4976,0.18386065627242484
4977,0.48894252723595805
4978,0.09108878596124992
4979,0.7084937047426447
4980,0.30180050883945464
4981,0.42032096027138105
4982,0.5781720921129885
4983,0.1175092961054211
4984,0.2843955900580599
4985,0.10181355600495792
4986,0.12133863918063802
4987,0.34303607541261666
4988,0.4391871615891448
4989,0.9056298519146716
4990,0.13018461739187162
4991,0.9372887990084156
4992,0.8961967512557897
4993,0.6470806967186379
4994,0.43092178224280775
4995,0.7117130928305826
4996,0.4106008219714267
4997,0.6887729140844152
4998,0.8816295909713615
4999,0.1605845130145476
5000,0.5021984473873051
5001,0.7741339943897189
5002,0.5984604344706113
5003,0.8646943701480854
5004,0.6109139539435058
5005,0.48000521886620134
5006,0.2531345815121665
5007,0.3086046056494227
5008,0.17462978667884405
5009,0.4029617065692478
5010,0.3036271120099159
5011,0.1368582425468067
5012,0.41441711788114033
5013,0.917659338508709
5014,0.9605845130145475
5015,0.24624567812642703
5016,0.6993606888903386
5017,0.338554374062235
5018,0.35578315610933525
5019,0.5502968230152
5020,0.895968425859482
5021,0.30915258660056105
5022,0.7615239089307848
5023,0.9797181812251289
5024,0.16466827581707877
5025,0.5299628155783156
5026,0.14602387631287103
5027,0.3690521234261857
5028,0.4219453323765412
5029,0.4371583273533825
5030,0.09838867506034316
5031,0.9185661165111879
5032,0.3153956552938874
5033,0.21400613216778655
5034,0.7021984473873051
5035,0.8858764433426838
5036,0.10371191858568725
5037,0.5502120164394286
5038,0.42209537477982906
5039,0.8694043968947747
5040,0.8863265705525475
5041,0.5911344510405115
5042,0.972170395981473
5043,0.12743818905342816
5044,0.38840759345032294
5045,0.23131972079065824
5046,0.9637093091525866
5047,0.32246721899667297
5048,0.8818383456194142
5049,0.6289516602518103
5050,0.5994846369626199
5051,0.9811468458477396
5052,0.06134124861373867
5053,0.7893796072803184
5054,0.9373083697566704
5055,0.684800052188662
5056,0.1203274838541327
5057,0.48544588688107515
5058,0.9566116511187945
5059,0.6584969665340206
5060,0.23964381238176005
5061,0.7447974427555614
5062,0.9006523582751649
5063,0.8667492987148544
5064,0.7259181942722943
5065,0.6064648705068824
5066,0.44083110444255985
5067,0.7349859742970839
5068,0.8856742122773827
5069,0.30563637549742323
5070,0.7261204253375955
5071,0.14327744797442754
5072,0.45866657968556335
5073,0.7912844934437994
5074,0.278439559005806
5075,0.15756409420053494
5076,0.6447648248418031
5077,0.5593058907952247
5078,0.8750733903059561
5079,0.44426903255267797
5080,0.9625285406745385
5081,0.541366038228195
5082,0.48491095309544
5083,0.4263422271511514
5084,0.8459260225715963
5085,0.7913823471850742
5086,0.8831495857524952
5087,0.7512362189314372
5088,0.38012916693848264
5089,0.24400156565986042
5090,0.8117881140322264
5091,0.4990410333355079
5092,0.42651184030269423
5093,0.30704546937177896
5094,0.9811174897253572
5095,0.9375171244047231
5096,0.08112075151673298
5097,0.6094722421553918
5098,0.45781199034509756
5099,0.8701089438319526
5100,0.3634287950942658
5101,0.12849500945919498
5102,0.5641398656141954
5103,0.5934633700828496
5104,0.9825885576358536
5105,0.6875334333616022
5106,0.4610150694761563
5107,0.9090482092765347
5108,0.4457694565855568
5109,0.7804422989105617
5110,0.4058907952247374
5111,0.9127014156174571
5112,0.7340335312153434
5113,0.9870637354034836
5114,0.04645443277447974
5115,0.8205753799986953
5116,0.44006784526061715
5117,0.805434144432122
5118,0.5557570617783287
5119,0.39117359253702133
5120,0.09772979320242677
5121,0.9709439624241634
5122,0.37215734881596974
5123,0.5178028573292452
5124,0.8399634679365908
5125,0.9042207580403158
5126,0.834835931893796
5127,0.4480135690521235
5128,0.049664035488290174
5129,0.1620653662991715
5130,0.9808532846239155
5131,0.4516928697240524
5132,0.8843303542305434
5133,0.4712244764824842
5134,0.39500945919499
5135,0.19592276078022047
5136,0.6917737621501728
5137,0.35451105747276407
5138,0.44237066997194857
5139,0.2983625807293365
5140,0.619896927392524
5141,0.6526714071367996
5142,0.055306934568465006
5143,0.6711461934894645
5144,0.9904103333550787
5145,0.5737360558418684
5146,0.960688890338574
5147,0.9024659142801227
5148,0.3650857851131841
5149,0.2674668928175354
5150,0.8976058451301454
5151,0.32435905799465065
5152,0.9612694892034706
5153,0.2045730315089047
5154,0.3246982842977363
5155,0.10502315871876836
5156,0.5826081283841085
5157,0.918918389979777
5158,0.1427555613542958
5159,0.45565920803705395
5160,0.5669123882836454
5161,0.5480331398003784
5162,0.9804683932415684
5163,0.6259508121860526
5164,0.3614130080240068
5165,0.9173070650401202
5166,0.38391936851718966
5167,0.9620523191336683
5168,0.39108878596124996
5169,0.9619544653923935
5170,0.4779894317959424
5171,0.6031704612173006
5172,0.37355339552482225
5173,0.8231261008545894
5174,0.06250896992628352
5175,0.9429316980885902
5176,0.5994389718833584
5177,0.590625611585883
5178,0.7331071824646096
5179,0.22738600039141496
5180,0.27645638984930526
5181,0.11902276730380326
5182,0.9151412355665732
5183,0.11292974101376477
5184,0.6538978406941093
5185,0.13935025115793595
5186,0.6905473285928633
5187,0.7605258007697828
5188,0.828625481114228
5189,0.5930001957074825
5190,0.44933133276795617
5191,0.32801878791832473
5192,0.31727444712636177
5193,0.6475177767629983
5194,0.14444516928697243
5195,0.7955313458151217
5196,0.3304520842846892
5197,0.2915780546676235
5198,0.32657055254745904
5199,0.9758105551568922
5200,0.19416139343727573
5201,0.4225911670689543
5202,0.173964381238176
5203,0.4781590449474852
5204,0.42807097658033794
5205,0.3154935090351621
5206,0.5486463565790333
5207,0.1845717267923544
5208,0.2146519668601996
5209,0.5923804553460761
5210,0.15907104181616544
5211,0.10644529975862745
5212,0.838756605127536
5213,0.5341379085393698
5214,0.12436558157740232
5215,0.7243003457498859
5216,0.7040968099680345
5217,0.6955509165633766
5218,0.6408767695218214
5219,0.7770630830452084
5220,0.16614260551895102
5221,0.09663383130015005
5222,0.5743818905342815
5223,0.6945528084023745
5224,0.8404918781394741
5225,0.16003000848065757
5226,0.49822558549155194
5227,0.822760780220497
5228,0.5497553656468133
5229,0.7525605062300216
5230,0.6953682562463305
5231,0.5916759084088982
5232,0.45236479874747215
5233,0.9831430621697437
5234,0.5702067975732272
5235,0.3609759279796464
5236,0.6862743818905344
5237,0.6595668341052906
5238,0.8326635788374974
5239,0.35402831234914217
5240,0.18115336943049123
5241,0.23600365320634092
5242,0.5062234979450715
5243,0.5114423641463892
5244,0.243916759084089
5245,0.9947746102159307
5246,0.8041163807162893
5247,0.2611585882966926
5248,0.7983886750603432
5249,0.3273990475569183
5250,0.5978863591884663
5251,0.3601930980494488
5252,0.4547198121208168
5253,0.9899993476417249
5254,0.21101833126753214
5255,0.11705916889555745
5256,0.1554569769717529
5257,0.732657055254746
5258,0.959005805988649
5259,0.7545828168830321
5260,0.4458346924130732
5261,0.8189640550590385
5262,0.6697958118598735
5263,0.6909844086372235
5264,0.39855176462913433
5265,0.9132559201513472
5266,0.6246265248874683
5267,0.7091036597299236
5268,0.8859742970839586
5269,0.7495335638332573
5270,0.6570943962424163
5271,0.869508774218801
5272,0.9695674864635657
5273,0.46595994520190487
5274,0.42585948202752955
5275,0.21737882445038814
5276,0.9886685367603889
5277,0.9566573161980559
5278,0.6585034901167722
5279,0.8041294278817928
5280,0.9215343466631873
5281,0.8215017287494293
5282,0.947596059756018
5283,0.86091069215213
5284,0.6326309609237394
5285,0.13543610150694763
5286,0.2720399243264401
5287,0.4393698219061909
5288,0.8720007828299302
5289,0.09380259638593516
5290,0.4780742383717137
5291,0.9310718246460956
5292,0.8046578380846762
5293,0.34496053232435253
5294,0.2195968425859482
5295,0.28195577010894385
5296,0.9235240394024399
5297,0.30231587187683473
5298,0.6622675973644725
5299,0.4900580598864897
5300,0.9804879639898233
5301,0.6453193293756931
5302,0.6159044947485158
5303,0.7472503098701807
5304,0.5665666383978081
5305,0.7087872659664688
5306,0.9878987539956945
5307,0.2561615239089308
5308,0.6382999543349207
5309,0.9003587970513407
5310,0.8608128384108553
5311,0.28798356057146585
5312,0.24799399830386848
5313,0.788629395263879
5314,0.17577793724313395
5315,0.1521169026029095
5316,0.9839128449344381
5317,0.8260812838410856
5318,0.7215800117424489
5319,0.9716093678648314
5320,0.6682823406614913
5321,0.3983691043120882
5322,0.7306673625154936
5323,0.7897840694109204
5324,0.3288733772587905
5325,0.949722747733055
5326,0.7029943244830061
5327,0.7386522278035097
5328,0.9847250309870181
5329,0.6815774023093484
5330,0.5886424424293824
5331,0.6804749168243199
5332,0.8569117359253702
5333,0.27140061321677866
5334,0.8501402570291604
5335,0.9260225715963206
5336,0.117659338508709
5337,0.6546741470415551
5338,0.7527888316263291
5339,0.6288146650140257
5340,0.8261791375823602
5341,0.9793398134255333
5342,0.35074695022506364
5343,0.6440668014873769
5344,0.42874290560375766
5345,0.31411050949181285
5346,0.42499184552156044
5347,0.9072477004370801
5348,0.46432252593124146
5349,0.9940635396960011
5350,0.21064648705068825
5351,0.9804390371191859
5352,0.2283710613869137
5353,0.39832996281557836
5354,0.17573879574662404
5355,0.9830386848457172
5356,0.025742057537999873
5357,0.563552743166547
5358,0.3359123230478178
5359,0.7304977493639507
5360,0.7581642638136865
5361,0.038893600365320635
5362,0.8157153108487181
5363,0.5415552221279927
5364,0.10268771609367865
5365,0.14907038945789028
5366,0.020588427164198578
5367,0.03788244503881532
5368,0.8469567486463565
5369,0.829695348685498
5370,0.3076782568986887
5371,0.7932415682692935
5372,0.9847021984473873
5373,0.35008806836714723
5374,0.3392328266684063
5375,0.5325396307652163
5376,0.03714528018787918
5377,0.6220953747798291
5378,0.025441972731424095
5379,0.888759866918912
5380,0.1609694043968948
5381,0.20326831495857525
5382,0.7410007175941027
5383,0.12779698610476875
5384,0.48344314697631946
5385,0.053969600104377326
5386,0.16233283319198905
5387,0.8058907952247374
5388,0.7362580729336552
5389,0.02427425141887925
5390,0.884780481440407
5391,0.2863330941352991
5392,0.39504207710874817
5393,0.01565659860395329
5394,0.03535781851392785
5395,0.3713810424685237
5396,0.009511383651901625
5397,0.2821514775914932
5398,0.895896666449214
5399,0.46899341118142085
5400,0.9436558157740231
5401,0.7696066279600757
5402,0.20228325396307653
5403,0.5519668601996217
5404,0.49150629525735534
5405,0.8270663448365843
5406,0.13928501533041945
5407,0.40089373083697566
5408,0.03201774414508448
5409,0.9704416465522865
5410,0.6939265444582166
5411,0.7608976449866266
5412,0.025102746428338447
5413,0.6827059821253832
5414,0.6218670493835214
5415,0.024541718311696784
5416,0.30953747798290826
5417,0.18704416465522866
5418,0.16657316198055971
5419,0.18517841998825757
5420,0.02478309087350773
5421,0.1893730836975667
5422,0.1958249070389458
5423,0.9784395590058061
5424,0.08658751386261335
5425,0.43061517385348036
5426,0.5364994454954661
5427,0.2868484571726792
5428,0.48262769913236353
5429,0.4128449344379934
5430,0.03832604866592733
5431,0.5626263944158131
5432,0.02525278883162633
5433,0.17477330549938025
5434,0.19533563833257225
5435,0.2286515754452345
5436,0.9619414182268903
5437,0.34502576815186903
5438,0.5185008806836715
5439,0.017346206536629917
5440,0.6374649357427099
5441,0.665164068106204
5442,0.4376997847217692
5443,0.42098636571204906
5444,0.5082719029290887
5445,0.46349403092178226
5446,0.6443668862939527
5447,0.9204644790919172
5448,0.13743231782895166
5449,0.6169808859025377
5450,0.7436949572705329
5451,0.019544653923935028
5452,0.2164068106203927
5453,0.4090155913627764
5454,0.022343270924391676
5455,0.5409746232630961
5456,0.6535716615565268
5457,0.03379215865353252
5458,0.17855045991258398
5459,0.9817992041229042
5460,0.7770174179659468
5461,0.11459977819818645
5462,0.02561810946571857
5463,0.1960728031835084
5464,0.1141105094918129
5465,0.021599582490703897
5466,0.9759834300998109
5467,0.0519211951203601
5468,0.44573031508904687
5469,0.5837888968621567
5470,0.8314501924456912
5471,0.10362711200991587
5472,0.5606040837628026
5473,0.6168373670820014
5474,0.4600952443081741
5475,0.2635788374975536
5476,0.8348881205558093
5477,0.9732533107182465
5478,0.5467545175810555
5479,0.5828755952769262
5480,0.7161719616413333
5481,0.20753473807815254
5482,0.963833257224868
5483,0.7040054798095114
5484,0.7215865353252007
5485,0.022695544392980625
5486,0.6774284036793007
5487,0.6537804162045795
5488,0.38499575967121147
5489,0.6315806641007242
5490,0.7987148541979255
5491,0.013666905864700894
5492,0.22027529519211952
5493,0.9291408441516081
5494,0.8932872333485551
5495,0.11125318024659142
5496,0.9053884793528607
5497,0.3381825298453911
5498,0.5117685432839716
5499,0.9192967577793725
5500,0.5527496901298193
5501,0.36526192184747863
5502,0.6086437471459326
5503,0.5845130145475896
5504,0.8448952964968361
5505,0.773318546545763
5506,0.2462391545436754
5507,0.016021919238045537
5508,0.331176201970122
5509,0.19399830386848457
5510,0.749650988322787
5511,0.5222127992693587
5512,0.5598082066671015
5513,0.02606823667558223
5514,0.4208167525605062
5515,0.026824972274773307
5516,0.4453323765411964
5517,0.4032096027138104
5518,0.5700371844216843
5519,0.6727705655946246
5520,0.7459129754060931
5521,0.8536303738012916
5522,0.7788309739709048
5523,0.07679561615239089
5524,0.0029812773175027724
5525,0.40865679431143587
5526,0.01908800313131972
5527,0.08796398982321091
5528,0.46689281753539047
5529,0.5342553330288995
5530,0.25719224998369106
5531,0.4665144497357949
5532,0.965920803705395
5533,0.4115271707221606
5534,0.6568334529323504
5535,0.01428012264335573
5536,0.23724965751190555
5537,0.41877487115924067
5538,0.39760584513014546
5539,0.5862678583077826
5540,0.31732011220562334
5541,0.34695022506360496
5542,0.24456911735925368
5543,0.05047948333224607
5544,0.782379802987801
5545,0.7635657903320503
5546,0.9238110770435123
5547,0.7185595929284364
5548,0.7005675516993933
5549,0.8594037445364995
5550,0.5372627046774088
5551,0.6781981864439951
5552,0.9220758040315742
5553,0.12133211559788636
5554,0.5945332376541196
5555,0.17457759801683084
5556,0.7991975993215473
5557,0.0912388283645378
5558,0.3349990214625873
5559,0.7649161719616413
5560,0.45081218605258006
5561,0.4678061191206211
5562,0.10673886098245157
5563,0.8703829343075217
5564,0.07070911344510405
5565,0.29379607280318354
5566,0.25885576358536105
5567,0.41616543805858175
5568,0.4041881401265575
5569,0.5512036010176788
5570,0.5949703176984801
5571,0.8897057864179008
5572,0.9622219322852111
5573,0.9727575184291213
5574,0.8965229303933722
5575,0.11646552286515756
5576,0.9631287102876901
5577,0.9953193293756931
5578,0.9031117489725358
5579,0.8672516145867311
5580,0.21771152717072217
5581,0.7033726922826015
5582,0.9725487637810686
5583,0.08511970774349273
5584,0.816622088851197
5585,0.12036010176789093
5586,0.5118598734424947
5587,0.022101898362580728
5588,0.5666710157218344
5589,0.20463826733642115
5590,0.5333876965229304
5591,0.02285211037902016
5592,0.8769913236349403
5593,0.027072868419335903
5594,0.656507273794768
5595,0.6847870050231587
5596,0.6659664687846566
5597,0.22615304325135363
5598,0.4551829864961837
5599,0.6961706569247831
5600,0.46511840302694235
5601,0.026322656402896473
5602,0.011905538521756149
5603,0.4446995890142867
5604,0.17895492204318614
5605,0.6670167656076718
5606,0.5597560180050885
5607,0.45111227085915584
5608,0.6851001369952379
5609,0.6415160806314828
5610,0.7598408245808599
5611,0.7622415030334659
5612,0.13135233870441648
5613,0.14229238697892885
5614,0.9291473677343598
5615,0.8055972340009133
5616,0.24395590058059888
5617,0.01152717072216061
5618,0.9033596451170984
5619,0.8526975014678061
5620,0.6033465979515951
5621,0.4020092634875074
5622,0.1829212603561876
5623,0.38733120229630114
5624,0.5997521038554374
5625,0.05790984408637223
5626,0.0501793985256703
5627,0.3516993933068041
5628,0.7379085393698219
5629,0.1060538847935286
5630,0.22984539108878596
5631,0.05592015134711985
5632,0.2827059821253833
5633,0.39827777415356513
5634,0.0457433622545502
5635,0.24478439559005807
5636,0.22908213190684326
5637,0.2710026746689282
5638,0.4504338182529845
5639,0.5125513732141692
5640,0.5945528084023746
5641,0.5510470350316394
5642,0.9763748450649097
5643,0.09310457303150892
5644,0.584669580533629
5645,0.27162241503033463
5646,0.846950225063605
5647,0.013829995433492073
5648,0.12022310653010634
5649,0.01788114032226499
5650,0.13976776045404138
5651,0.12473742579424621
5652,0.3113314632396112
5653,0.6379215865353253
5654,0.6295714006132168
5655,0.25079913888707683
5656,0.23144366886293954
5657,0.21725487637810686
5658,0.7713419009720139
5659,0.594396242416335
5660,0.02924522147563442
5661,0.35683345293235047
5662,0.4054080501011155
5663,0.027529519211951202
5664,0.648411507599974
5665,0.3725487637810686
5666,0.9399438971883358
5667,0.1707678256898689
5668,0.1814143127405571
5669,0.9159305890795225
5670,0.23047817861569575
5671,0.688609824515624
5672,0.9311892491356253
5673,0.8954204449083437
5674,0.9885380651053559
5675,0.0493509035162111
5676,0.17611063996346796
5677,0.23850870898297344
5678,0.7368647661295584
5679,0.1797116576423772
5680,0.061152064713940905
5681,0.15822297605845131
5682,0.09825167982255854
5683,0.2959031900319655
5684,0.19858438254289257
5685,0.7766325265835998
5686,0.19000587122447649
5687,0.22203666253506427
5688,0.7430947876573815
5689,0.6655946245678127
5690,0.03250048926870638
5691,0.7644725683345294
5692,0.8245351947289452
5693,0.6234914214886815
5694,0.965849044295127
5695,0.818011611977298
5696,0.19849305238436948
5697,0.18534150955704876
5698,0.5887990084154218
5699,0.7619675125578969
5700,0.34892687063735406
5701,0.4002805140583208
5702,0.5918129036466828
5703,0.561315154282732
5704,0.74748515884924
5705,0.5671929023419662
5706,0.03725618109465719
5707,0.019277187031117488
5708,0.458118598734425
5709,0.5054602387631287
5710,0.3894578902733381
5711,0.7005805988648965
5712,0.9014547589536174
5713,0.649279144105943
5714,0.41824646095635726
5715,0.08570683019114098
5716,0.03150238110770435
5717,0.6996672972796659
5718,0.917992041229043
5719,0.572966273077174
5720,0.38348881205558094
5721,0.09350251157935939
5722,0.7208297997260095
5723,0.09283710613869138
5724,0.5570161132493966
5725,0.4823341379085394
5726,0.7711461934894646
5727,0.7327027203340074
5728,0.7168112727509949
5729,0.5689216517711527
5730,0.8628808141431275
5731,0.7209015591362777
5732,0.9813751712440473
5733,0.26853676038880553
5734,0.9637288799008416
5735,0.6285211037902015
5736,0.470839585100137
5737,0.02294344053754322
5738,0.4829408311044425
5739,0.5206862809054733
5740,0.318879248483267
5741,0.564850936134125
5742,0.4199425924717855
5743,0.02882118859677735
5744,0.3379737751973384
5745,0.51675256050623
5746,0.745893404657838
5747,0.01899014939004501
5748,0.564479091917281
5749,0.021593058907952246
5750,0.013405962554635007
5751,0.8876247635201253
5752,0.5435775327810033
5753,0.9818318220366626
5754,0.8595929284362972
5755,0.5056885641594363
5756,0.09553460760649748
5757,0.17218344314697634
5758,0.6352469176071498
5759,0.846950225063605
5760,0.9774871159240655
5761,0.617920281818775
5762,0.6232500489268706
5763,0.6657055254745906
5764,0.733081088133603
5765,0.7952573553395526
5766,0.25402831234914214
5767,0.5125709439624242
5768,0.6093221997521038
5769,0.38477395785765545
5770,0.6202687716093679
5771,0.41344510405114493
5772,0.18604605649422662
5773,0.7382347185074042
5774,0.961334725030987
5775,0.9916693848261465
5776,0.2825037510600822
5777,0.9212407854393632
5778,0.4834366233935678
5779,0.2810294213582099
5780,0.8707156370278557
5781,0.491956422467219
5782,0.49380259638593516
5783,0.788942527235958
5784,0.6040772392197795
5785,0.5073846956748647
5786,0.9940048274512362
5787,0.22453519472894515
5788,0.522356318089895
5789,0.6405636375497423
5790,0.12570291604149
5791,0.4696979581185987
5792,0.6414182268902081
5793,0.6668406288733773
5794,0.5526909778850545
5795,0.8483267010242025
5796,0.47595407397742845
5797,0.6558549155196034
5798,0.7316524235109922
5799,0.29069737099615106
5800,0.5529388740296171
5801,0.5678583077826342
5802,0.4558157740230935
5803,0.18938613086307002
5804,0.1881531737230087
5805,0.22497879835605716
5806,0.27420575379998696
5807,0.39572052971491944
5808,0.6759997390566899
5809,0.7919825167982256
5810,0.05138626133472503
5811,0.8000848065757715
5812,0.29532911474982065
5813,0.8306999804292517
5814,0.5779568138821841
5815,0.6942918650923087
5816,0.025683345293235047
5817,0.239885184943571
5818,0.7465718572640094
5819,0.7019701219909976
5820,0.6447387305107966
5821,0.9436688629395265
5822,0.033387696522930395
5823,0.5877552351751583
5824,0.46389196946963274
5825,0.4395655293887403
5826,0.3347706960662796
5827,0.15163415747928766
5828,0.3022506360493183
5829,0.17486463565790333
5830,0.7275817078739645
5831,0.014658490442951269
5832,0.9905081870963534
5833,0.08064452997586274
5834,0.764348620262248
5835,0.5419205427620849
5836,0.9814404070715638
5837,0.4024920086111292
5838,0.8646878465653337
5839,0.1918324743949377
5840,0.9761954465392394
5841,0.7877552351751582
5842,0.9079718181225129
5843,0.8894383195250832
5844,0.9639376345488943
5845,0.16853676038880552
5846,0.49097136147172027
5847,0.49650988322786876
5848,0.9558092504403419
5849,0.36125644203796725
5850,0.11931632852762737
5851,0.30980494487572574
5852,0.44106595342161914
5853,0.4845260617130928
5854,0.4096288081414312
5855,0.42767303803248746
5856,0.03787592145606367
5857,0.7975797507991388
5858,0.7917737621501728
5859,0.26019309804944873
5860,0.8155522212799269
5861,0.5378106856285473
5862,0.3319133668210581
5863,0.20837628025311503
5864,0.2578478700502316
5865,0.45291930328136215
5866,0.9720660186574467
5867,0.14250114162698155
5868,0.6410594298388675
5869,0.9827190292908865
5870,0.679900841542175
5871,0.8715897971165765
5872,0.2517515819688173
5873,0.49336551634157483
5874,0.8407789157805468
5875,0.9854915519603367
5876,0.8122447648248418
5877,0.21322982582034053
5878,0.3284754387109401
5879,0.5202100593646031
5880,0.7697501467806118
5881,0.6083632330876116
5882,0.6311240133081089
5883,0.19022114945528085
5884,0.1809446147824385
5885,0.7330288994715898
5886,0.6032683149585754
5887,0.858320829799726
5888,0.5641072477004372
5889,0.6035749233479026
5890,0.8587187683475765
5891,0.03220040446213061
5892,0.5871159240654967
5893,0.5141366038228196
5894,0.7280970709113446
5895,0.9692543544914867
5896,0.9878661360819363
5897,0.988035749233479
5898,0.9262704677408833
5899,0.4482940831104443
5900,0.9495596581642638
5901,0.7959162371974688
5902,0.7487115924065496
5903,0.47269880618435645
5904,0.19841476939134975
5905,0.7951464544327744
5906,0.6105029682301519
5907,0.35580925044034184
5908,0.6471981212081676
5909,0.8394285341509558
5910,0.14736773435971035
5911,0.9699589014286647
5912,0.4315415226042143
5913,0.9870767825689869
5914,0.6707808728553721
5915,0.3338247765672908
5916,0.22082979972600952
5917,0.3336812577467545
5918,0.43923935025115796
5919,0.9780644529975864
5920,0.5795485680735861
5921,0.7001826603170461
5922,0.40707156370278563
5923,0.25310196359840825
5924,0.4465522865157544
5925,0.18410855241698743
5926,0.7865222780350968
5927,0.23485550264205102
5928,0.9092895818383456
5929,0.5230608650270729
5930,0.7346076064974884
5931,0.9776502054928567
5932,0.9769913236349403
5933,0.45559397220953746
5934,0.30416856937830256
5935,0.5707221606106073
5936,0.04648705068823798
5937,0.515884924000261
5938,0.6002674668928176
5939,0.9607671733315938
5940,0.4826603170461217
5941,0.5551699393306804
5942,0.8753278100332702
5943,0.19564224672189964
5944,0.6740100463174376
5945,0.4028377584969665
5946,0.7687716093678648
5947,0.3762345880357492
5948,0.6124600430556463
5949,0.38772261726139995
5950,0.4313719094526714
5951,0.7201970121990997
5952,0.8186509230869594
5953,0.6125709439624242
5954,0.9739839519864311
5955,0.497116576423772
5956,0.307932676626003
5957,0.7372757518429122
5958,0.5768478048144041
5959,0.512186052580077
5960,0.4700110900906779
5961,0.1167329897579751
5962,0.2087872659664688
5963,0.34060277904625225
5964,0.22371974688498925
5965,0.31002674668928176
5966,0.17397090482092767
5967,0.2124926609694044
5968,0.16396372887990085
5969,0.9833518168177964
5970,0.7020810228977755
5971,0.9627764368191011
5972,0.7133863918063801
5973,0.010522538978406942
5974,0.8139017548437603
5975,0.39850283775849693
5976,0.45615500032617917
5977,0.8070780872855372
5978,0.6452345227999218
5979,0.5923608845978212
5980,0.1585556787787853
5981,0.5013764759605975
5982,0.8385478504794833
5983,0.6672972796659925
5984,0.9790723465327158
5985,0.5378041620457956
5986,0.5245417183116968
5987,0.5115206471394089
5988,0.5016243721051602
5989,0.11892491356252853
5990,0.7236610346402245
5991,0.23284623915454367
5992,0.9697044817013504
5993,0.17528214495400873
5994,0.20648444125513732
5995,0.7109726661882706
5996,0.5043381825298454
5997,0.8061908800313132
5998,0.5178159044947486
5999,0.4433883488812056
6000,0.33110444255985383
6001,0.6734620653662992
6002,0.38071628938613084
6003,0.9733968295387826
6004,0.22196490312479614
6005,0.7620784134646748
6006,0.7623850218540023
6007,0.9713027594755039
6008,0.39167590840889815
6009,0.30770435122969536
6010,0.2746819753408572
6011,0.4390827842651184
6012,0.8388087937895493
6013,0.5160741079000587
6014,0.42411768543283973
6015,0.5139474199230217
6016,0.10521886620131776
6017,0.6549546610998761
6018,0.7566312218670493
6019,0.46862156696457696
6020,0.9829995433492075
6021,0.2200795877095701
6022,0.6296496836062365
6023,0.6428925565920803
6024,0.9848130993541653
6025,0.34601082914736775
6026,0.8431991649814079
6027,0.3398525670298128
6028,0.024933133276795614
6029,0.48207319459847353
6030,0.050629525735533955
6031,0.4172418292126036
6032,0.8096809968034444
6033,0.8179333289842783
6034,0.6340726727118533
6035,0.925167982255855
6036,0.8262900384891383
6037,0.6765999086698414
6038,0.0817992041229043
6039,0.6417574531932938
6040,0.05674212277382738
6041,0.6244177702394155
6042,0.6578641790071107
6043,0.8080240067845261
6044,0.7905473285928633
6045,0.4209928892948007
6046,0.7035357818513929
6047,0.4275425663774545
6048,0.10964185530693457
6049,0.5837367082001436
6050,0.39618370409028636
6051,0.9753995694435385
6052,0.25565920803705394
6053,0.5920868941222519
6054,0.9850609954987279
6055,0.1345097527562137
6056,0.8911474982060148
6057,0.6650923086959359
6058,0.6525539826472699
6059,0.37190292908865547
6060,0.7623524039402441
6061,0.7446930654315349
6062,0.6509426577076131
6063,0.47571922499836916
6064,0.19386130863069997
6065,0.0772914084415161
6066,0.5417639767760455
6067,0.9747406875856219
6068,0.21155326505316724
6069,0.6108291473677344
6070,0.3173070650401201
6071,0.3239480722812969
6072,0.9215930589079522
6073,0.20654315349990215
6074,0.2317959423315285
6075,0.8060995498727902
6076,0.4004272946702329
6077,0.7480331398003783
6078,0.4673298975797508
6079,0.10123948072281297
6080,0.7004370800443603
6081,0.5119381564355143
6082,0.544269032552678
6083,0.40722160610607344
6084,0.8538717463631027
6085,0.8452997586274382
6086,0.352162567682171
6087,0.3890273338117294
6088,0.4035227346858895
6089,0.14982712505708135
6090,0.9848130993541653
6091,0.18412812316524235
6092,0.4589275229956292
6093,0.14425598538717463
6094,0.34454954661099874
6095,0.6017091786809315
6096,0.29241959684258595
6097,0.13962424163350512
6098,0.09831691565007503
6099,0.9160741079000587
6100,0.44323178289516607
6101,0.9841085524169875
6102,0.642585948202753
6103,0.7277121795289974
6104,0.5096614260551895
6105,0.9464087676952182
6106,0.9629460499706439
6107,0.9746819753408573
6108,0.7034248809446147
6109,0.21877487115924069
6110,0.5107965294539761
6111,0.9826864113771283
6112,0.7236218931437145
6113,0.7477982908213191
6114,0.6838084676104116
6115,0.5114293169808859
6116,0.562593776502055
6117,0.12202361536956095
6118,0.10217235305629853
6119,0.3988583730184617
6120,0.9902537673690391
6121,0.21679822558549158
6122,0.9189183899797769
6123,0.5687585622023615
6124,0.7653989170852632
6125,0.3240654967708266
6126,0.33591884663056953
6127,0.7100202231065302
6128,0.9302041881401266
6129,0.24580207449931502
6130,0.6326048665927329
6131,0.17040902863852828
6132,0.6944875725748582
6133,0.9831430621697436
6134,0.7172548763781068
6135,0.5370409028638529
6136,0.09386783221345163
6137,0.23616021919238048
6138,0.8935807945723792
6139,0.12979972600952444
6140,0.7841411703307457
6141,0.7865744666971101
6142,0.3088916432904952
6143,0.8133472503098702
6144,0.8414443212212147
6145,0.38847935286059104
6146,0.9753082392850153
6147,0.7826929349598799
6148,0.934835931893796
6149,0.25987996607736974
6150,0.46618827059821255
6151,0.6446604475177767
6152,0.5063213516863462
6153,0.8512818840106987
6154,0.49833648639833
6155,0.6046774088329311
6156,0.2684519538130341
6157,0.9683671472372628
6158,0.4776241111618501
6159,0.9778002478961446
6160,0.6298584382542893
6161,0.7160023484897906
6162,0.910150694761563
6163,0.5629656207188988
6164,0.16079979124535193
6165,0.3270467740883293
6166,0.4439624241633505
6167,0.9756996542501142
6168,0.12949964120294866
6169,0.964479091917281
6170,0.5449540087416009
6171,0.20627568660708462
6172,0.9828299301976646
6173,0.4978798356057147
6174,0.7327027203340074
6175,0.6626068236675582
6176,0.7886685367603888
6177,0.3831104442559854
6178,0.1426055189510079
6179,0.9623393567747407
6180,0.7733446408767696
6181,0.7284232500489269
6182,0.9909061256442038
6183,0.60281166416596
6184,0.7185856872594429
6185,0.2860134385804684
6186,0.11932285211037902
6187,0.6661621762672059
6188,0.033883488812055586
6189,0.2644529975862744
6190,0.6210842194533238
6191,0.7111031378433036
6192,0.5201904886163481
6193,0.6878139474199231
6194,0.7799008415421751
6195,0.818213843042599
6196,0.7915323895883619
6197,0.9562593776502055
6198,0.9559592928436298
6199,0.9899080174832018
6200,0.5958836192837107
6201,0.5765933850870898
6202,0.6884206406158262
6203,0.9716811272750995
6204,0.73243525344119
6205,0.2292386978928828
6206,0.5453845652032097
6207,0.272744471263618
6208,0.8668732467871355
6209,0.5810424685237132
6210,0.8815969730576033
6211,0.979196294604997
6212,0.4106530106334399
6213,0.8221149455280841
6214,0.3942201056820406
6215,0.3998173396829539
6216,0.976130210711723
6217,0.7754778524365582
6218,0.6491551960336618
6219,0.6268706373540349
6220,0.7622088851197077
6221,0.20983103920673232
6222,0.4801552612694892
6223,0.501350381629591
6224,0.8378759214560638
6225,0.733596451170983
6226,0.7138887076782569
6227,0.46202622480266164
6228,0.7013308108813361
6229,0.6106464870506882
6230,0.9625676821710484
6231,0.7761628286254811
6232,0.7991258399112793
6233,0.40907430360754127
6234,0.6112401330810882
6235,0.7879052775784461
6236,0.6996607736969144
6237,0.9078152521364734
6238,0.9577271837693262
6239,0.6014286646226108
6240,0.44735468719420707
6241,0.8459455933198513
6242,0.9314567160284428
6243,0.8724182921260357
6244,0.7274512362189315
6245,0.5010046317437536
6246,0.9906517059168896
6247,0.7229238697892882
6248,0.7646943701480854
6249,0.2837562789483985
6250,0.7624698284297737
6251,0.14270337269228262
6252,0.1459651640681062
6253,0.412760127862222
6254,0.5751060082197141
6255,0.1953943505773371
6256,0.07590840889816687
6257,0.4031900319655555
6258,0.3410463826733643
6259,0.8911344510405114
6260,0.21090090677800247
6261,0.8736447256833454
6262,0.33751712440472303
6263,0.27956813882184095
6264,0.8127536042794704
6265,0.20559723400091331
6266,0.047335116445952126
6267,0.14156826929349597
6268,0.25933198512623135
6269,0.5798160349664035
6270,0.9649618370409028
6271,0.23531867701741796
6272,0.9804683932415683
6273,0.13136538586991978
6274,0.5022049709700568
6275,0.13079131058777482
6276,0.19452019048861635
6277,0.20217887663905015
6278,0.7499249787983561
6279,0.7478113379868224
6280,0.8981016374192707
6281,0.9820210059364604
6282,0.39542696849109527
6283,0.542788179268054
6284,0.8226303085654643
6285,0.3745123621893144
6286,0.6280970709113445
6287,0.5745906451823342
6288,0.4123817600626264
6289,0.2653923935025116
6290,0.1781786156957401
6291,0.15070128514580206
6292,0.27877226172614
6293,0.766697110052841
6294,0.7775588753343337
6295,0.4110118076847805
6296,0.8233609498336486
6297,0.15746624045926025
6298,0.8330876117163548
6299,0.4678974492791441
6300,0.21515428273207646
6301,0.05758366494878987
6302,0.8286515754452346
6303,0.20590384239024073
6304,0.16674277513210256
6305,0.3457694565855568
6306,0.5692478309087351
6307,0.8043773240263554
6308,0.6398199491160546
6309,0.8774740687585622
6310,0.8655620066540544
6311,0.15152325657250962
6312,0.8697370996151087
6313,0.8654380585817731
6314,0.6925435449148672
6315,0.7448170135038163
6316,0.4921129884532585
6317,0.1903972861895753
6318,0.1622023615369561
6319,0.7003653206340922
6320,0.7930458607867441
6321,0.5197012199099745
6322,0.4502707286841934
6323,0.9001761367342945
6324,0.8552221279926936
6325,0.8861243394872464
6326,0.9738469567486464
6327,0.16109335246917608
6328,0.9822362841672647
6329,0.21342553330288996
6330,0.6705851653728228
6331,0.22705982125383262
6332,0.5246460956357232
6333,0.13030856546415293
6334,0.6656402896470741
6335,0.17594755039467674
6336,0.11567616935220823
6337,0.5217757192249983
6338,0.9749168243199164
6339,0.3739121925761628
6340,0.9850218540022181
6341,0.9671341900972015
6342,0.22122121469110834
6343,0.8409485289320896
6344,0.48847282927783947
6345,0.447504729597495
6346,0.5816491617196164
6347,0.20167656076717333
6348,0.5428599386783222
6349,0.9708461086828887
6350,0.46588818579163677
6351,0.5898753995694436
6352,0.8784787005023159
6353,0.9889164329049515
6354,0.46996542501141625
6355,0.9756605127536043
6356,0.8767108095766195
6357,0.4101115532650532
6358,0.907469502250636
6359,0.8080305303672778
6360,0.8735077304455607
6361,0.9806445299758628
6362,0.29737751973383786
6363,0.9801683084349925
6364,0.7895231261008546
6365,0.7498988844673494
6366,0.5848196229369169
6367,0.8532454824189446
6368,0.9745775980168309
6369,0.4273338117294018
6370,0.8415747928762476
6371,0.9814860721508253
6372,0.1306934568465001
6373,0.3136930001957075
6374,0.1074629786678844
6375,0.5406484441255138
6376,0.7936395068171439
6377,0.1935025115793594
6378,0.35141235566573165
6379,0.21511514123556658
6380,0.24069410920477527
6381,0.2519929545306282
6382,0.7855828821188597
6383,0.12378498271250571
6384,0.7498597429708396
6385,0.7874616739513342
6386,0.8179007110705201
6387,0.8055319981733968
6388,0.9503816295909714
6389,0.5680148737686738
6390,0.14186835410007176
6391,0.8305825559397221
6392,0.4578576554243591
6393,0.8506556200665405
6394,0.9743231782895166
6395,0.8803640159175419
6396,0.9163220040446214
6397,0.5950159827777416
6398,0.7914149650988322
6399,0.6896927392523974
6400,0.5828560245286712
6401,0.49753408571987734
6402,0.1542957792419597
6403,0.5684389066475308
6404,0.9241372561810948
6405,0.9761628286254812
6406,0.8317568008350187
6407,0.9685367603888055
6408,0.8122643355730967
6409,0.17144627829604017
6410,0.2994846369626199
6411,0.9724965751190555
6412,0.5994128775523517
6413,0.9964381238176006
6414,0.30940700632787527
6415,0.8927849174766782
6416,0.09971296235892753
6417,0.9174897253571661
6418,0.1427164198577859
6419,0.9729140844151608
6420,0.9053297671080958
6421,0.039663383130015
6422,0.8120686280905474
6423,0.987703046513145
6424,0.9766162176267207
6425,0.7243003457498858
6426,0.4505316719942593
6427,0.9249396568595473
6428,0.7983691043120882
6429,0.3406223497945071
6430,0.9691891186639704
6431,0.9744862678583078
6432,0.5448170135038163
6433,0.23966990671276664
6434,0.1309152586600561
6435,0.983821514775915
6436,0.8191010502968231
6437,0.8885315415226043
6438,0.55754452345228
6439,0.8729532259116708
6440,0.2494878987539957
6441,0.2904364276860852
6442,0.8634157479287625
6443,0.7524235109922369
6444,0.66594037445365
6445,0.9606954139213257
6446,0.9670820014351883
6447,0.7009915845782503
6448,0.09621632200404463
6449,0.7486985452410465
6450,0.7800182660317048
6451,0.9078217757192251
6452,0.984245547654772
6453,0.5760127862221932
6454,0.34075934503229177
6455,0.5631352338704416
6456,0.26057798943179594
6457,0.9797312283906322
6458,0.1917998564811795
6459,0.6311892491356252
6460,0.05233218083371388
6461,0.9559462456781265
6462,0.5862091460630179
6463,0.4333355078609172
6464,0.9808467610411638
6465,0.32109074303607543
6466,0.5336355926674929
6467,0.5272163872398722
6468,0.9781329506164785
6469,0.9917672385674212
6470,0.9822428077500164
6471,0.4868549807554309
6472,0.4310000652358275
6473,0.15993215473938288
6474,0.717215734881597
6475,0.9725226694500619
6476,0.2537021332115598
6477,0.6017352730119382
6478,0.33502511579359384
6479,0.42851458020745
6480,0.22055580925044035
6481,0.1235892752299563
6482,0.6032096027138105
6483,0.05547654772000783
6484,0.23133929153891317
6485,0.8620849370474264
6486,0.6720138299954336
6487,0.1486463565790332
6488,0.0309283058255594
6489,0.33101311240133074
6490,0.9402635527431665
6491,0.5150629525735534
6492,0.4694174440602779
6493,0.9650531671994259
6494,0.30946571857264005
6495,0.31981212081675253
6496,0.17312283906321352
6497,0.045704220758040315
6498,0.18733120229630112
6499,0.0317568008350186
6500,0.3517841998825755
6501,0.03741274708069672
6502,0.3389653597755887
6503,0.5669058647008938
6504,0.5383978080761954
6505,0.9606758431730708
6506,0.018233413790853935
6507,0.2506230021527823
6508,0.55699001891839
6509,0.4080957661947942
6510,0.31824972274773305
6511,0.007012851458020746
6512,0.3319916498140779
6513,0.1585295844477787
6514,0.3207971818122513
6515,0.9449213908278427
6516,0.5306999804292517
6517,0.019681649161719616
6518,0.7464870506882381
6519,0.8641202948659404
6520,0.2993215473938287
6521,0.8920151347119838
6522,0.5481048992106465
6523,0.4659142801226434
6524,0.20546676234588035
6525,0.19629460499706441
6526,0.018748776828234063
6527,0.022917346206536633
6528,0.46729075608324094
6529,0.8056559462456782
6530,0.2072020353578185
6531,0.33853480331398006
6532,0.6060016961315154
6533,0.01887924848326701
6534,0.11985126231326244
6535,0.007730445560701938
6536,0.620562332833192
6537,0.07652162567682172
6538,0.1366364407332507
6539,0.5656207188988192
6540,0.9854785047948333
6541,0.6838671798551765
6542,0.48256246330484703
6543,0.28695935807945727
6544,0.1834757648900776
6545,0.6300280514058321
6546,0.618305173201122
6547,0.5957401004631744
6548,0.016048013569052125
6549,0.09343075216909127
6550,0.03055646160871551
6551,0.07299236740818058
6552,0.4816165438058582
6553,0.44940309217822433
6554,0.5128840759345032
6555,0.46342879509426577
6556,0.5957988127079392
6557,0.6064192054276208
6558,0.8559788635918847
6559,0.8942331528475439
6560,0.03790201578707026
6561,0.8121403875008155
6562,0.9172744471263619
6563,0.46098245156239814
6564,0.017907234653271577
6565,0.3689868875986692
6566,0.24710026746689281
6567,0.5203470546023876
6568,0.14419727314240982
6569,0.02913432056885642
6570,0.010261595668341054
6571,0.36077369691434535
6572,0.5467479939983039
6573,0.3466044751777676
6574,0.4786874551503686
6575,0.9875725748581121
6576,0.37842651184030274
6577,0.4893796072803184
6578,0.7298584382542893
6579,0.19140844151608066
6580,0.6543610150694761
6581,0.5617130928305826
6582,0.6935025115793594
6583,0.2958705721182073
6584,0.5361928371061386
6585,0.3110183312675321
6586,0.8411703307456455
6587,0.8390762606823667
6588,0.7422858633961773
6589,0.35481766586209146
6590,0.47409485289320896
6591,0.6183769326113902
6592,0.37279665992563116
6593,0.45487637810685627
6594,0.18053362906908477
6595,0.33203731489333943
6596,0.746617522343271
6597,0.43386391806380065
6598,0.8680148737686737
6599,0.4333159371126623
6600,0.20941352991062692
6601,0.9940700632787527
6602,0.4457825037510601
6603,0.7521429969339162
6604,0.08648966012133864
6605,0.7296301128579816
6606,0.7812577467545176
6607,0.5094265770761301
6608,0.4173918716158915
6609,0.017652814925957338
6610,0.9850675190814796
6611,0.3448170135038163
6612,0.4944092895818384
6613,0.13571009198251677
6614,0.15269097788505448
6615,0.46729727966599255
6616,0.24578902733381175
6617,0.26152390893078475
6618,0.733061517385348
6619,0.19469632722291083
6620,0.32399373736055836
6621,0.5784852240850675
6622,0.2601539565529389
6623,0.16223497945071433
6624,0.03803901102485485
6625,0.3970252462652488
6626,0.24248809446147826
6627,0.9904625220170918
6628,0.09736447256833454
6629,0.1218605258007698
6630,0.37282275425663775
6631,0.2016569900189184
6632,0.06543153499902148
6633,0.07878530889164329
6634,0.2273599060604084
6635,0.3460630178093809
6636,0.8299432448300608
6637,0.4861047687389915
6638,0.20272685759018852
6639,0.2898166873246787
6640,0.8946115206471394
6641,0.6503620588427165
6642,0.017815904494748517
6643,0.8059495074695022
6644,0.7480331398003784
6645,0.39198904038097726
6646,0.40442951268836846
6647,0.26190227673038036
6648,0.3683671472372627
6649,0.17782634222715119
6650,0.8382803835866659
6651,0.19513993085002285
6652,0.17813947419923024
6653,0.11452801878791832
6654,0.21396699067127667
6655,0.049044295126883686
6656,0.22730771739839523
6657,0.6986952834496706
6658,0.4219322852110379
6659,0.4850936134124862
6660,0.15517646291343207
6661,0.9858568725944289
6662,0.0203013895231261
6663,0.2337073520777611
6664,0.5415291277969861
6665,0.05805988648966012
6666,0.627053297671081
6667,0.9657250962228456
6668,0.7987018070324223
6669,0.8792941483462717
6670,0.9254289255659208
6671,0.4323569704481701
6672,0.5096549024724378
6673,0.5274447126361798
6674,0.031000065235827517
6675,0.04345358470872203
6676,0.7263161328201448
6677,0.1272229108226238
6678,0.00779568138821841
6679,0.5682823406614913
6680,0.47183116967838734
6681,0.95306934568465
6682,0.9211885967773502
6683,0.859338508708983
6684,0.6081479548568074
6685,0.23436623393567746
6686,0.23850218540022183
6687,0.75140583208298
6688,0.7558483919368516
6689,0.38249070389457895
6690,0.9936916954791571
6691,0.13929806249592275
6692,0.04949442233674735
6693,0.8161523908930784
6694,0.19966077369691435
6695,0.6083110444255986
6696,0.046297866788440216
6697,0.42011872920607995
6698,0.2804031574140518
6699,0.19165633766064322
6700,0.7697436231978604
6701,0.10366625350642573
6702,0.8375823602322396
6703,0.13388348881205558
6704,0.576182399373736
6705,0.9935383912844934
6706,0.017952899732533105
6707,0.42234327092439167
6708,0.2965164068106204
6709,0.5769587057211821
6710,0.34946180442298913
6711,0.3829930197664557
6712,0.34282079718181224
6713,0.42928436297214434
6714,0.6309674473220693
6715,0.21728749429186509
6716,0.31939461152064713
6717,0.4431795942331529
6718,0.49736447256833455
6719,0.6786939787331202
6720,0.9212994976841282
6721,0.31820731945984737
6722,0.8271576749951073
6723,0.79104964446474
6724,0.36310261595668336
6725,0.48147954856807357
6726,0.5597951595015983
6727,0.8615239089307848
6728,0.9855861439102356
6729,0.7467806119120621
6730,0.9795289973253312
6731,0.42540283123491424
6732,0.5075608324091592
6733,0.7838084676104117
6734,0.23833257224867896
6735,0.7365842520712376
6736,0.9276534672842325
6737,0.08918389979776895
6738,0.5881727444712637
6739,0.7917215734881597
6740,0.024065496770826537
6741,0.9180638006393111
6742,0.02538978406941092
6743,0.3929675777937243
6744,0.6309283058255595
6745,0.6707221606106074
6746,0.30358797051340597
6747,0.5271511514123557
6748,0.0226368321482158
6749,0.9945136669058647
6750,0.8502772522669451
6751,0.23724965751190558
6752,0.22264335573096747
6753,0.35614847674342753
6754,0.39879966077369694
6755,0.3814991193163285
6756,0.2952182138430426
6757,0.733785635070781
6758,0.7725748581120752
6759,0.0069149977167460375
6760,0.15542435905799468
6761,0.6177180507534739
6762,0.6992758823145673
6763,0.46262639441581316
6764,0.11566312218670495
6765,0.6243003457498858
6766,0.8923804553460761
6767,0.34160741079000584
6768,0.31946637093091523
6769,0.04872463957205297
6770,0.6319264139865615
6771,0.5966403548829017
6772,0.3226955443929806
6773,0.5938091199686868
6774,0.29266749298714856
6775,0.44127470806967184
6776,0.6389196946963271
6777,0.6969208689412225
6778,0.6794898558288213
6779,0.9836192837106139
6780,0.9153695609628809
6781,0.18855111227085916
6782,0.09605323243525343
6783,0.337445364994455
6784,0.013966990671276667
6785,0.43951334072672715
6786,0.2741079000587122
6787,0.9883554047883097
6788,0.7140648444125512
6789,0.7211168373670821
6790,0.4337856350707809
6791,0.6921325592015135
6792,0.8040707156370279
6793,0.31159240654967707
6794,0.9713223302237589
6795,0.3466892817535391
6796,0.984597821123361
6797,0.22796007567355991
6798,0.6888968621566964
6799,0.7267923543610151
6800,0.9225650727379476
6801,0.6066736251549351
6802,0.361686998499576
6803,0.6542631613282015
6804,0.894657185726401
6805,0.9329440928958184
6806,0.9778524365581578
6807,0.20165046643616677
6808,0.8548568073586014
6809,0.014201839650335965
6810,0.7455346076064975
6811,0.1913888707678257
6812,0.6954922043186118
6813,0.0259116706895427
6814,0.9636375497423185
6815,0.7744275556135429
6816,0.9955802726857591
6817,0.10848718115989303
6818,0.650518624828756
6819,0.1264922695544393
6820,0.8421097266618828
6821,0.9934698936656012
6822,0.9797377519733839
6823,0.9767499510731295
6824,0.8977363167851785
6825,0.4276143257877226
6826,0.9963337464935743
6827,0.9946082588557636
6828,0.28558940570161134
6829,0.28067062430686934
6830,0.8795355209080827
6831,0.518344314697632
6832,0.3238632657055255
6833,0.5682040576684715
6834,0.6334072672711852
6835,0.6420771087481245
6836,0.5933002805140583
6837,0.5046317437536695
6838,0.9888772914084415
6839,0.714293169808859
6840,0.7232304781786156
6841,0.9198512623132625
6842,0.904272946702329
6843,0.617528866853676
6844,0.005721182073194599
6845,0.724926609694044
6846,0.20267466892817537
6847,0.32376541196425074
6848,0.17783938939265448
6849,0.703496640354883
6850,0.9839976515102095
6851,0.36812577467545177
6852,0.08547198121208167
6853,0.031704612173005416
6854,0.017731097918977104
6855,0.606471394089634
6856,0.5216778654837236
6857,0.2665274969012982
6858,0.4495922760780221
6859,0.49012003392263037
6860,0.3559136277643682
6861,0.08903385739448105
6862,0.13879574662404592
6863,0.638071628938613
6864,0.7061191206210451
6865,0.6121730054145736
6866,0.010026746689281755
6867,0.8562463304847022
6868,0.0702459390697371
6869,0.9349664035488291
6870,0.04432774479744275
6871,0.5540739774284037
6872,0.5449409615760976
6873,0.07386652749690131
6874,0.1067584317307065
6875,0.26747341640028705
6876,0.9814208363233087
6877,0.9819296757779373
6878,0.518657446669711
6879,0.4222323700176137
6880,0.213849566181747
6881,0.9965164068106204
6882,0.6820144823537087
6883,0.9677278361276013
6884,0.22321743101311237
6885,0.9139800378367801
6886,0.2239219779502903
6887,0.6453062822101899
6888,0.7611259703829343
6889,0.26965881662208885
6890,0.6438515232565725
6891,0.9980298780090026
6892,0.1725422401983169
6893,0.7764368191010503
6894,0.650479483332246
6895,0.11141626981538262
6896,0.013412486137386652
6897,0.8843499249787984
6898,0.42698153826081287
6899,0.8713679953030206
6900,0.9013699523778459
6901,0.9828951660251811
6902,0.5554113118924913
6903,0.7396111944680017
6904,0.31365385869919765
6905,0.2143192641398656
6906,0.1700110900906778
6907,0.10171570226368322
6908,0.701885315415226
6909,0.34341444321221215
6910,0.6947158979711658
6911,0.7029617065692478
6912,0.0009981081610020224
6913,0.4211820731945985
6914,0.38553721703959815
6915,0.02767956161523909
6916,0.780324874421032
6917,0.9889099093221997
6918,0.15796203274838544
6919,0.7673298975797509
6920,0.869397873312023
6921,0.30485354556722555
6922,0.37229434405375433
6923,0.6267727836127602
6924,0.10514710679104965
6925,0.3398069019505513
6926,0.4516798225585492
6927,0.19236088459782114
6928,0.08080761954465393
6929,0.13719746884989237
6930,0.317770239415487
6931,0.424483006066932
6932,0.8224346010829148
6933,0.1479679039728619
6934,0.20683019114097465
6935,0.08275817078739643
6936,0.16393763454889423
6937,0.7279405049253049
6938,0.5301715702263684
6939,0.13120229630112856
6940,0.9090155913627764
6941,0.20084806575771413
6942,0.2889294800704547
6943,0.48217104833974817
6944,0.9940504925304977
6945,0.25864700893730835
6946,0.2876443342683802
6947,0.9861960988975145
6948,0.8341313849566182
6949,0.8801095961902278
6950,0.40151347119838215
6951,0.6445560701937504
6952,0.8824841803118273
6953,0.4391349729271316
6954,0.13889360036532064
6955,0.5667297279665993
6956,0.24954661099876052
6957,0.15790984408637224
6958,0.43497292713158064
6959,0.9828886424424295
6960,0.4587122447648249
6961,0.9864048535455673
6962,0.10861765281492596
6963,0.9400482745123622
6964,0.9773957857655424
6965,0.6829995433492074
6966,0.4951855959292844
6967,0.4997586274381891
6968,0.8066149129101703
6969,0.8150107639115403
6970,0.18398460434470612
6971,0.39507469502250636
6972,0.6166481831822037
6973,0.5301715702263683
6974,0.23927849174766783
6975,0.4234522799921717
6976,0.1830843499249788
6977,0.04969665340204841
6978,0.7804292517450584
6979,0.03401396046708853
6980,0.9001043773240264
6981,0.7561810946571857
6982,0.4574401461282537
6983,0.9552547459064519
6984,0.9841020288342357
6985,0.5660251810294212
6986,0.03878922304129428
6987,0.8906582294996412
6988,0.8770761302107117
6989,0.8895687911801162
6990,0.3187031117489726
6991,0.23150238110770438
6992,0.7276338965359777
6993,0.7811077043512298
6994,0.9660186574466698
6995,0.9833518168177963
6996,0.27312936264596516
6997,0.9204579555091656
6998,0.9276338965359776
6999,0.7450061974036141
7000,0.4920020875464805
7001,0.990736512492661
7002,0.4039924326440081
7003,0.9878204710026748
7004,0.9639702524626524
7005,0.9941972731424099
7006,0.09152586600561029
7007,0.6979842129297411
7008,0.3560636701676561
7009,0.2009393959162372
7010,0.20005218866201316
7011,0.3370604736121078
7012,0.5940113510339878
7013,0.5441777023941549
7014,0.9902668145345425
7015,0.19386783221345164
7016,0.4821710483397482
7017,0.2694696327222911
7018,0.9181486072150825
7019,0.1665405440668015
7020,0.11079652945397613
7021,0.4814208363233088
7022,0.7681714397547134
7023,0.1368451953813034
7024,0.8905408050101116
7025,0.8076391154021789
7026,0.3754387109400483
7027,0.32206928044882255
7028,0.3327092439167591
7029,0.9962619870833062
7030,0.9915976254158784
7031,0.8663513601670038
7032,0.43119577271837695
7033,0.9849174766781916
7034,0.25232565725096223
7035,0.3567095048600692
7036,0.7540283123491422
7037,0.15753147628677672
7038,0.5542957792419597
7039,0.6027529519211952
7040,0.7698023354426251
7041,0.5638789223041294
7042,0.028221018983625806
7043,0.5620523191336682
7044,0.822858633961772
7045,0.8862026224802663
7046,0.1938352142996934
7047,0.4672972796659926
7048,0.5732728814665013
7049,0.14797442755561355
7050,0.670435122969535
7051,0.8011155326505317
7052,0.1768478048144041
7053,0.13481636114554113
7054,0.8418553069345684
7055,0.35962554635005545
7056,0.4868941222519408
7057,0.6380063931110966
7058,0.8908278426511841
7059,0.3636440733250702
7060,0.9959227607802205
7061,0.4985256702981277
7062,0.640922434601083
7063,0.7449083436623394
7064,0.9824058973188076
7065,0.308154478439559
7066,0.21127275099484635
7067,0.9180377063083045
7068,0.6185987344249462
7069,0.4986626655359123
7070,0.24496053232435258
7071,0.39080174832017744
7072,0.6741731358862287
7073,0.3685759018853154
7074,0.44796138039011024
7075,0.9468197534085719
7076,0.47532128645051863
7077,0.6531737230086764
7078,0.7936656011481505
7079,0.4534150955704873
7080,0.9885511122708592
7081,0.3057211820731946
7082,0.016178485224085066
7083,0.38918389979776896
7084,0.1539500293561224
7085,0.5221018983625808
7086,0.05834040054798095
7087,0.36909126492269556
7088,0.16217626720594952
7089,0.9559266749298716
7090,0.23358992758823144
7091,0.7730249853219389
7092,0.8718703111748973
7093,0.7437732402635527
7094,0.7217365777284885
7095,0.3366886293952639
7096,0.8261987083306152
7097,0.7168960793267664
7098,0.9372496575119055
7099,0.25197990736512493
7100,0.11123360949833648
7101,0.5925435449148672
7102,0.5110639963467937
7103,0.9529323504468654
7104,0.4310000652358275
7105,0.94863330941353
7106,0.10833061517385348
7107,0.526609694043969
7108,0.10596255463500553
7109,0.6718768347576488
7110,0.41930980494487574
7111,0.012492660969404398
7112,0.424372105160154
7113,0.2623980690195056
7114,0.9736838671798552
7115,0.27119185856872596
7116,0.8856807358601344
7117,0.12184095505251484
7118,0.1469045599843434
7119,0.8839846043447062
7120,0.9757322721638724
7121,0.09615108617652815
7122,0.3528410202883424
7123,0.21358862287168112
7124,0.5578511318416074
7125,0.7630504272946702
7126,0.640328788570683
7127,0.5713223302237589
7128,0.6625872529193033
7129,0.6119642507665211
7130,0.19911931632852764
7131,0.1184617391871616
7132,0.1489203470546024
7133,0.1830843499249788
7134,0.4313001500424033
7135,0.3036466827581708
7136,0.6559592928436297
7137,0.23676038880553202
7138,0.11109009067780024
7139,0.9788048796398983
7140,0.4839128449344381
7141,0.4127796986104769
7142,0.3273794768086633
7143,0.03291147498206015
7144,0.6417183116967838
7145,0.3202687716093679
7146,0.8734946832800574
7147,0.8848065757714138
7148,0.10749559658164265
7149,0.3157348815969731
7150,0.4069867571270142
7151,0.144803966338313
7152,0.986241763976776
7153,0.9957270532976712
7154,0.7988844673494683
7155,0.5799986952834496
7156,0.49074955965816425
7157,0.13751060082197145
7158,0.9367408180572772
7159,0.15800117424489532
7160,0.35854915519603364
7161,0.23935025115793596
7162,0.15186248287559528
7163,0.12292386978928829
7164,0.0751516732989758
7165,0.4368191010502968
7166,0.202126687977037
7167,0.266697110052841
7168,0.9958249070389458
7169,0.594102681192511
7170,0.7266618827059822
7171,0.27648248418031185
7172,0.030067192902341968
7173,0.36333094135299104
7174,0.35098179920412287
7175,0.11895753147628679
7176,0.09741013764759605
7177,0.3750603431404527
7178,0.5636962619870833
7179,0.21945984734816362
7180,0.9844999673820862
7181,0.6580403157414052
7182,0.2339813425533303
7183,0.36587513862613347
7184,0.8264335573096745
7185,0.9509883227868745
7186,0.11033335507860918
7187,0.43321155978863596
7188,0.5663513601670038
7189,0.2833909583143062
7190,0.9053819557701089
7191,0.5725422401983169
7192,0.2500358797051341
7193,0.40486659273272885
7194,0.5454237066997195
7195,0.399112792745776
7196,0.9837301846173919
7197,0.25111879444190754
7198,0.17677604540413597
7199,0.98887076782569
7200,0.31899014939004505
7201,0.2734033531215343
7202,0.17949637941157284
7203,0.13100658881857918
7204,0.027509948463696265
7205,0.7670820014351882
7206,0.981231652423511
7207,0.46260682366755823
7208,0.6561550003261791
7209,0.7587644334268381
7210,0.8382608128384109
7211,0.8749951073129364
7212,0.9617522343270924
7213,0.8106986757127014
7214,0.2787200730641268
7215,0.4377976384630439
7216,0.07764368191010503
7217,0.9882510274642834
7218,0.996281557831561
7219,0.995283449670559
7220,0.44413203731489337
7221,0.9773892621827909
7222,0.981251223171766
7223,0.023210907430360757
7224,0.38760519277187033
7225,0.9932415682692936
7226,0.027457759801683086
7227,0.9962130602126688
7228,0.93631678517842
7229,0.739480722812969
7230,0.1994324483006067
7231,0.4504012003392263
7232,0.25981473024985324
7233,0.23711266227412092
7234,0.6738665274969013
7235,0.9802009263487508
7236,0.41953160675843176
7237,0.21649161719616414
7238,0.2968491095309544
7239,0.35742057537999866
7240,0.5709374388414117
7241,0.07666514449735795
7242,0.47211820731945986
7243,0.3817470154608911
7244,0.6964250766520974
7245,0.26151086176528154
7246,0.46403548829016894
7247,0.9333485550264206
7248,0.6602583338769652
7249,0.33645378041620455
7250,0.7968230151999478
7251,0.39058647008937314
7252,0.41145541131189256
7253,0.8353578185139279
7254,0.3811533694304912
7255,0.982934307521691
7256,0.30366625350642573
7257,0.32383064779176723
7258,0.8811990345097528
7259,0.43039337203992434
7260,0.2803835866657969
7261,0.1104051144888773
7262,0.25169286972405247
7263,0.8258464348620262
7264,0.5791114880292256
7265,0.3548763781068563
7266,0.40304651314501927
7267,0.7597038293430752
7268,0.7023680605388479
7269,0.3298584382542893
7270,0.33776502054928564
7271,0.17902668145345424
7272,0.779939983038685
7273,0.33046513145019246
7274,0.37435579620327486
7275,0.6069867571270142
7276,0.6886163480983757
7277,0.13820210059364602
7278,0.6807750016308957
7279,0.12283253963076522
7280,0.22642703372692283
7281,0.4668014873768674
7282,0.5802987800900254
7283,0.6165111879444192
7284,0.8183182203666253
7285,0.45275621371257097
7286,0.42820797181812253
7287,0.0732859286320047
7288,0.6272163872398722
7289,0.8370930915258661
7290,0.18835540478830975
7291,0.22101246004305564
7292,0.9955280840237458
7293,0.20390110248548501
7294,0.2687585622023615
7295,0.5306477917672386
7296,0.964740035227347
7297,0.9897710222454171
7298,0.17209211298845328
7299,0.6854589340465784
7300,0.8733054993802596
7301,0.768934698936656
7302,0.1307065040120034
7303,0.10988975145149717
7304,0.02760127862221932
7305,0.5179724704807881
7306,0.9726661882705983
7307,0.7052841020288343
7308,0.7100658881857916
7309,0.5857329245221476
7310,0.8495922760780221
7311,0.015160806314828103
7312,0.9563833257224867
7313,0.19939983038684844
7314,0.9165111879444192
7315,0.6842846891512818
7316,0.43092178224280775
7317,0.3462978667884402
7318,0.8085002283253964
7319,0.5114097462326309
7320,0.9667819166286126
7321,0.3957074825494161
7322,0.3733381172940179
7323,0.898486528801618
7324,0.4702916041489986
7325,0.32527888316263287
7326,0.4252527888316263
7327,0.8379085393698219
7328,0.7451105747276404
7329,0.14357753278100333
7330,0.5589536173266357
7331,0.361889229564877
7332,0.3017287494291865
7333,0.014456259377650207
7334,0.22445038815317375
7335,0.8997847217691958
7336,0.8527431665470676
7337,0.06376802139735142
7338,0.48179920412290433
7339,0.6191923804553461
7340,0.1345488942527236
7341,0.14371452801878792
7342,0.21894448431078348
7343,0.5824972274773306
7344,0.3660251810294214
7345,0.36772131254484963
7346,0.7012525278883163
7347,0.6513210255072086
7348,0.8330549938025964
7349,0.3693195903190032
7350,0.42790136342879515
7351,0.37022636832148215
7352,0.28793137190945267
7353,0.8096875203861961
7354,0.5538130341183378
7355,0.36599256311566314
7356,0.13557962032748386
7357,0.7063604931828561
7358,0.5452149520516668
7359,0.3275425663774545
7360,0.6898558288211887
7361,0.3764172483527954
7362,0.7426316132820145
7363,0.7167721312544849
7364,0.09536173266357885
7365,0.24790592993672125
7366,0.17697175288668537
7367,0.25206471394089636
7368,0.37808728553721704
7369,0.29535520908082724
7370,0.38111422793398136
7371,0.7112336094983365
7372,0.9908930784787005
7373,0.20326831495857525
7374,0.5296496836062365
7375,0.9739774284036793
7376,0.44478439559005806
7377,0.7363298323439232
7378,0.3391023550133734
7379,0.6523452279992172
7380,0.339904755691826
7381,0.524391675908409
7382,0.15258007697827644
7383,0.6246134777219648
7384,0.17190292908865548
7385,0.46952182138430426
7386,0.8047295974949443
7387,0.8255333028899472
7388,0.8890795224737426
7389,0.8845847739578576
7390,0.6934111814208364
7391,0.7010372496575119
7392,0.20409028638528282
7393,0.3957727183769327
7394,0.18884467349468329
7395,0.6436166742775131
7396,0.5037575836649488
7397,0.21459977819818643
7398,0.20632135168634613
7399,0.40553199817339686
7400,0.9249331332767957
7401,0.22583991127927458
7402,0.1436166742775132
7403,0.7364994454954662
7404,0.2919238045534608
7405,0.8057929414834627
7406,0.989072998890991
7407,0.09311762019701221
7408,0.1434209667949638
7409,0.7617196164133343
7410,0.8041098571335378
7411,0.407378172092113
7412,0.4859482027529519
7413,0.2007175941026812
7414,0.23503163937634552
7415,0.6055711396699067
7416,0.012747080696718637
7417,0.9081088133602975
7418,0.8483267010242025
7419,0.23890664753082397
7420,0.7296496836062366
7421,0.8247113314632396
7422,0.2240850675190815
7423,0.37309674473220694
7424,0.023954595864048536
7425,0.8788048796398983
7426,0.31823341379085396
7427,0.25204514319264143
7428,0.9212538326048667
7429,0.2894122251940766
7430,0.13134581512166482
7431,0.9622480266162177
7432,0.9725748581120752
7433,0.6857459716876508
7434,0.3539174114423642
7435,0.3221736577728488
7436,0.01316458999282406
7437,0.6780872855372171
7438,0.4692021658294736
7439,0.3328266684062888
7440,0.502439819949116
7441,0.1926479222388936
7442,0.7638723987213778
7443,0.2319264139865614
7444,0.27779372431339294
7445,0.9267858307782635
7446,0.4529910626916302
7447,0.4401983169156501
7448,0.6930654315349991
7449,0.9814893339422011
7450,0.20579946506621438
7451,0.5123360949833649
7452,0.8713810424685237
7453,0.31455411311892495
7454,0.8002805140583208
7455,0.9006197403614065
7456,0.7731489333942201
7457,0.9432709243916759
7458,0.9900580598864896
7459,0.2940570161132494
7460,0.19668601996216323
7461,0.15965164068106202
7462,0.2194272294344054
7463,0.6926022571596321
7464,0.8926740165699002
7465,0.6477656729075608
7466,0.6981407789157805
7467,0.49226303085654644
7468,0.9929023419662077
7469,0.7670820014351883
7470,0.9825950812186054
7471,0.2761236871289713
7472,0.8086959358079457
7473,0.25668993411181423
7474,0.9467088525017939
7475,0.22448300606693194
7476,0.6655098179920412
7477,0.20590384239024073
7478,0.26004305564616087
7479,0.14070715637027856
7480,0.30467740883293104
7481,0.15075999739056692
7482,0.28652227803509683
7483,0.7983364863983299
7484,0.5588818579163676
7485,0.16810620392719683
7486,0.05531345815121666
7487,0.1536760388805532
7488,0.8896992628351491
7489,0.8292647922238894
7490,0.8438319525083176
7491,0.7469176071498467
7492,0.4054080501011155
7493,0.7868354100071759
7494,0.994693065431535
7495,0.6145214952051667
7496,0.28954922043186115
7497,0.6975797507991389
7498,0.3218148607215083
7499,0.6443864570422076
7500,0.21829212603561876
7501,0.9621240785439364
7502,0.047256833452932356
7503,0.8423054341444322
7504,0.15639637288799008
7505,0.15923413138495662
7506,0.18629395263878923
7507,0.06004305564616087
7508,0.8830517320112207
7509,0.29544653923935027
7510,0.7631939461152064
7511,0.9644138560897646
7512,0.991734620653663
7513,0.4882118859677735
7514,0.5097658033792158
7515,0.2959227607802205
7516,0.663220040446213
7517,0.9247635201252529
7518,0.7922108421945333
7519,0.49726009524430825
7520,0.7218670493835215
7521,0.05254093548176658
7522,0.3823276143257877
7523,0.6761041163807162
7524,0.8612760127862222
7525,0.13786939787331204
7526,0.5725552873638202
7527,0.16663187422532455
7528,0.4510470350316394
7529,0.7503294409289583
7530,0.87766325265836
7531,0.1436427686085198
7532,0.812629656207189
7533,0.536669058647009
7534,0.22589209994128778
7535,0.6178419988257551
7536,0.5994585426316132
7537,0.5067714788962098
7538,0.3360167003718442
7539,0.024750472959749494
7540,0.4343792811011808
7541,0.5732206928044883
7542,0.24693717789810166
7543,0.3257616282862548
7544,0.08853806510535586
7545,0.9653402048404984
7546,0.15282144954008742
7547,0.15466762345880358
7548,0.6984473873051079
7549,0.5338378237327941
7550,0.4300476221540871
7551,0.13854132689673168
7552,0.652162567682171
7553,0.5707613021071173
7554,0.8849566181747015
7555,0.7596973057603236
7556,0.49371126622741207
7557,0.2513797377519734
7558,0.32343270924391676
7559,0.25066866723204384
7560,0.4468719420705851
7561,0.23368125774675452
7562,0.9373018461739188
7563,0.42662926479222396
7564,0.24687194207058516
7565,0.36656663839780806
7566,0.975092961054211
7567,0.6447191597625416
7568,0.33019766455737487
7569,0.5620131776371583
7570,0.6908735077304455
7571,0.2392458738339096
7572,0.7243329636636441
7573,0.11381694826798879
7574,0.03422271511514124
7575,0.39917802857329243
7576,0.6241829212603562
7577,0.6899471589797117
7578,0.3182497227477331
7579,0.48464022441124666
7580,0.27487768282340663
7581,0.16109335246917605
7582,0.9732924522147564
7583,0.37379476808663314
7584,0.1100724117685433
7585,0.4019896927392524
7586,0.14252723595798814
7587,0.5119185856872595
7588,0.11103790201578707
7589,0.4962293691695479
7590,0.6450453389001239
7591,0.43135233870441647
7592,0.9771413660382282
7593,0.33533824776567295
7594,0.9061386913693001
7595,0.3636571204905734
7596,0.7158131645899928
7597,0.33658425207123754
7598,0.14674147041555222
7599,0.09159110183312677
7600,0.17696522930393374
7601,0.3949507469502251
7602,0.7129819296757779
7603,0.13056298519146717
7604,0.42503751060082196
7605,0.2469045599843434
7606,0.9175353904364276
7607,0.1563441842259769
7608,0.36833452932350447
7609,0.30517972470480786
7610,0.11178811403222651
7611,0.20108291473677345
7612,0.1077956813882184
7613,0.42409159110183314
7614,0.4274381890534282
7615,0.24752430034574988
7616,0.34545632461347775
7617,0.983302889947159
7618,0.2673690390762607
7619,0.19453323765411965
7620,0.7635657903320503
7621,0.7227477330549938
7622,0.1565529388740296
7623,0.29887142018396506
7624,0.08626785830778264
7625,0.6921977950290299
7626,0.45004240328788575
7627,0.4061125970382934
7628,0.9817926805401528
7629,0.9421292974101376
7630,0.2224019831691565
7631,0.35158196881727444
7632,0.8251353643420967
7633,0.8224737425794246
7634,0.8384891382347186
7635,0.07672385674212277
7636,0.5080761954465393
7637,0.6793920020875466
7638,0.6073716485093613
7639,0.24291865092308695
7640,0.523021723530563
7641,0.0359449409615761
7642,0.6096027138104247
7643,0.32606823667558227
7644,0.6260812838410855
7645,0.9079848652880163
7646,0.7871354948137517
7647,0.49946506621436493
7648,0.21965555483071303
7649,0.896392458738339
7650,0.909857133537739
7651,0.7626916302433296
7652,0.38029878009002543
7653,0.277774153565138
7654,0.8216256768217106
7655,0.939924326440081
7656,0.9634679365907757
7657,0.4900580598864897
7658,0.9809772326961967
7659,0.9937699784721771
7660,0.9655293887402961
7661,0.9793137190945267
7662,0.3626720594950747
7663,0.6643094787657382
7664,0.6809250440341836
7665,0.6023876312871029
7666,0.9602452867114619
7667,0.17453845652032096
7668,0.3165503294409289
7669,0.13136538586991975
7670,0.9494878987539958
7671,0.6190749559658164
7672,0.18268641137712832
7673,0.5407462978667884
7674,0.93520777611064
7675,0.18451301454758953
7676,0.21199686868027923
7677,0.4555744014612826
7678,0.5183638854458869
7679,0.9816295909713615
7680,0.4966664492139083
7681,0.8783090873507732
7682,0.28981668732467875
7683,0.46517711527170724
7684,0.7944940961576098
7685,0.7209407006327876
7686,0.607599973905669
7687,0.44222062756866076
7688,0.334966403548829
7689,0.3351099223693652
7690,0.9388740296170657
7691,0.04417117881140323
7692,0.4548437601930981
7693,0.28595472633570357
7694,0.6344053754321874
7695,0.526035618761824
7696,0.08048796398982322
7697,0.7038293430752169
7698,0.7586665796855634
7699,0.969195642246722
7700,0.6907756539891708
7701,0.09903450975275621
7702,0.9648183182203667
7703,0.7935547002413726
7704,0.7991584578250376
7705,0.7078804879639898
7706,0.17519733837823734
7707,0.4510013699523779
7708,0.7524822232370018
7709,0.8403353121534346
7710,0.7956422467218996
7711,0.3277708917737622
7712,0.9490834366233936
7713,0.8414443212212147
7714,0.6606888903385739
7715,0.926942396764303
7716,0.6562593776502055
7717,0.5374910300737165
7718,0.9102876899993476
7719,0.9563963728879902
7720,0.20711070519929545
7721,0.331952508317568
7722,0.3889620979842129
7723,0.85809902798617
7724,0.8527431665470677
7725,0.7086633178941875
7726,0.6979255006849762
7727,0.8787853088916433
7728,0.09944549546611
7729,0.4624959227607802
7730,0.16196098897514516
7731,0.6990932219975211
7732,0.6964837888968622
7733,0.7220758040315742
7734,0.5685302368060539
7735,0.3853088916432905
7736,0.16060408376280255
7737,0.9468784656533368
7738,0.7940374453649944
7739,0.11072477004370801
7740,0.41335377389262185
7741,0.17699132363494033
7742,0.9774675451758106
7743,0.6105421097266618
7744,0.7911018331267532
7745,0.9803705395002935
7746,0.8130732598343009
7747,0.804233805205819
7748,0.2869887142018397
7749,0.3976645573749103
7750,0.7140257029160414
7751,0.7742579424620001
7752,0.8098897514514972
7753,0.9865646813229826
7754,0.6077369691434535
7755,0.379235436101507
7756,0.7552938874029618
7757,0.09903450975275623
7758,0.1720268771609368
7759,0.4463239611194468
7760,0.16451170983103922
7761,0.769176071498467
7762,0.7886750603431405
7763,0.18952964968360625
7764,0.485909061256442
7765,0.08502185400221801
7766,0.11840955052514841
7767,0.5105290625611586
7768,0.17637810685628547
7769,0.31048992106464873
7770,0.7254484963141757
7771,0.18954269684910954
7772,0.9142866462261073
7773,0.9900058712244764
7774,0.6881401265575053
7775,0.8471655032944093
7776,0.7600365320634093
7777,0.15972992367408181
7778,0.8968034444516929
7779,0.19442233674734163
7780,0.7144693065431534
7781,0.6255333028899472
7782,0.9393893926544459
7783,0.7058320829799726
7784,0.6925435449148672
7785,0.08930132428729858
7786,0.16211755496118468
7787,0.8493117620197013
7788,0.18136212407854393
7789,0.9744797442755562
7790,0.2814599778198187
7791,0.16025833387696523
7792,0.1547002413725618
7793,0.08488485876443344
7794,0.47411442364146383
7795,0.3750342488094462
7796,0.8867832213451627
7797,0.40428599386783226
7798,0.8914997716746037
7799,0.9791310587774806
7800,0.8205753799986952
7801,0.5657120490573423
7802,0.817326635788375
7803,0.757433622545502
7804,0.6533433361602191
7805,0.9884010698675711
7806,0.3282275425663775
7807,0.1957727183769326
7808,0.36198708330615176
7809,0.3016048013569052
7810,0.5068823798029878
7811,0.7141170330745645
7812,0.9321286450518625
7813,0.9299171504990542
7814,0.1055515689216518
7815,0.31753539043642764
7816,0.9748907299889098
7817,0.2529290886554896
7818,0.15841868354100072
7819,0.9840563637549742
7820,0.4303672777089178
7821,0.365366299171505
7822,0.6673429447452541
7823,0.9514514971622415
7824,0.4124013308108814
7825,0.17718050753473807
7826,0.1295322591167069
7827,0.985909061256442
7828,0.8411899014939005
7829,0.771837693261139
7830,0.30251157935938416
7831,0.3757322721638724
7832,0.5693717789810163
7833,0.2086241763976776
7834,0.9556070193750408
7835,0.9415356513797378
7836,0.8362906908474135
7837,0.7963141757453194
7838,0.1223889360036532
7839,0.6388087937895491
7840,0.47306412681844867
7841,0.7248222323700176
7842,0.5855176462913433
7843,0.11403875008154479
7844,0.35307586926740164
7845,0.7013569052123427
7846,0.3296366364407332
7847,0.2144954008741601
7848,0.11958379542044491
7849,0.9920542762084937
7850,0.07511905538521756
7851,0.6290625611585884
7852,0.24186183051732013
7853,0.6011090090677801
7854,0.3767890925696393
7855,0.41792028181877494
7856,0.4347054602387631
7857,0.33806510535586143
7858,0.9797801552612695
7859,0.14053754321873574
7860,0.38861634809837564
7861,0.6754452345227999
7862,0.9946115206471395
7863,0.3997977689346989
7864,0.3418879248483267
7865,0.9529127796986104
7866,0.8439624241633505
7867,0.12568334529323505
7868,0.3558679626851067
7869,0.3485615500032618
7870,0.34125513732141693
7871,0.2706373540348359
7872,0.1993476417248353
7873,0.7791310587774807
7874,0.2906321351686346
7875,0.9640811533694305
7876,0.6684584773957858
7877,0.7707025898623523
7878,0.7632461347772196
7879,0.983302889947159
7880,0.13890012394807227
7881,0.41445625937765024
7882,0.9627503424880945
7883,0.3467610411638072
7884,0.9770435122969535
7885,0.5575967121142932
7886,0.30448822493313327
7887,0.9952475699654251
7888,0.27582360232239544
7889,0.5927653467284233
7890,0.7238893600365321
7891,0.3087220301389523
7892,0.7113314632396112
7893,0.10285080566246982
7894,0.5276338965359776
7895,0.4601735273011938
7896,0.9863135233870441
7897,0.2082197142670755
7898,0.38581120751516734
7899,0.12564420379672517
7900,0.6716615565268446
7901,0.8424293822167134
7902,0.9794246200013047
7903,0.9836714723726271
7904,0.8929414834627178
7905,0.8851001369952378
7906,0.3369234783743232
7907,0.7461021593058907
7908,0.09649683606236545
7909,0.2210320307913106
7910,0.279235436101507
7911,0.6139474199230217
7912,0.1668732467871355
7913,0.16450518624828755
7914,0.38179920412290436
7915,0.9812642703372693
7916,0.4921912714462783
7917,0.5659142801226433
7918,0.9889751451497162
7919,0.7542174962489399
7920,0.27631939461152066
7921,0.9000521886620132
7922,0.8005610281166418
7923,0.3258594820275295
7924,0.5914606301780938
7925,0.47163546219583796
7926,0.19251745058386066
7927,0.5409615760975928
7928,0.634594559331985
7929,0.9642311957727184
7930,0.1894709374388414
7931,0.4495400874160089
7932,0.32082979972600956
7933,0.2636375497423185
7934,0.28044229891056166
7935,0.8490312479613804
7936,0.5749103007371649
7937,0.46731032683149587
7938,0.31037902015787067
7939,0.6505316719942593
7940,0.4677017417965947
7941,0.1762867766977624
7942,0.17887011546741471
7943,0.14897905929936722
7944,0.3872203013895231
7945,0.996562071889882
7946,0.14346010829147365
7947,0.474186183051732
7948,0.6804031574140519
7949,0.8831691565007503
7950,0.42268902081022897
7951,0.44456911735925364
7952,0.19327418618305173
7953,0.4209472242155392
7954,0.49915845782503754
7955,0.9658555678778785
7956,0.9782471133146324
7957,0.431639376345489
7958,0.47693913497292717
7959,0.9192576162828625
7960,0.26535977558875334
7961,0.5109204775262574
7962,0.9832082979972601
7963,0.5338704416465523
7964,0.7117620197012199
7965,0.09153238958836192
7966,0.22240850675190815
7967,0.2768804227281623
7968,0.49241307325983436
7969,0.31176201970122
7970,0.32764042011872924
7971,0.14510405114488878
7972,0.08229499641202949
7973,0.3164720464479092
7974,0.8180572770565595
7975,0.4779046252201709
7976,0.6774871159240655
7977,0.3119185856872595
7978,0.48385413268967314
7979,0.17132885380651053
7980,0.2797410137647596
7981,0.4899145410659534
7982,0.31012460043055645
7983,0.06565333681257747
7984,0.076423771935547
7985,0.7780872855372171
7986,0.3651901624372106
7987,0.07291408441516081
7988,0.37529519211951207
7989,0.17055907104181617
7990,0.26997847217691956
7991,0.37144627829604016
7992,0.25873833909583144
7993,0.9389001239480723
7994,0.858470872203014
7995,0.21932937569313066
7996,0.26045404135951467
7997,0.41377780677147896
7998,0.6466566638397808
7999,0.2545436753865223
8000,0.44717855045991256
8001,0.242899080174832
8002,0.7935025115793594
8003,0.6133798682236284
8004,0.9945789027333811
8005,0.3546284819622937
8006,0.9569769717528868
8007,0.8745058386065627
8008,0.3321090743036076
8009,0.8596973057603235
8010,0.5709178680931568
8011,0.16172613999608587
8012,0.2896209798421293
8013,0.2566507926153043
8014,0.0940961576097593
8015,0.3886293952638789
8016,0.501591754191402
8017,0.41517385348033137
8018,0.6742579424620002
8019,0.5764955313458151
8020,0.776978276469437
8021,0.7381499119316328
8022,0.9619088003131321
8023,0.5746232630960924
8024,0.27772848848587645
8025,0.8822362841672646
8026,0.3685759018853154
8027,0.9941613934372757
8028,0.3101833126753213
8029,0.5485289320895036
8030,0.9445364994454956
8031,0.5825885576358536
8032,0.1574466697110053
8033,0.11080305303672777
8034,0.048939917802857336
8035,0.6303085654641529
8036,0.42742514188792485
8037,0.10198316915650076
8038,0.9960075673559919
8039,0.0992824058973188
8040,0.9716419857785896
8041,0.8567486463565792
8042,0.16780611912062102
8043,0.7108095766194795
8044,0.31289712310000656
8045,0.9559462456781265
8046,0.26526192184747865
8047,0.9829082131906843
8048,0.9942983886750605
8049,0.4020484049840172
8050,0.3804422989105617
8051,0.37635201252527883
8052,0.9238567421227739
8053,0.295857524952704
8054,0.7058386065627242
8055,0.6371191858568727
8056,0.9479679039728618
8057,0.2439754713288538
8058,0.9213321155978863
8059,0.6701219909974558
8060,0.16899341118142083
8061,0.5080501011155326
8062,0.978087285537217
8063,0.7346793659077566
8064,0.9891317111357558
8065,0.7092830582555939
8066,0.9955933198512623
8067,0.9172940178746167
8068,0.126479222388936
8069,0.5546545762933003
8070,0.5105160153956553
8071,0.6408963402700764
8072,0.9759345032291735
8073,0.2271381042468524
8074,0.7925761628286255
8075,0.7936721247309022
8076,0.24248809446147826
8077,0.4034640224411246
8078,0.9638723987213778
8079,0.34529975862743817
8080,0.12865809902798617
8081,0.1988779437667167
8082,0.1353773892621828
8083,0.538795746624046
8084,0.4777611063996347
8085,0.9301650466436167
8086,0.42077761106399636
8087,0.2121338639180638
8088,0.4882966925435449
8089,0.3706308304520843
8090,0.5839846043447061
8091,0.14284689151281885
8092,0.30426642311957725
8093,0.09215212994976842
8094,0.7859742970839586
8095,0.7388936003653207
8096,0.543694957270533
8097,0.2991845521560441
8098,0.9754908996020615
8099,0.14749168243199168
8100,0.29055385217561486
8101,0.7307847870050233
8102,0.4496640354882902
8103,0.4182595081218605
8104,0.1996151086176528
8105,0.873077173983952
8106,0.2889033857394481
8107,0.21287102876899994
8108,0.20559071041816165
8109,0.5458542631613282
8110,0.24139865614195313
8111,0.3436688629395264
8112,0.1297279665992563
8113,0.39971948594167916
8114,0.4172483527953552
8115,0.9816361145541133
8116,0.99693065431535
8117,0.6746428338443473
8118,0.24222715115141236
8119,0.20213321155978864
8120,0.7269097788505448
8121,0.39153891317111356
8122,0.5686737556265902
8123,0.17116576423771937
8124,0.189829734490182
8125,0.1502511579359384
8126,0.8549220431861179
8127,0.6606823667558223
8128,0.4243851523256572
8129,0.3725813816948268
8130,0.7393176332441778
8131,0.37175941026811926
8132,0.289164329049514
8133,0.9929610542109727
8134,0.8117815904494748
8135,0.9961413008024007
8136,0.4875073390305956
8137,0.16616217626720597
8138,0.17503424880944612
8139,0.9845652032096027
8140,0.2348946441385609
8141,0.23709961510861766
8142,0.5884597821123361
8143,0.8663709309152586
8144,0.46368321482158004
8145,0.2777089177376215
8146,0.08126427033726924
8147,0.3652978015526127
8148,0.5018526975014678
8149,0.38194272294344056
8150,0.5587513862613347
8151,0.3257159632069933
8152,0.13548829016896077
8153,0.2530497749363951
8154,0.6243916759084089
8155,0.6998369104312089
8156,0.5965751190553852
8157,0.5606562724248157
8158,0.4696588166220889
8159,0.7857916367669124
8160,0.1994324483006067
8161,0.7981994911605453
8162,0.8007436884336878
8163,0.17173331593711266
8164,0.547798290821319
8165,0.1471002674668928
8166,0.6088590253767369
8167,0.34774610215930585
8168,0.18149911931632856
8169,0.6642246721899667
8170,0.15106008219714268
8171,0.5073716485093613
8172,0.3109791897710223
8173,0.36149129101702654
8174,0.8688694631091396
8175,0.8148150564289909
8176,0.7887794376671668
8177,0.7684128123165243
8178,0.5396046708852502
8179,0.7391349729271316
8180,0.4331789418748777
8181,0.6055646160871551
8182,0.19395263878922303
8183,0.7739643812381761
8184,0.7389849305238437
8185,0.9836649487898754
8186,0.9787657381433883
8187,0.9220823276143258
8188,0.36554243590579943
8189,0.5660447517776763
8190,0.2925239741666123
8191,0.9724378628742907
8192,0.2418618305173201
8193,0.11573488159697305
8194,0.13664296431600234
8195,0.1359318937960728
8196,0.4786548372366104
8197,0.39444843107834826
8198,0.2142996933916107
8199,0.9946571857264009
8200,0.272522669450062
8201,0.09966077369691435
8202,0.15446539239350252
8203,0.7609563572313915
8204,0.8866462261073782
8205,0.776867375562659
8206,0.5140583208297997
8207,0.2605127536042795
8208,0.2421488681583926
8209,0.7750407723921978
8210,0.9833257224867897
8211,0.9926674929871486
8212,0.11988388022702068
8213,0.9965359775588754
8214,0.6200273990475569
8215,0.572744471263618
8216,0.5279339813425533
8217,0.8221214691108357
8218,0.7715506556200666
8219,0.20977885054471915
8220,0.8230543414443212
8221,0.38658751386261336
8222,0.1407789157805467
8223,0.988981668732468
8224,0.06553591232304781
8225,0.5067910496444648
8226,0.9423771935547003
8227,0.5773044556070194
8228,0.7815382608128385
8229,0.9386457042207581
8230,0.16113901754843762
8231,0.8442364146389196
8232,0.9645965164068105
8233,0.19609237393176332
8234,0.3793593841737882
8235,0.7027529519211951
8236,0.5293691695479157
8237,0.28212538326048664
8238,0.20613216778654836
8239,0.20427294670232893
8240,0.607267271185335
8241,0.018403026942396768
8242,0.19710352925826863
8243,0.18950355535259966
8244,0.6104507795681388
8245,0.21596973057603236
8246,0.3497097005675517
8247,0.3410790005871224
8248,0.3359710352925827
8249,0.18495661817470155
8250,0.7707221606106074
8251,0.9838476091069216
8252,0.8576032356970449
8253,0.9174766781916629
8254,0.7482158001174245
8255,0.7872790136342879
8256,0.5312088198838802
8257,0.37121142931698087
8258,0.18324091591101835
8259,0.8409485289320896
8260,0.6246656663839781
8261,0.8659403744536499
8262,0.22027529519211955
8263,0.29371126622741206
8264,0.35605062300215273
8265,0.15277578446082588
8266,0.4118468262769913
8267,0.14543023028247115
8268,0.40534607606497486
8269,0.9937308369756671
8270,0.47817861569574016
8271,0.7333550786091722
8272,0.29832996281557833
8273,0.42601604801356907
8274,0.20293561223824125
8275,0.2898036401591754
8276,0.7488485876443343
8277,0.2838704416465523
8278,0.3435775327810034
8279,0.3908604605649423
8280,0.4121142931698089
8281,0.24566507926153047
8282,0.3606040837628025
8283,0.18162959097136147
8284,0.7987083306151739
8285,0.9965359775588754
8286,0.9792386978928828
8287,0.9783938939265444
8288,0.14419727314240982
8289,0.24601082914736774
8290,0.844027659990867
8291,0.20217887663905015
8292,0.9920738469567487
8293,0.25729010372496575
8294,0.17697175288668535
8295,0.9753082392850154
8296,0.5493574270989628
8297,0.8151151412355665
8298,0.4843303542305435
8299,0.36876508578511324
8300,0.3117033074564551
8301,0.35135364342096675
8302,0.9937112662274121
8303,0.6581055515689217
8304,0.1593319851262313
8305,0.3693652553982647
8306,0.15505251484115076
8307,0.6338769652293039
8308,0.864329049513993
8309,0.5467936590775654
8310,0.8162502446343533
8311,0.27699784721769194
8312,0.3067258138169483
8313,0.666253506425729
8314,0.14884206406158262
8315,0.4067714788962098
8316,0.6675256050623002
8317,0.508819883880227
8318,0.9922434601082916
8319,0.3612042533759541
8320,0.8742905603757583
8321,0.4893600365320634
8322,0.3015591362776437
8323,0.25301715702263683
8324,0.8119707743492727
8325,0.3725813816948268
8326,0.20240720203535784
8327,0.3348033139800379
8328,0.9861308630699981
8329,0.18575901885315418
8330,0.4104573031508905
8331,0.7785439363298323
8332,0.9267075477852438
8333,0.3356709504860069
8334,0.9539239350251159
8335,0.3665992563115663
8336,0.2113053689086046
8337,0.9152717072216061
8338,0.6504599125839912
8339,0.15640289647074174
8340,0.21711135755757063
8341,0.6583925892099942
8342,0.19771022245417186
8343,0.9947452540935481
8344,0.6020875464805271
8345,0.8887859612499185
8346,0.9602518102942137
8347,0.8007828299301978
8348,0.3465131450192445
8349,0.26884989236088463
8350,0.2790201578707026
8351,0.2621958379542044
8352,0.4790919172809707
8353,0.15952769260878075
8354,0.3804618696588167
8355,0.9639898232109074
8356,0.5837301846173919
8357,0.8458542631613282
8358,0.692328266684063
8359,0.1725944288603301
8360,0.9810228977754583
8361,0.5125448496314176
8362,0.1686150433818253
8363,0.6472503098701807
8364,0.6922434601082915
8365,0.7341835736186314
8366,0.9021266879770371
8367,0.7769782764694371
8368,0.12223237001761368
8369,0.4177963337464935
8370,0.6291082262378498
8371,0.21215343466631875
8372,0.8409093874355795
8373,0.721116837367082
8374,0.1868941222519408
8375,0.0847152456128906
8376,0.20687585622023613
8377,0.21317111357557572
8378,0.23009981081610023
8379,0.6999543349207384
8380,0.9121860525800771
8381,0.19870833061517384
8382,0.36243068693326375
8383,0.9812642703372693
8384,0.4274316654706765
8385,0.2714332311305369
8386,0.3331528475438711
8387,0.14565855567877878
8388,0.41248613738665274
8389,0.16605127536042794
8390,0.9835997129623589
8391,0.23717789810163742
8392,0.23430099810816102
8393,0.29814077891578056
8394,0.4996151086176528
8395,0.2505088394546285
8396,0.49037771544132036
8397,0.4510666057798943
8398,0.31193815643551437
8399,0.10322917346206538
8400,0.9102615956683411
8401,0.31048339748189707
8402,0.9773435971035292
8403,0.940126557505382
8404,0.4080240067845261
8405,0.5950616478570031
8406,0.323928501533042
8407,0.524391675908409
8408,0.8226042142344575
8409,0.28860330093287234
8410,0.47911148802922565
8411,0.49086046056494226
8412,0.3867114619348947
8413,0.49026029095179074
8414,0.28926218279078875
8415,0.1855306934568465
8416,0.5119577271837694
8417,0.8409485289320895
8418,0.8604344706112598
8419,0.7041946637093093
8420,0.6031965555483072
8421,0.11503033465979517
8422,0.5241046382673364
8423,0.3766716680801096
8424,0.3147106791049645
8425,0.9872203013895232
8426,0.13306151738534802
8427,0.29902146258725293
8428,0.34651966860199623
8429,0.21200339226303086
8430,0.2189183899797769
8431,0.2425272359579881
8432,0.031006588818579164
8433,0.5914671537608455
8434,0.2665992563115663
8435,0.2805858177310979
8436,0.9464805271054864
8437,0.3372366103464023
8438,0.24596516406810623
8439,0.41990997455802725
8440,0.9579489855828822
8441,0.37203340074368846
8442,0.31159240654967707
8443,0.6811859873442495
8444,0.2510209407006328
8445,0.42033400743688437
8446,0.19876704285993868
8447,0.1747080696718638
8448,0.742214103985909
8449,0.38435644856155
8450,0.11426055189510079
8451,0.7460891121403875
8452,0.3636375497423185
8453,0.36033009328723337
8454,0.8311044425598538
8455,0.40604736121077695
8456,0.9826537934633702
8457,0.26954139213255923
8458,0.12610085458934048
8459,0.6140191793332899
8460,0.3504272946702329
8461,0.41033335507860913
8462,0.987905277578446
8463,0.3943897188335834
8464,0.3590514710679105
8465,0.31092700110900906
8466,0.6645443277447974
8467,0.2960206145214952
8468,0.9313719094526716
8469,0.7833452932350446
8470,0.17782634222715113
8471,0.20320960271381044
8472,0.247374257942462
8473,0.4481570878726597
8474,0.5790984408637224
8475,0.9691565007502121
8476,0.8797834170526453
8477,0.776221540870246
8478,0.15950812186052582
8479,0.8805988648966012
8480,0.9476743427490378
8481,0.8280448822493314
8482,0.37763715832735345
8483,0.13779763846304388
8484,0.4598277774153565
8485,0.11655685302368061
8486,0.6419401135103399
8487,0.20360101767890926
8488,0.6972274773305499
8489,0.48904690455998434
8490,0.2294083110444256
8491,0.7348359318937961
8492,0.21263617978994065
8493,0.010144171178811402
8494,0.2687259442886033
8495,0.27402309348294085
8496,0.1845325852958445
8497,0.30020875464805274
8498,0.5554243590579947
8499,0.2067714788962098
8500,0.20709765803379215
8501,0.24426903255267796
8502,0.8459716876508578
8503,0.3588361928371061
8504,0.30089046904559985
8505,0.16096288081414312
8506,0.32648574597168767
8507,0.896966534020484
8508,0.32812316524235113
8509,0.8220823276143258
8510,0.41619805597234
8511,0.25190162437210517
8512,0.11203601017678909
8513,0.2771935547002414
8514,0.11172287820471002
8515,0.3433231130536891
8516,0.7431469763193946
8517,0.18937308369756672
8518,0.46128905995172553
8519,0.28883162632917997
8520,0.16724509100397938
8521,0.1795159501598278
8522,0.3273990475569183
8523,0.9805727705655946
8524,0.7562593776502055
8525,0.31354948137517125
8526,0.8726139996085851
8527,0.282118859677735
8528,0.9768478048144041
8529,0.11420836323308763
8530,0.8942135820992889
8531,0.47393176332441783
8532,0.2419270663448366
8533,0.5582034053101964
8534,0.24678713549481376
8535,0.25244960532324356
8536,0.8275295192119512
8537,0.6957401004631744
8538,0.11844216843890665
8539,0.9549024724378629
8540,0.45081218605258006
8541,0.060421423445756406
8542,0.2924261204253376
8543,0.47274447126361796
8544,0.31526844543023025
8545,0.2963989823210908
8546,0.33787592145606365
8547,0.9963272229108227
8548,0.5997129623589276
8549,0.4666188270598212
8550,0.1623132624437341
8551,0.4648248418031182
8552,0.23254615434796788
8553,0.9949376997847218
8554,0.8931306673625155
8555,0.8423184813099355
8556,0.269045599843434
8557,0.6729532259116707
8558,0.2033857394481049
8559,0.4418944484310784
8560,0.1646226107378172
8561,0.5903907626068237
8562,0.36100854589340464
8563,0.9526192184747864
8564,0.47462326309609243
8565,0.7601213386391807
8566,0.4519342422858634
8567,0.820803705395003
8568,0.7358405636375497
8569,0.9446995890142867
8570,0.25517646291343205
8571,0.18366494878987538
8572,0.20557113966990673
8573,0.14768086633178942
8574,0.7892099941287756
8575,0.9559919107573879
8576,0.16201317763715833
8577,0.3401656990018918
8578,0.19163024332963666
8579,0.2483658425207124
8580,0.6734620653662992
8581,0.9766912388283646
8582,0.8094200534933786
8583,0.9882869071694175
8584,0.34340139604670883
8585,0.37733707352077767
8586,0.25581577402309347
8587,0.4155456976971753
8588,0.7234783743231784
8589,0.6025115793593843
8590,0.16005610281166419
8591,0.4194794180964186
8592,0.16412029486594037
8593,0.36327222910822626
8594,0.10405766847152458
8595,0.6696392458738339
8596,0.5418096418553069
8597,0.5643551438449997
8598,0.28271902929088655
8599,0.24513014547589537
8600,0.3284102028834236
8601,0.11420836323308761
8602,0.8710352925826863
8603,0.3994585426316133
8604,0.17777415356513798
8605,0.7936329832343924
8606,0.3784134646747994
8607,0.9928501533041947
8608,0.32336747341640026
8609,0.4910757387957467
8610,0.5217561484767435
8611,0.22840367930067196
8612,0.34503881531737235
8613,0.8150694761563051
8614,0.5296431600234849
8615,0.4325331071824646
8616,0.30793920020875465
8617,0.07931371909452672
8618,0.9423576228064454
8619,0.34246852371322334
8620,0.17446669711005283
8621,0.5808010959619022
8622,0.6423315284754387
8623,0.635188205362385
8624,0.3895753147628678
8625,0.8642768608519799
8626,0.955639637288799
8627,0.26487703046513145
8628,0.34357753278100334
8629,0.5704677408832931
8630,0.5206993280709765
8631,0.7156044099419401
8632,0.5246787135494814
8633,0.24954008741600886
8634,0.31193815643551437
8635,0.9590710418161654
8636,0.322799921717007
8637,0.5012916693848262
8638,0.3001565659860395
8639,0.7625481114227934
8640,0.2408637223563181
8641,0.2989105616804749
8642,0.019009720138299956
8643,0.7139735142540283
8644,0.3392263030856546
8645,0.0159893013242873
8646,0.5659468980364016
8647,0.753180246591428
8648,0.6117946376149781
8649,0.0180898949703177
8650,0.6238045534607607
8651,0.9164068106203928
8652,0.12350446865418488
8653,0.008487181159893015
8654,0.4705786417900711
8655,0.5090482092765346
8656,0.4067062430686933
8657,0.5995759671211429
8658,0.554511057472764
8659,0.32653793463370084
8660,0.43791506295257354
8661,0.7939656859547264
8662,0.270395981473025
8663,0.4129884532585296
8664,0.620784134646748
8665,0.578439559005806
8666,0.18618305173201122
8667,0.59164329049514
8668,0.7260225715963207
8669,0.25179072346532716
8670,0.3560049579228913
8671,0.2359710352925827
8672,0.6214886815839259
8673,0.5009393959162372
8674,0.532082979972601
8675,0.5127014156174571
8676,0.017170069802335444
8677,0.44793528605910365
8678,0.6241111618500881
8679,0.4368451953813034
8680,0.35079261530432515
8681,0.032030791310587774
8682,0.7033139800378369
8683,0.022571596320699328
8684,0.3869658816622089
8685,0.010450779568138824
8686,0.3757061778328658
8687,0.25729010372496575
8688,0.5763781068562855
8689,0.45623980690195054
8690,0.5983234392328267
8691,0.7280905473285929
8692,0.3649618370409029
8693,0.6455085132754909
8694,0.48220366625350647
8695,0.32578119903450975
8696,0.18299954334920737
8697,0.7653271576749952
8698,0.7661360819361994
8699,0.7314371452801879
8700,0.922356318089895
8701,0.06633178941874877
8702,0.6649553134581512
8703,0.682047100267467
8704,0.08548502837758498
8705,0.0399112792745776
8706,0.37050688237980295
8707,0.7368125774675451
8708,0.9444451692869724
8709,0.4063800639311109
8710,0.6419662078413464
8711,0.5174701546089112
8712,0.4801487376867376
8713,0.4114815056428991
8714,0.008226237849827124
8715,0.059632069932807105
8716,0.39004501272098635
8717,0.5494487572574858
8718,0.911187944419075
8719,0.8971035292582688
8720,0.9107704351229695
8721,0.8102876899993476
8722,0.4754191401917934
8723,0.8935025115793593
8724,0.8638397808076196
8725,0.5177963337464936
8726,0.847302498532194
8727,0.7539826472698806
8728,0.2914214886815839
8729,0.7985974297083959
8730,0.2688107508643747
8731,0.015969730576032355
8732,0.690827842651184
8733,0.4405701611324939
8734,0.7629525735533955
8735,0.25676169352208233
8736,0.4054015265183639
8737,0.8286320046969795
8738,0.01581968817274447
8739,0.5415813164589992
8740,0.024502576815186902
8741,0.6304716550329441
8742,0.5314240981146846
8743,0.8999673820862418
8744,0.709243916759084
8745,0.5456259377650206
8746,0.04014612825363689
8747,0.04849631417574531
8748,0.6885837301846175
8749,0.8206079979124534
8750,0.674832017744145
8751,0.28283645378041616
8752,0.8931502381107704
8753,0.7455411311892491
8754,0.42233674734164006
8755,0.41632200404462133
8756,0.8860917215734883
8757,0.5278035096875204
8758,0.3619740361406484
8759,0.4127536042794703
8760,0.4964772653141105
8761,0.5448952964968361
8762,0.009459194989888446
8763,0.8241894448431079
8764,0.0678974492791441
8765,0.9434992497879835
8766,0.009426577076130212
8767,0.6580403157414053
8768,0.1673559919107574
8769,0.030569508774218802
8770,0.5318807489072999
8771,0.3262052319133668
8772,0.7185074042664231
8773,0.2805401526518364
8774,0.14031574140517974
8775,0.6801356905212342
8776,0.0926740165699002
8777,0.5809119968686803
8778,0.8042272816230673
8779,0.19592928436297213
8780,0.5948855111227086
8781,0.4712570943962424
8782,0.9256768217104834
8783,0.7951986430947877
8784,0.8734816361145542
8785,0.7003848913823473
8786,0.3944549546610999
8787,0.4501989692739252
8788,0.7776697762411116
8789,0.9126557505381956
8790,0.18829016896079326
8791,0.3808663317894187
8792,0.5870050231587187
8793,0.6846434862026225
8794,0.6906778002478962
8795,0.5385021854002219
8796,0.5663513601670038
8797,0.5429121273403353
8798,0.2771152717072216
8799,0.06501402570291603
8800,0.39525083175680087
8801,0.05928632004696979
8802,0.6444190749559658
8803,0.6600756735599191
8804,0.35253441189901497
8805,0.5089894970317699
8806,0.5330484702198448
8807,0.6293561223824123
8808,0.5225194076586861
8809,0.5988909909322201
8810,0.43403353121534344
8811,0.452162567682171
8812,0.8051927718703112
8813,0.6565529388740297
8814,0.8194207058516537
8815,0.7245482418944484
8816,0.6388805531998173
8817,0.8766716680801097
8818,0.8620066540544067
8819,0.7899014939004501
8820,0.3383782373279405
8821,0.5446017352730119
8822,0.7063343988518493
8823,0.4857003066083893
8824,0.1608715506556201
8825,0.6257746754517581
8826,0.3799073651249266
8827,0.45884924000260946
8828,0.23469241307325983
8829,0.7034509752756213
8830,0.9249396568595474
8831,0.5521625676821711
8832,0.7791897710222453
8833,0.4260878074238372
8834,0.7074825494161393
8835,0.6319916498140778
8836,0.8396307652162568
8837,0.43567747406875856
8838,0.43774544980103075
8839,0.5823276143257877
8840,0.6836779959553787
8841,0.6937634548894253
8842,0.5347380781525214
8843,0.4668667232043838
8844,0.44122251940765866
8845,0.8322395459586405
8846,0.7979515950159828
8847,0.7358144693065432
8848,0.6065692478309088
8849,0.6206797573227216
8850,0.17461673951334072
8851,0.5570356839976515
8852,0.2465588100985061
8853,0.1300150042403288
8854,0.4990279861700046
8855,0.0643029551829865
8856,0.7646226107378172
8857,0.5541522604214235
8858,0.9386913693000195
8859,0.461667427751321
8860,0.3364015917541914
8861,0.006993280709765804
8862,0.5693587318155131
8863,0.3745841215995825
8864,0.37401004631743756
8865,0.4826081283841086
8866,0.7111618500880684
8867,0.08829016896079327
8868,0.43627112009915847
8869,0.20656924783090874
8870,0.4841476939134973
8871,0.020027399047556918
8872,0.7657903320503621
8873,0.7874029617065693
8874,0.2854328397155718
8875,0.4605388479352861
8876,0.3353773892621828
8877,0.7740883293104573
8878,0.28874029617065694
8879,0.49261530432513534
8880,0.5635527431665471
8881,0.45239741666123034
8882,0.5470154608911215
8883,0.4591297540609303
8884,0.7339226303085654
8885,0.6548241894448431
8886,0.7180116119772979
8887,0.6754582816883031
8888,0.4990345097527562
8889,0.3467936590775654
8890,0.3243329636636441
8891,0.7698349533563833
8892,0.2942005349337856
8893,0.44526061713092835
8894,0.2923021723530563
8895,0.5507599973905669
8896,0.020086111292321747
8897,0.2555678778785309
8898,0.7508056624698284
8899,0.37272490051536306
8900,0.7361536956096288
8901,0.16214364929219127
8902,0.8517254876378106
8903,0.13280057407528215
8904,0.7583664948789876
8905,0.48787265966468785
8906,0.23124143779763848
8907,0.47180507534738075
8908,0.6416204579555091
8909,0.8281362124078544
8910,0.7193163285276274
8911,0.5181681779633376
8912,0.7201317763715833
8913,0.00550590384239024
8914,0.398558288211886
8915,0.18706373540348362
8916,0.8695609628808143
8917,0.09002544197273143
8918,0.829864961837041
8919,0.6165959945201905
8920,0.9523517515819688
8921,0.6188009654902473
8922,0.7928632004696979
8923,0.3437601930980494
8924,0.6269750146780612
8925,0.7325918194272294
8926,0.7441255137321416
8927,0.2764824841803118
8928,0.4932350446865419
8929,0.6522995629199557
8930,0.12900384891382347
8931,0.6775980168308435
8932,0.4207906582294997
8933,0.4169286972405245
8934,0.8785961249918455
8935,0.29628808141431273
8936,0.007293365516341575
8937,0.40765216256768216
8938,0.6612433948724639
8939,0.3990606040837628
8940,0.7838476091069215
8941,0.1418031182725553
8942,0.37350773044556074
8943,0.4659077565398917
8944,0.6257420575379998
8945,0.3198838802270207
8946,0.35546350055450454
8947,0.20191793332898428
8948,0.723171765933851
8949,0.8141300802400678
8950,0.03253963076521625
8951,0.3725291930328136
8952,0.8410985713353775
8953,0.24061582621175548
8954,0.8501793985256704
8955,0.8137321416922174
8956,0.7315741405179724
8957,0.5075282144954009
8958,0.537999869528345
8959,0.5503033465979517
8960,0.27108095766194795
8961,0.6215669645769457
8962,0.40913953943505776
8963,0.7422010568204058
8964,0.6169091264922695
8965,0.7098245156239807
8966,0.7930328136212408
8967,0.5708917737621502
8968,0.0905734229238698
8969,0.5422467218996674
8970,0.4050035879705134
8971,0.5162763389653598
8972,0.866514449735795
8973,0.9022310653010635
8974,0.5835475243003457
8975,0.3743036075412617
8976,0.5114619348946442
8977,0.015787070258986236
8978,0.5182595081218606
8979,0.7273533824776568
8980,0.6683214821580011
8981,0.6704546937177899
8982,0.9199230217235306
8983,0.3924065496770827
8984,0.5012916693848262
8985,0.620229630112858
8986,0.9360558418683541
8987,0.6630178093809119
8988,0.251849435710092
8989,0.7423250048926872
8990,0.41877487115924067
8991,0.06680801095961904
8992,0.6593906973709962
8993,0.6365712049057342
8994,0.8891186639702524
8995,0.6441972731424098
8996,0.47016765607671734
8997,0.6445364994454954
8998,0.5724052449605324
8999,0.5080370539500294
9000,0.34819622936916955
9001,0.9333811729401787
9002,0.6738273860003915
9003,0.40281818774871164
9004,0.792530497749364
9005,0.6923152195185596
9006,0.06457694565855568
9007,0.7759345032291735
9008,0.6468719420705852
9009,0.06306347446017352
9010,0.20288342357622804
9011,0.9401591754191402
9012,0.9467545175810556
9013,0.8471850740426643
9014,0.49848000521886615
9015,0.7646226107378172
9016,0.6900450127209864
9017,0.6334072672711853
9018,0.07521690912649227
9019,0.7145997781981864
9020,0.545449801030726
9021,0.3660708461086829
9022,0.22269554439298064
9023,0.9009915845782503
9024,0.5348098375627895
9025,0.4025115793593842
9026,0.5116185008806836
9027,0.7137190945267141
9028,0.7269815382608128
9029,0.6198969273925241
9030,0.43165242351099226
9031,0.44975536564681323
9032,0.34759605975601804
9033,0.3985974297083959
9034,0.023537086567943115
9035,0.024659142801226438
9036,0.1935351294931176
9037,0.4610672581381695
9038,0.3920607997912453
9039,0.7272490051536303
9040,0.2926805401526518
9041,0.5397351425402832
9042,0.7012525278883163
9043,0.4184225976906517
9044,0.689164329049514
9045,0.3642051014417118
9046,0.8616152390893078
9047,0.6859351555874486
9048,0.5952247374257943
9049,0.636094983364864
9050,0.6347576489007764
9051,0.9097788505447192
9052,0.8686476612955836
9053,0.7989431795942332
9054,0.7031965555483072
9055,0.5702916041489987
9056,0.6116837367082001
9057,0.6586600561028116
9058,0.5207645638984931
9059,0.7036271120099158
9060,0.7011938156435514
9061,0.8048861634809837
9062,0.37416008872072537
9063,0.41213386391806384
9064,0.9562985191467155
9065,0.679568138821841
9066,0.37095700958966665
9067,0.4539761236871289
9068,0.8394285341509558
9069,0.5039337203992432
9070,0.6091330158523062
9071,0.5520060016961316
9072,0.7072020353578186
9073,0.06116511187944419
9074,0.16536629917150497
9075,0.04796138039011025
9076,0.6151608063148282
9077,0.6497097005675517
9078,0.8373214169221737
9079,0.609172157348816
9080,0.49116054537151804
9081,0.4270402505055776
9082,0.4392067323373997
9083,0.5179463761497815
9084,0.921710483397482
9085,0.7167590840889816
9086,0.5450649096483788
9087,0.702844282079718
9088,0.8322917346206538
9089,0.8783808467610412
9090,0.8673429447452541
9091,0.3741666123034771
9092,0.5007241176854328
9093,0.3870180703242221
9094,0.5555613542957792
9095,0.3281884010698676
9096,0.9452606171309283
9097,0.8927914410594299
9098,0.6138887076782569
9099,0.34425598538717467
9100,0.5481701350381629
9101,0.7061386913693
9102,0.15053819557701092
9103,0.6898949703176985
9104,0.7841085524169875
9105,0.6602779046252202
9106,0.8343270924391677
9107,0.3944419074955966
9108,0.6622154087024594
9109,0.4437210516015396
9110,0.7087220301389524
9111,0.589849305238437
9112,0.6995042077108748
9113,0.5455867962685107
9114,0.8274838541326898
9115,0.8928044882249332
9116,0.15947550394676757
9117,0.8241242090155914
9118,0.6061647857003066
9119,0.5495074695022506
9120,0.6774871159240655
9121,0.742233674734164
9122,0.17381433883488812
9123,0.5565333681257746
9124,0.8562267597364474
9125,0.5989301324287298
9126,0.8847217691956424
9127,0.5446800182660317
9128,0.8224672189966731
9129,0.7257877226172615
9130,0.3846761041163807
9131,0.6418879248483266
9132,0.2189053428142736
9133,0.47032422206275687
9134,0.8649683606236546
9135,0.50447517776763
9136,0.45756409420053495
9137,0.6397090482092765
9138,0.2716289386130863
9139,0.5364863983299628
9140,0.587611716354622
9141,0.1985648117946376
9142,0.6457042207580403
9143,0.016628612433948725
9144,0.6066866723204384
9145,0.4963794115728358
9146,0.5400613216778655
9147,0.3505055776632527
9148,0.5007697827646944
9149,0.0164589992824059
9150,0.4810750864374715
9151,0.8936068889033858
9152,0.9152912779698611
9153,0.07302498532193881
9154,0.7222976058451301
9155,0.7532976710809578
9156,0.6210646487050688
9157,0.5911214038750081
9158,0.6854263161328202
9159,0.03457498858373019
9160,0.03600365320634092
9161,0.7214952051666775
9162,0.6752560506230022
9163,0.011566312218670495
9164,0.727588231456716
9165,0.46732337399699914
9166,0.46459651640681066
9167,0.8863591884663057
9168,0.7166938482614652
9169,0.6625611585882967
9170,0.6359579881270794
9171,0.49137582360232246
9172,0.6843629721443016
9173,0.8805271054863331
9174,0.9170395981473026
9175,0.9094461478243852
9176,0.7682236284167264
9177,0.784004175092961
9178,0.6699001891838998
9179,0.6279078870115468
9180,0.6841215995824907
9181,0.3367082001435188
9182,0.5389914541065953
9183,0.9233544262508969
9184,0.3924848326701025
9185,0.6942592471785504
9186,0.8224933133276795
9187,0.7026159566834105
9188,0.6068367147237262
9189,0.03211233609498337
9190,0.041251875530041095
9191,0.4037314893339422
9192,0.6766651444973579
9193,0.6034053101963598
9194,0.5029290886554896
9195,0.5110835670950487
9196,0.6559723400091331
9197,0.0666123034770696
9198,0.6703176984800052
9199,0.5989301324287299
9200,0.7103464022441125
9201,0.21188596777350122
9202,0.7031182725552874
9203,0.6345880357492335
9204,0.5448561550003261
9205,0.4388414117033075
9206,0.07149194337530171
9207,0.14751777676299824
9208,0.6425141887924848
9209,0.5694500619740361
9210,0.5409811468458477
9211,0.8569117359253703
9212,0.7303542305434144
9213,0.4897579750799139
9214,0.395635723139148
9215,0.17105486333094133
9216,0.11805075347380782
9217,0.5819818644399505
9218,0.6294539761236871
9219,0.6677474068758562
9220,0.6698936656011482
9221,0.8793724313392915
9222,0.6759475503946768
9223,0.5985713353773893
9224,0.8192380455346077
9225,0.7254028312349142
9226,0.9159827777415357
9227,0.8194924652619219
9228,0.31116837367082
9229,0.48547850479483334
9230,0.8512688368451954
9231,0.6814012655750539
9232,0.11923152195185596
9233,0.5564420379672517
9234,0.7770043708004436
9235,0.5651510209407007
9236,0.77992041229043
9237,0.8343597103529258
9238,0.3318677017417966
9239,0.5022506360493183
9240,0.5606954139213256
9241,0.24682627699132365
9242,0.8728097070911345
9243,0.6499054080501012
9244,0.49255006849761895
9245,0.47444712636179787
9246,0.5651771152717072
9247,0.3343336160219193
9248,0.663794115728358
9249,0.7095309544001566
9250,0.44289908017483204
9251,0.6974101376475961
9252,0.5544001565659861
9253,0.6292517450583861
9254,0.4336486398329963
9255,0.9151608063148282
9256,0.8329701872268249
9257,0.5320307913105878
9258,0.5140844151608064
9259,0.4960662796007568
9260,0.23861960988975145
9261,0.4198382151477591
9262,0.6514514971622416
9263,0.5144105942983886
9264,0.6639506817143975
9265,0.12300867636505969
9266,0.1781525213647335
9267,0.8109857133537739
9268,0.601330810881336
9269,0.5083893274186183
9270,0.02065366299171505
9271,0.2117294017874617
9272,0.7566246982842978
9273,0.6894578902733381
9274,0.6452410463826733
9275,0.41438449996738214
9276,0.682118859677735
9277,0.6669906712766652
9278,0.7009459194989889
9279,0.6236479874747212
9280,0.5916628612433948
9281,0.747374257942462
9282,0.1067975732272164
9283,0.8371713745188859
9284,0.018729206079979122
9285,0.3097592797964642
9286,0.6961706569247831
9287,0.3036140648444125
9288,0.49029290886554894
9289,0.666162176267206
9290,0.7964446474003524
9291,0.8223497945071433
9292,0.5098245156239808
9293,0.5472111683736708
9294,0.7550916563376606
9295,0.6609628808141432
9296,0.14888772914084414
9297,0.7189379607280318
9298,0.1267662600300085
9299,0.70665405440668
9300,0.7200208754648053
9301,0.7621632200404463
9302,0.6966077369691435
9303,0.7896862156696458
9304,0.5143518820536239
9305,0.6803313980037837
9306,0.717104833974819
9307,0.666031704612173
9308,0.16817796333746496
9309,0.6948724639572053
9310,0.42950616478570036
9311,0.6035553525996478
9312,0.3411964250766521
9313,0.8863135233870443
9314,0.866827581707874
9315,0.06764955313458151
9316,0.034190097201383
9317,0.618618305173201
9318,0.6749037771544132
9319,0.7126818448692022
9320,0.5638202100593647
9321,0.7364146389196947
9322,0.9112009915845782
9323,0.7457433622545502
9324,0.5925565920803706
9325,0.7455280840237458
9326,0.2690716941744406
9327,0.45792941483462724
9328,0.6621697436231979
9329,0.8473677343597104
9330,0.0656859547263357
9331,0.6394089634027008
9332,0.7239611194468002
9333,0.6210516015395655
9334,0.5955835344771347
9335,0.3252136473351165
9336,0.33627112009915844
9337,0.7507991388870767
9338,0.6497162241503034
9339,0.48647661295583533
9340,0.6515428273207646
9341,0.3317372300867637
9342,0.6412355665731619
9343,0.7446539239350252
9344,0.34647400352273466
9345,0.20979189771022247
9346,0.039650335964511715
9347,0.6113445104051145
9348,0.44103985909061255
9349,0.005590710418161655
9350,0.6846695805336291
9351,0.4224411246656664
9352,0.11591754191401918
9353,0.6306673625154935
9354,0.5234327092439167
9355,0.516550329440929
9356,0.4844543023028247
9357,0.6897644986626656
9358,0.2449409615760976
9359,0.07029160414899864
9360,0.08011611977297932
9361,0.6512231717659338
9362,0.3302368060538848
9363,0.558562202361537
9364,0.491532389588362
9365,0.17709570095896668
9366,0.6414965098832279
9367,0.7572183443146976
9368,0.5801422141039859
9369,0.6782503751060083
9370,0.5976645573749103
9371,0.15048600691499772
9372,0.5879574662404593
9373,0.9187226824972275
9374,0.8274186183051732
9375,0.5103203079131059
9376,0.6778132950616479
9377,0.5603039989562268
9378,0.5319198904038098
9379,0.7465522865157546
9380,0.475647465588101
9381,0.582895166025181
9382,0.6057277056559462
9383,0.737536695152978
9384,0.18842064061582622
9385,0.9399112792745776
9386,0.5157153108487181
9387,0.7469697958118598
9388,0.6542435905799465
9389,0.7671929023419662
9390,0.9031247961380391
9391,0.38133602974753733
9392,0.8171309283058256
9393,0.6397155717920282
9394,0.4852306086502708
9395,0.7627960075673561
9396,0.6647530823928502
9397,0.022421553917411442
9398,0.6510078935351296
9399,0.7653402048404985
9400,0.6858960140909388
9401,0.6252201709178682
9402,0.5427816556853025
9403,0.8605714658490443
9404,0.8963794115728358
9405,0.5101637419270664
9406,0.3621893143714528
9407,0.727849174766782
9408,0.5357296627307717
9409,0.605251484115076
9410,0.8532846239154543
9411,0.6058842716419858
9412,0.45993215473938287
9413,0.952443081740492
9414,0.8522865157544525
9415,0.7763846304390372
9416,0.6304064192054276
9417,0.5403353121534347
9418,0.2772979320242677
9419,0.6523387044164655
9420,0.4380129166938483
9421,0.7575967121142932
9422,0.6389914541065954
9423,0.528827712179529
9424,0.8084349924978798
9425,0.08604605649422663
9426,0.17022636832148216
9427,0.8954465392393502
9428,0.7327679561615239
9429,0.7897057864179008
9430,0.8489529649683607
9431,0.8440733250701284
9432,0.714958575249527
9433,0.6264270337269229
9434,0.6779372431339291
9435,0.472946702328919
9436,0.5874094852893209
9437,0.6627112009915845
9438,0.18211233609498337
9439,0.8574662404592602
9440,0.8155978863591885
9441,0.7415356513797376
9442,0.12312610085458933
9443,0.6492008611129232
9444,0.7200208754648052
9445,0.11212081675256051
9446,0.4376932611390175
9447,0.15086437471459324
9448,0.6990084154217496
9449,0.32259116706895424
9450,0.5523582751647205
9451,0.7251614586731032
9452,0.7892034705460239
9453,0.1721508252332181
9454,0.6593972209537478
9455,0.7338965359775589
9456,0.7012133863918064
9457,0.3669841476939135
9458,0.8192902341966208
9459,0.5207906582294997
9460,0.20589731880748907
9461,0.5873051079652946
9462,0.3357427098962751
9463,0.6288277121795289
9464,0.3218540022180182
9465,0.22318481309935417
9466,0.6588296692543545
9467,0.09034509752756215
9468,0.6735468719420706
9469,0.7220431861178158
9470,0.24265770761302105
9471,0.2780677147889621
9472,0.35717920281818777
9473,0.2994063539696001
9474,0.5618696588166221
9475,0.28478700502315873
9476,0.7293365516341576
9477,0.717600626263944
9478,0.6445886881075087
9479,0.9448561550003263
9480,0.13328984278165568
9481,0.09501598277774154
9482,0.03396829538782699
9483,0.7041294278817927
9484,0.6553852175614848
9485,0.6300019570748255
9486,0.265144497357949
9487,0.25492204318611783
9488,0.38191010502968237
9489,0.7743231782895166
9490,0.6430752169091265
9491,0.47389914541065953
9492,0.9356448561550004
9493,0.6508643747145932
9494,0.47286189575314763
9495,0.8857003066083893
9496,0.5035031639376346
9497,0.4241046382673364
9498,0.6639115402178877
9499,0.6168243199164982
9500,0.7217431013112402
9501,0.6871028768999934
9502,0.8441255137321417
9503,0.5400287037641073
9504,0.7180050883945462
9505,0.8786352664883554
9506,0.6952377845912975
9507,0.67599973905669
9508,0.027783938939265448
9509,0.9139539435057734
9510,0.06107378172092113
9511,0.6970578641790072
9512,0.8527888316263291
9513,0.4072933655163416
9514,0.8139800378367801
9515,0.7309674473220694
9516,0.6792354361015069
9517,0.7220431861178159
9518,0.261778328658099
9519,0.9400287037641073
9520,0.7881270793920022
9521,0.1430882640746298
9522,0.9461413008024007
9523,0.6997586274381891
9524,0.7199686868027921
9525,0.7299041033335508
9526,0.585798160349664
9527,0.23311370604736126
9528,0.6752234327092439
9529,0.7078087285537217
9530,0.6667492987148542
9531,0.16647530823928502
9532,0.826537934633701
9533,0.6981212081675255
9534,0.6675190814795486
9535,0.6519407658686152
9536,0.8871028768999936
9537,0.18096418553069343
9538,0.5899797768934699
9539,0.6706112597038294
9540,0.6948855111227086
9541,0.2629330028051406
9542,0.8363820210059365
9543,0.6205492856676887
9544,0.452534411899015
9545,0.6091591101833127
9546,0.7291017026550983
9547,0.7417965946898037
9548,0.7697501467806119
9549,0.3833191989040381
9550,0.8492987148541978
9551,0.8905016635136016
9552,0.8639311109661426
9553,0.3353708656794312
9554,0.4868680279209342
9555,0.37541914019179334
9556,0.7144171178811404
9557,0.7243133929153891
9558,0.5419531606758432
9559,0.6101441711788114
9560,0.6016504664361668
9561,0.352736642964316
9562,0.4175680083501859
9563,0.7395981473024985
9564,0.5994585426316134
9565,0.4912127340335312
9566,0.5769391349729271
9567,0.8369560962880815
9568,0.696431600234849
9569,0.8234522799921717
9570,0.816439428534151
9571,0.7565007502120165
9572,0.6513210255072086
9573,0.5930850022832539
9574,0.6075282144954008
9575,0.400352273468589
9576,0.7137843303542305
9577,0.4327027203340074
9578,0.942475047295975
9579,0.49714919433753013
9580,0.16738860982451562
9581,0.545378041620458
9582,0.5154739382869072
9583,0.5726400939395916
9584,0.7414247504729599
9585,0.6379737751973384
9586,0.6580076978276469
9587,0.9524691760714984
9588,0.750388153173723
9589,0.9330288994715898
9590,0.2299171504990541
9591,0.8827451236218931
9592,0.735560049579229
9593,0.6503163937634548
9594,0.6381955770108944
9595,0.6247896144562594
9596,0.46308304520842847
9597,0.6840367930067193
9598,0.8053689086046056
9599,0.8599712962358929
9600,0.606490964837889
9601,0.03962424163350512
9602,0.13223302237588885
9603,0.5320829799726009
9604,0.6589209994128776
9605,0.7979711657642377
9606,0.5234783743231783
9607,0.6324417770239417
9608,0.5287494291865092
9609,0.6096483788896861
9610,0.5286189575314763
9611,0.8169221736577729
9612,0.5753408571987735
9613,0.21577402309348295
9614,0.7288407593450325
9615,0.6982973449018202
9616,0.6175614847674343
9617,0.4910039793854785
9618,0.6914475830125905
9619,0.5743688433687781
9620,0.7230869593580794
9621,0.15872529193032814
9622,0.8194663709309152
9623,0.31499771674603694
9624,0.8283906321351687
9625,0.15980168308434992
9626,0.7894513666905865
9627,0.5849957596712114
9628,0.6927588231456715
9629,0.5967186378759214
9630,0.47423184813099356
9631,0.7165438058581772
9632,0.1917476678191663
9633,0.8108878596124993
9634,0.8079000587122448
9635,0.3084741339943897
9636,0.6766651444973579
9637,0.38969926283514905
9638,0.7367212473090222
9639,0.500110900906778
9640,0.5595472633570358
9641,0.6658816622088851
9642,0.6919433753017158
9643,0.7741927066344837
9644,0.5354621958379543
9645,0.4157283580142215
9646,0.46706243068693326
9647,0.6522408506751908
9648,0.35505251484115075
9649,0.6294735468719421
9650,0.5435579620327484
9651,0.6926153043251353
9652,0.6434079196294605
9653,0.36413334203144365
9654,0.6363494030921782
9655,0.6496836062365451
9656,0.7633635592667494
9657,0.9392719681649162
9658,0.03465979515950159
9659,0.18084023745841218
9660,0.26736251549350903
9661,0.4390240720203536
9662,0.6927653467284232
9663,0.613405962554635
9664,0.6266879770369886
9665,0.6369887142018397
9666,0.009439624241633505
9667,0.6960597560180051
9668,0.6901232957140061
9669,0.662502446343532
9670,0.7413725618109466
9671,0.8689542696849109
9672,0.30639311109661427
9673,0.6888316263291799
9674,0.6927457759801684
9675,0.7272294344053755
9676,0.7090155913627764
9677,0.8834496705590711
9678,0.4150172874942919
9679,0.36458999282405896
9680,0.7131319720790658
9681,0.740589731880749
9682,0.6674864635657903
9683,0.4167329897579751
9684,0.5832604866592733
9685,0.21353643420966795
9686,0.8573749103007372
9687,0.4903255267793072
9688,0.8778981016374193
9689,0.42732076456389856
9690,0.6110313784330355
9691,0.89330680409681
9692,0.02033400743688434
9693,0.7444386457042207
9694,0.865829473546872
9695,0.6071237523647988
9696,0.396875203861961
9697,0.47625415878400423
9698,0.13481636114554116
9699,0.6980624959227608
9700,0.6179594233152848
9701,0.6977102224541718
9702,0.5588231456716029
9703,0.6461021593058909
9704,0.3732728814665014
9705,0.43336160219192377
9706,0.6358470872203014
9707,0.3857459716876509
9708,0.7440341835736187
9709,0.8620979842129297
9710,0.45438710940048277
9711,0.07282927783938939
9712,0.6263357035683997
9713,0.3358470872203014
9714,0.7481309935416531
9715,0.5919694696327223
9716,0.8849827125057081
9717,0.7308043577532781
9718,0.02919955639637289
9719,0.60669319590319
9720,0.7139735142540283
9721,0.5750994846369627
9722,0.7750538195577011
9723,0.27131580664100724
9724,0.7127927457759802
9725,0.5365190162437211
9726,0.6845325852958445
9727,0.6238436949572705
9728,0.6874290560375758
9729,0.6459977819818644
9730,0.8878726596646879
9731,0.7144171178811403
9732,0.7894709374388416
9733,0.503496640354883
9734,0.3983038684845718
9735,0.918677017417966
9736,0.8252658359971297
9737,0.057042207580403154
9738,0.9100332702720334
9739,0.4128775523517516
9740,0.779235436101507
9741,0.3035227346858895
9742,0.6201904886163481
9743,0.4460564942266293
9744,0.7882379802987801
9745,0.6837106138691369
9746,0.45374779829082135
9747,0.7924195968425859
9748,0.5385478504794834
9749,0.10668667232043838
9750,0.16372887990084156
9751,0.6442233674734165
9752,0.7452279992171702
9753,0.550518624828756
9754,0.8957074825494162
9755,0.6458607867440799
9756,0.6391871615891448
9757,0.8270206797573227
9758,0.23624502576815187
9759,0.43962424163350516
9760,0.7902602909517908
9761,0.8736316785178421
9762,0.8721703959814731
9763,0.733211559788636
9764,0.7986039532911475
9765,0.5190292908865549
9766,0.1314110509491813
9767,0.8327483854132689
9768,0.956083240915911
9769,0.5684519538130341
9770,0.8901950551242742
9771,0.6502837758496967
9772,0.7955509165633766
9773,0.6082197142670756
9774,0.3013895231261009
9775,0.5380063931110967
9776,0.6848587644334269
9777,0.5367277708917738
9778,0.9360558418683542
9779,0.6356057146584904
9780,0.6446539239350252
9781,0.5165177115271707
9782,0.5953552090808272
9783,0.6251223171765934
9784,0.6671994259247179
9785,0.5568921651771153
9786,0.10478830973970904
9787,0.7451170983103921
9788,0.4655424359057995
9789,0.6409420053493379
9790,0.6191206210450779
9791,0.03855437406223498
9792,0.7057146584904429
9793,0.6211364081153369
9794,0.08690064583469241
9795,0.7418161654380586
9796,0.8603366168699851
9797,0.8915780546676235
9798,0.7004501272098637
9799,0.7203079131058777
9800,0.5732598343009981
9801,0.031032683149585755
9802,0.42912127340335315
9803,0.5142996933916106
9804,0.6309087350773044
9805,0.7167460369234784
9806,0.7859090612564421
9807,0.4056820405766848
9808,0.6185139278491748
9809,0.14787657381433886
9810,0.6148998630047622
9811,0.5646421814860721
9812,0.8172092112988453
9813,0.16483788896862156
9814,0.9092243460108292
9815,0.7108617652814926
9816,0.07171374518885773
9817,0.7779372431339291
9818,0.6654250114162699
9819,0.7914932480918522
9820,0.8405766847152456
9821,0.9285080566246983
9822,0.7049513993085003
9823,0.6914736773435972
9824,0.6969208689412225
9825,0.9287233348555026
9826,0.3559266749298715
9827,0.4367669123882837
9828,0.7652814925957335
9829,0.5819688172744472
9830,0.6709309152586601
9831,0.41269489203470544
9832,0.5222715115141235
9833,0.1148281035944941
9834,0.8533172418292128
9835,0.6881923152195186
9836,0.49363950681714397
9837,0.41418226890208104
9838,0.21904886163480983
9839,0.9151412355665731
9840,0.4244177702394155
9841,0.5580272685759019
9842,0.389829734490182
9843,0.7083567095048602
9844,0.5312805792941484
9845,0.6734164002870376
9846,0.4846043447061126
9847,0.6578837497553657
9848,0.6516015395655294
9849,0.7016504664361668
9850,0.5304651314501925
9851,0.6611781590449475
9852,0.9325526779307196
9853,0.5981277317502773
9854,0.331508904690456
9855,0.04671537608454564
9856,0.7169939330680409
9857,0.5060865027072868
9858,0.6899536825624633
9859,0.35840563637549744
9860,0.0820340531019636
9861,0.3950877421880097
9862,0.6376280253115011
9863,0.7272229108226237
9864,0.6876443342683802
9865,0.6597103529258268
9866,0.6911018331267531
9867,0.7351555874486267
9868,0.6798877943766717
9869,0.5669841476939135
9870,0.46926740165699
9871,0.05303020418814013
9872,0.5542370669971949
9873,0.2567421227738274
9874,0.9020875464805271
9875,0.0324352534411899
9876,0.6816165438058581
9877,0.6130667362515493
9878,0.45362385021854
9879,0.6948659403744536
9880,0.7891317111357558
9881,0.3669450061974036
9882,0.6634679365907756
9883,0.5141561745710744
9884,0.8622349794507144
9885,0.7428077500163089
9886,0.6934307521690912
9887,0.46951529780155266
9888,0.6804879639898233
9889,0.7954269684910954
9890,0.9148933394220107
9891,0.8084806575771414
9892,0.6514841150759998
9893,0.7010959619022767
9894,0.4276795616152391
9895,0.5185530693456847
9896,0.8470611259703831
9897,0.34812446995890145
9898,0.06430947876573814
9899,0.6390827842651184
9900,0.6616739513340726
9901,0.42066671015721835
9902,0.5989236088459782
9903,0.6934307521690913
9904,0.8775980168308435
9905,0.746558810098506
9906,0.7038097723269621
9907,0.6393632983234392
9908,0.772098636571205
9909,0.6701872268249722
9910,0.5687194207058517
9911,0.11983821514775916
9912,0.7058320829799727
9913,0.814978145997782
9914,0.44133994389718834
9915,0.4245351947289452
9916,0.40566899341118146
9917,0.14453649944549546
9918,0.8932611390175486
9919,0.2836779959553787
9920,0.5148411507599974
9921,0.6326896731685041
9922,0.7959684258594821
9923,0.610502968230152
9924,0.5408050101115534
9925,0.0820210059364603
9926,0.23832604866592733
9927,0.6936916954791571
9928,0.6656533368125774
9929,0.0652162567682171
9930,0.6950420771087481
9931,0.6422989105616805
9932,0.15495466109987607
9933,0.08665927327288148
9934,0.7386978928827712
9935,0.6138952312610086
9936,0.621247309022115
9937,0.7907821775719226
9938,0.6452410463826734
9939,0.2977689346989366
9940,0.6964707417313589
9941,0.4281101180768478
9942,0.41923804553460764
9943,0.29544653923935027
9944,0.4656859547263357
9945,0.7819818644399505
9946,0.29899536825624634
9947,0.2726531411050949
9948,0.5560767173331593
9949,0.7138104246852373
9950,0.6995172548763781
9951,0.9199686868027921
9952,0.8589862352403941
9953,0.6482875595276927
9954,0.47262052319133674
9955,0.7088981668732468
9956,0.13328331919890404
9957,0.8791310587774807
9958,0.8801944027659991
9959,0.3250701285145802
9960,0.42312610085458935
9961,0.6295387826994585
9962,0.7482745123621893
9963,0.4435840563637549
9964,0.6532389588361929
9965,0.3756148476743428
9966,0.7756735599191077
9967,0.548855111227086
9968,0.6245873833909583
9969,0.22264335573096744
9970,0.8330419466370931
9971,0.7008024006784527
9972,0.6589079522473743
9973,0.5678517841998827
9974,0.6845652032096027
9975,0.02991715049905408
9976,0.354530628221019
9977,0.16153043251353644
9978,0.8795159501598278
9979,0.6148933394220105
9980,0.9067519081479549
9981,0.6675060343140453
9982,0.5751712440472307
9983,0.6975079913888709
9984,0.7346989366560115
9985,0.8572770565594625
9986,0.6251418879248484
9987,0.5256963924587383
9988,0.8243329636636441
9989,0.2939591623719747
9990,0.4089373083697566
9991,0.7265118403026943
9992,0.6051014417117881
9993,0.6722617261399961
9994,0.6537608454563246
9995,0.6875334333616022
9996,0.7490377715441321
9997,0.05062952573553396
9998,0.6389392654445821
9999,0.5654706764955313
10000,0.05278230804357753
10001,0.7887598669189118
10002,0.42887990084154215
10003,0.16878465653336813
10004,0.41456716028442825
10005,0.5731554569769718
10006,0.23391610672581384
10007,0.6443277447974428
10008,0.5537477982908213
10009,0.11114880292256508
10010,0.7726466175223433
10011,0.6241763976776045
10012,0.7479418096418553
10013,0.7554113118924914
10014,0.3033531215343466
10015,0.8527888316263292
10016,0.05642246721899667
10017,0.1500293561223824
10018,0.9012981929675778
10019,0.7537477982908214
10020,0.557785896014091
10021,0.03017157022636832
10022,0.7126948920347056
10023,0.02467545175810555
10024,0.02226498793137191
10025,0.0393437275751843
10026,0.6590514710679105
10027,0.7436819101050297
10028,0.32412420901559136
10029,0.9642442429382216
10030,0.050231587187683474
10031,0.2521951855959293
10032,0.6773827386000392
10033,0.2574140517972471
10034,0.3396764302955183
10035,0.7370800443603627
10036,0.6566638397808077
10037,0.09432448300606694
10038,0.22067975732272166
10039,0.8536303738012916
10040,0.30167656076717336
10041,0.6165438058581774
10042,0.8736316785178422
10043,0.7756539891708526
10044,0.3349794507143323
10045,0.22630960923739318
10046,0.08444125513732142
10047,0.12642703372692282
10048,0.2624763520125253
10049,0.6038423902407202
10050,0.5018722682497228
10051,0.17122447648248418
10052,0.5560114815056428
10053,0.12945397612368714
10054,0.8058125122317177
10055,0.12857329245221477
10056,0.17050035879705133
10057,0.024098114684584775
10058,0.5263487507339031
10059,0.6791897710222454
10060,0.8490442951268837
10061,0.6801617848522409
10062,0.8379998695283449
10063,0.021951855959292846
10064,0.20654315349990215
10065,0.8169417444060278
10066,0.5112857981603497
10067,0.6088003131319722
10068,0.5724509100397939
10069,0.7169613151542827
10070,0.6255593972209538
10071,0.643362254550199
10072,0.7822493313327681
10073,0.6632722291082263
10074,0.020829799726009526
10075,0.1904233805205819
10076,0.855770108943832
10077,0.8330745645508514
10078,0.2502576815186901
10079,0.8562267597364472
10080,0.024926609694043967
10081,0.8675060343140453
10082,0.5495727053297671
10083,0.5302172353056298
10084,0.6684128123165242
10085,0.33450975275621375
10086,0.8420379672516147
10087,0.6008089242612042
10088,0.8392523974166614
10089,0.5747733054993802
10090,0.783782373279405
10091,0.6264009393959162
10092,0.860538847935286
10093,0.08690064583469242
10094,0.6708787265966468
10095,0.21636766912388286
10096,0.6651184030269425
10097,0.4274708069671864
10098,0.49132363494030923
10099,0.2046578380846761
10100,0.7384304259899537
10101,0.5939787331202296
10102,0.7177963337464937
10103,0.2689477461021593
10104,0.9057537999869529
10105,0.9406353969600105
10106,0.7325787722617262
10107,0.599556396372888
10108,0.9011351033987866
10109,0.8256768217104834
10110,0.18126427033726925
10111,0.8232957140061322
10112,0.823282666840629
10113,0.19694696327222913
10114,0.7684454302302826
10115,0.8209211298845327
10116,0.4451888577206602
10117,0.7924391675908409
10118,0.6983951986430948
10119,0.1442625089699263
10120,0.024000260943310064
10121,0.22770565594624567
10122,0.22082327614325786
10123,0.8730706504012004
10124,0.706804096809968
10125,0.25113836519016247
10126,0.22360884597821126
10127,0.1678126427033727
10128,0.18344967055907102
10129,0.8133342031443669
10130,0.2969208689412225
10131,0.21596320699328073
10132,0.8944745254093549
10133,0.03694957270532977
10134,0.7835801422141041
10135,0.8574075282144954
10136,0.9028768999934763
10137,0.0633766064322526
10138,0.09025376736903909
10139,0.6146519668601996
10140,0.6904755691825951
10141,0.03824776567290756
10142,0.022538978406941093
10143,0.04399504207710875
10144,0.3734294474525409
10145,0.7970709113445105
10146,0.7854002218018137
10147,0.7888968621566965
10148,0.587018070324222
10149,0.3582947354687194
10150,0.017933328984278168
10151,0.8663317894187489
10152,0.6695837954204449
10153,0.858894905081871
10154,0.10744993150238111
10155,0.2242677278361276
10156,0.38298649618370406
10157,0.2382347185074043
10158,0.5961380390110248
10159,0.07992693587318156
10160,0.8484376019309805
10161,0.8212146911083567
10162,0.48283645378041623
10163,0.9361471720268773
10164,0.7318481309935417
10165,0.7368517189640551
10166,0.6604540413595147
10167,0.8752560506230023
10168,0.41611324939656863
10169,0.08038358666579686
10170,0.9255985387174636
10171,0.7413856089764499
10172,0.5118794441907495
10173,0.18954269684910954
10174,0.7215473938286907
10175,0.07096353317241828
10176,0.7907691304064193
10177,0.8254680670624306
10178,0.5808402374584122
10179,0.5497814599778198
10180,0.24436688629395265
10181,0.47903972861895755
10182,0.22147563441842258
10183,0.5407854393632984
10184,0.7873507730445561
10185,0.7746689281753539
10186,0.5820210059364602
10187,0.17080044360362712
10188,0.7831952508317569
10189,0.7889620979842129
10190,0.8711657642377194
10191,0.8246917607149846
10192,0.9556918259508123
10193,0.6951986430947877
10194,0.8679496379411573
10195,0.761908800313132
10196,0.5811468458477396
10197,0.4483919368517189
10198,0.8203144366886295
10199,0.711983821514776
10200,0.9247178550459912
10201,0.8569769717528867
10202,0.3205753799986953
10203,0.7439559005805989
10204,0.44453649944549545
10205,0.5262704677408833
10206,0.9021005936460303
10207,0.8632069932807098
10208,0.7855633113706049
10209,0.9205036205884272
10210,0.6161915323895883
10211,0.31647204644790916
10212,0.600110900906778
10213,0.6201774414508449
10214,0.9345227999217169
10215,0.8658686150433819
10216,0.7472307391219258
10217,0.4655554830713028
10218,0.762965620718899
10219,0.04222715115141236
10220,0.5998042925174506
10221,0.694324483006067
10222,0.9021005936460305
10223,0.8618827059821254
10224,0.816843890664753
10225,0.9028703764107248
10226,0.7041489986300475
10227,0.6340857198773567
10228,0.7698480005218867
10229,0.3214756344184226
10230,0.8290886554895949
10231,0.3599125839911279
10232,0.2665209733185466
10233,0.062078413464674805
10234,0.1640420118729206
10235,0.18078804879639898
10236,0.5854915519603366
10237,0.12075151673298976
10238,0.8911279274577597
10239,0.01392784917476678
10240,0.21962293691695478
10241,0.7242677278361276
10242,0.014599778198186444
10243,0.849592276078022
10244,0.920451431926414
10245,0.5085067519081479
10246,0.294083110444256
10247,0.803033465979516
10248,0.47949637941157286
10249,0.932082979972601
10250,0.9343858046839324
10251,0.025892099941287758
10252,0.9305695087742188
10253,0.5623980690195055
10254,0.7682040576684714
10255,0.7032487442103204
10256,0.5888838149911931
10257,0.4840367930067193
10258,0.8850740426642313
10259,0.8705199295453063
10260,0.7581838345619415
10261,0.9122121469110835
10262,0.9426120425337596
10263,0.8641007241176855
10264,0.1523908930784787
10265,0.7040707156370278
10266,0.8778915780546677
10267,0.30113510339878663
10268,0.12640746297866787
10269,0.6646487050688238
10270,0.6127144627829605
10271,0.7683867179855176
10272,0.5823732794050492
10273,0.7760258333876966
10274,0.9045469371778981
10275,0.048183182203666255
10276,0.6885511122708591
10277,0.5229695348685498
10278,0.019117359253702133
10279,0.5636440733250703
10280,0.17132885380651056
10281,0.7183508382803836
10282,0.7588361928371061
10283,0.02552677930719551
10284,0.49766129558353456
10285,0.6720464479091918
10286,0.5439102355013373
10287,0.8504729597494944
10288,0.8026224802661622
10289,0.6085197990736513
10290,0.3906451823341379
10291,0.4359514645443277
10292,0.7054667623458803
10293,0.7268445430230283
10294,0.01988388022702068
10295,0.18446734946832805
10296,0.624946180442299
10297,0.011455411311892491
10298,0.5718964055059038
10299,0.8144171178811404
10300,0.2569769717528867
10301,0.2385608976449866
10302,0.5746036923478375
10303,0.19492465261921849
10304,0.5386457042207581
10305,0.8407854393632983
10306,0.7401004631743754
10307,0.9238045534607606
10308,0.7734164002870377
10309,0.9150172874942919
10310,0.8014156174571075
10311,0.839735142540283
10312,0.7093613412486137
10313,0.2520386196098897
10314,0.8901624372105161
10315,0.025800769782764698
10316,0.6879052775784461
10317,0.7855306934568466
10318,0.043055646160871555
10319,0.03646682758170788
10320,0.7656794311435842
10321,0.7368060538847936
10322,0.863480983756279
10323,0.8326048665927328
10324,0.01775719224998369
10325,0.9311370604736121
10326,0.8359318937960728
10327,0.03130015004240329
10328,0.8375888838149912
10329,0.7201709178680931
10330,0.927164198577859
10331,0.7437862874290561
10332,0.9530497749363951
10333,0.6021005936460304
10334,0.2613673429447453
10335,0.518344314697632
10336,0.8489203470546025
10337,0.7410072411768543
10338,0.7857590188531541
10339,0.4475112531802466
10340,0.7046643616674279
10341,0.5024659142801227
10342,0.7226237849827125
10343,0.7176984800052189
10344,0.1040185269750147
10345,0.03003457498858373
10346,0.5227020679757323
10347,0.7300606693195902
10348,0.920301389523126
10349,0.5128905995172549
10350,0.36472046447909195
10351,0.7550068497618893
10352,0.347243786287429
10353,0.8970643877617588
10354,0.7464479091917281
10355,0.7018266031704613
10356,0.6642116250244634
10357,0.9434862026224803
10358,0.0263813686476613
10359,0.8313653858699199
10360,0.8965751190553852
10361,0.906119120621045
10362,0.7282601604801358
10363,0.6697501467806118
10364,0.675536564681323
10365,0.6430132428729859
10366,0.9014939004501272
10367,0.8206471394089634
10368,0.6036401591754191
10369,0.6337008284950095
10370,0.21420836323308762
10371,0.90221801813556
10372,0.871504990540805
10373,0.19063213516863464
10374,0.4106203927196817
10375,0.22679887794376674
10376,0.8899667297279666
10377,0.9247635201252528
10378,0.3374518885772066
10379,0.22680540152651837
10380,0.35098179920412287
10381,0.6714201839650337
10382,0.07981603496640355
10383,0.7060995498727901
10384,0.03764759605975602
10385,0.26508578511318415
10386,0.48667232043838476
10387,0.8687585622023616
10388,0.09498988844673495
10389,0.060467088525017934
10390,0.6239415486985452
10391,0.6293235044686543
10392,0.6689086046056495
10393,0.8542435905799465
10394,0.6912649226955445
10395,0.8987735664426904
10396,0.8277252266945008
10397,0.020529714919433752
10398,0.16243721051601542
10399,0.026759736447256835
10400,0.619825167982256
10401,0.9071302759475504
10402,0.9079392002087547
10403,0.7359253702133212
10404,0.9122317176593385
10405,0.872874942918651
10406,0.9062234979450714
10407,0.8657185726400939
10408,0.027053297671080955
10409,0.03672124730902212
10410,0.5412877552351751
10411,0.6937243133929154
10412,0.7068628090547329
10413,0.276534672842325
10414,0.7196294604997066
10415,0.2686802792093418
10416,0.7416922173657774
10417,0.8611520647139408
10418,0.10006523582751646
10419,0.028742905603757585
10420,0.03143714528018788
10421,0.5840367930067193
10422,0.41257094396242416
10423,0.014136603822819494
10424,0.8726009524430818
10425,0.6675256050623002
10426,0.6492595733576881
10427,0.23501206862809057
10428,0.7744014612825364
10429,0.07699784721769196
10430,0.8789744927914411
10431,0.7471981212081676
10432,0.027927457759801686
10433,0.6622545501989693
10434,0.5212081675256051
10435,0.281120751516733
10436,0.5778981016374193
10437,0.6268184486920216
10438,0.3461673951334073
10439,0.3123817600626264
10440,0.5987539956944353
10441,0.5183834561941418
10442,0.7823667558222975
10443,0.00504272946702329
10444,0.32862548111422796
10445,0.859893013242873
10446,0.03686476612955836
10447,0.15824254680670624
10448,0.9396764302955183
10449,0.37495596581642643
10450,0.62348489790593
10451,0.6887729140844152
10452,0.7264270337269229
10453,0.7975275621371257
10454,0.673853480331398
10455,0.6451366690586471
10456,0.8333811729401787
10457,0.940902863852828
10458,0.724130732598343
10459,0.6918389979776893
10460,0.3305173201122056
10461,0.9258920999412877
10462,0.8403679300671929
10463,0.5516993933068041
10464,0.5772979320242677
10465,0.7982516798225586
10466,0.8566507926153043
10467,0.926792354361015
10468,0.6739578576554244
10469,0.7641529127796987
10470,0.01952508317568008
10471,0.69663383130015
10472,0.7855763585361081
10473,0.7144758301259052
10474,0.6931502381107705
10475,0.6922760780220497
10476,0.8033465979515951
10477,0.027947028508056623
10478,0.6307391219257616
10479,0.6174766781916627
10480,0.6230608650270729
10481,0.46044751777676307
10482,0.7541848783351818
10483,0.31849435710091983
10484,0.6627633896535977
10485,0.6904038097723271
10486,0.0470285080566247
10487,0.05784460825885576
10488,0.7072216061060735
10489,0.03131972079065823
10490,0.25832735338247764
10491,0.8229434405375432
10492,0.8158196881727444
10493,0.026335703568399767
10494,0.019968686802792093
10495,0.2509296105421097
10496,0.7391545436753865
10497,0.7969339161067258
10498,0.6715506556200666
10499,0.6859351555874487
10500,0.9252332180833714
10501,0.8255854915519604
10502,0.8570683019114098
10503,0.05286711461934895
10504,0.5209211298845325
10505,0.6426838019440276
10506,0.5257094396242417
10507,0.9066801487376869
10508,0.8105747276404202
10509,0.5072020353578185
10510,0.8016308956879118
10511,0.020712375236479872
10512,0.6277056559462457
10513,0.6756083240915911
10514,0.7750994846369627
10515,0.6364603039989561
10516,0.9398525670298128
10517,0.8283514906386588
10518,0.8036075412616608
10519,0.8984082458085981
10520,0.9436492921912715
10521,0.046545762933002804
10522,0.08102289777545828
10523,0.0605714658490443
10524,0.8155652684454302
10525,0.771707221606106
10526,0.7878922304129428
10527,0.19092569639245874
10528,0.18122512884075936
10529,0.7245612890599518
10530,0.921116837367082
10531,0.8907952247374259
10532,0.22589209994128776
10533,0.49966729727966597
10534,0.33251353643420967
10535,0.6609237393176333
10536,0.743694957270533
10537,0.048626785830778264
10538,0.8345293235044686
10539,0.3252462652488747
10540,0.4779111488029226
10541,0.4907887011546742
10542,0.8402505055776632
10543,0.7930719551177507
10544,0.7586535325200601
10545,0.5072803183508383
10546,0.16033009328723336
10547,0.3946049970643878
10548,0.5228129688825103
10549,0.3218148607215082
10550,0.205695087742188
10551,0.6340400547980951
10552,0.1374649357427099
10553,0.15597234000913301
10554,0.18496966534020481
10555,0.9027594755039468
10556,0.8287037641072478
10557,0.7841150759997391
10558,0.2521495205166677
10559,0.23048470219844738
10560,0.9454954661099877
10561,0.8147628677669776
10562,0.6634353186770174
10563,0.6598277774153566
10564,0.5360623654511057
10565,0.7672777089177376
10566,0.15687259442886034
10567,0.6361015069476157
10568,0.5515623980690195
10569,0.2749951073129363
10570,0.09692086894122251
10571,0.8661817470154609
10572,0.8963011285798161
10573,0.6311696783873704
10574,0.5255463500554505
10575,0.11264922695544394
10576,0.6474525409354817
10577,0.34741992302172353
10578,0.37036336355926675
10579,0.04614782438515233
10580,0.7537477982908214
10581,0.34227933981342556
10582,0.8831430621697436
10583,0.7246721899667298
10584,0.28331267532128646
10585,0.8726922826016048
10586,0.7575249527040251
10587,0.7209994128775523
10588,0.8367864831365386
10589,0.8642964316002348
10590,0.7148346271772459
10591,0.17819818644399507
10592,0.9498075543088264
10593,0.6431795942331529
10594,0.5321025507208559
10595,0.5883423576228064
10596,0.4071172287820471
10597,0.5587774805923413
10598,0.32152782308043576
10599,0.6770108943831954
10600,0.3364015917541914
10601,0.40914606301780937
10602,0.8565855567877879
10603,0.343473155456977
10604,0.8700502315871876
10605,0.43287233348555026
10606,0.5830321612629656
10607,0.9449279144105943
10608,0.903124796138039
10609,0.5169678387370343
10610,0.21544132037314895
10611,0.23014547589536175
10612,0.4581120751516733
10613,0.29607280318350837
10614,0.9529127796986105
10615,0.8375236479874747
10616,0.7964316002348489
10617,0.32294344053754326
10618,0.8671015721834432
10619,0.1302498532193881
10620,0.9417574531932937
10621,0.8495792289125188
10622,0.5883227868745515
10623,0.8427098962750343
10624,0.36378106856285475
10625,0.5290756083240916
10626,0.6717789810163742
10627,0.791180116119773
10628,0.961706569247831
10629,0.9532911474982061
10630,0.453532520060017
10631,0.37433622545501993
10632,0.2460043055646161
10633,0.022415030334659795
10634,0.6136799530302041
10635,0.473853480331398
10636,0.7291408441516081
10637,0.5695544392980625
10638,0.7215147759149325
10639,0.8673690390762607
10640,0.8995107312936265
10641,0.743786287429056
10642,0.843453584708722
10643,0.019479418096418552
10644,0.8691760714984671
10645,0.9530171570226369
10646,0.38390632135168634
10647,0.25222780350968754
10648,0.5811729401787461
10649,0.8420836323308761
10650,0.4018526975014678
10651,0.8675060343140453
10652,0.7875530041098571
10653,0.03820210059364603
10654,0.8549220431861179
10655,0.8931698088590254
10656,0.9008872072542242
10657,0.7034183573618631
10658,0.5669123882836454
10659,0.9148281035944941
10660,0.45915584839193685
10661,0.4477852436558158
10662,0.8628612433948726
10663,0.09641202948659405
10664,0.8732337399699917
10665,0.9344184225976906
10666,0.6025115793593843
10667,0.8630830452084286
10668,0.637243133929154
10669,0.8401852697501467
10670,0.6973840433165895
10671,0.06577076130210711
10672,0.11238828364537805
10673,0.7876443342683802
10674,0.7898101637419273
10675,0.07707613021071172
10676,0.8131515428273208
10677,0.714293169808859
10678,0.7614130080240069
10679,0.6203666253506425
10680,0.507397742840368
10681,0.8332702720334009
10682,0.9289451366690586
10683,0.9562919955639637
10684,0.03212212146911084
10685,0.6211820731945984
10686,0.6652032096027137
10687,0.59889099093222
10688,0.5448757257485812
10689,0.8640289647074173
10690,0.6669906712766651
10691,0.6315676169352208
10692,0.6190488616348098
10693,0.7167656076717333
10694,0.6820731945984736
10695,0.9377715441320372
10696,0.692993672124731
10697,0.7469763193946116
10698,0.8048013569052124
10699,0.021397351425402833
10700,0.6315806641007241
10701,0.6545436753865223
10702,0.7207188988192316
10703,0.2602779046252202
10704,0.43040641920542766
10705,0.8552025572444386
10706,0.021338639180638008
10707,0.7122382412420901
10708,0.2738012916693848
10709,0.7327940504925305
10710,0.47132233022375897
10711,0.6543479679039729
10712,0.5691499771674604
10713,0.6756213712570944
10714,0.9177245743362255
10715,0.8824841803118274
10716,0.7951921195120359
10717,0.40454693717789814
10718,0.927643681910105
10719,0.8946767564746559
10720,0.7508643747145933
10721,0.5755365646813231
10722,0.06044099419401135
10723,0.6308108813360297
10724,0.47622154087024593
10725,0.5219453323765413
10726,0.6432937569313067
10727,0.3121534346663188
10728,0.2065888185791637
10729,0.8325852958444777
10730,0.8625872529193033
10731,0.8941418226890208
10732,0.6841672646617523
10733,0.04537151803770631
10734,0.6748515884924001
10735,0.7299823863265706
10736,0.7282927783938941
10737,0.6301193815643552
10738,0.8889555744014613
10739,0.22906908474133997
10740,0.8282014482353708
10741,0.8972731424098115
10742,0.6698480005218866
10743,0.8042729467023289
10744,0.7872268249722749
10745,0.8333355078609173
10746,0.5165796855633114
10747,0.5727314240981147
10748,0.7157153108487181
10749,0.22728162306738864
10750,0.6575967121142932
10751,0.737243133929154
10752,0.7493574270989627
10753,0.21907495596581644
10754,0.22945397612368715
10755,0.3829473546871942
10756,0.8234783743231784
10757,0.7355013373344641
10758,0.7693456846500097
10759,0.6145149716224151
10760,0.5087807423837172
10761,0.7330288994715899
10762,0.3679235436101507
10763,0.5161589144758301
10764,0.49751451497162247
10765,0.1624502576815187
10766,0.3581773109791898
10767,0.48853806510535586
10768,0.6305368908604607
10769,0.8887794376671668
10770,0.39750799138887083
10771,0.432970187226825
10772,0.8709635331724184
10773,0.9549807554308827
10774,0.8893404657838085
10775,0.6961902276730381
10776,0.33310065888185797
10777,0.7836845195381305
10778,0.8061386913693
10779,0.9461413008024008
10780,0.8226107378172092
10781,0.4336290690847414
10782,0.2422858633961772
10783,0.10871550655620067
10784,0.6575575706177833
10785,0.8544523452279992
10786,0.675888838149912
10787,0.6626981538260812
10788,0.9377715441320373
10789,0.8814665014025703
10790,0.5118663970252463
10791,0.24895296496836064
10792,0.27454498010307266
10793,0.6796333746493574
10794,0.9527953552090809
10795,0.8464740035227347
10796,0.12826016048013572
10797,0.3498206014743297
10798,0.7228847282927784
10799,0.8307130275947551
10800,0.8171504990540805
10801,0.6640876769521821
10802,0.5925044034183573
10803,0.9435383912844935
10804,0.8125905147106791
10805,0.6708526322656403
10806,0.6544849631417575
10807,0.6412877552351752
10808,0.6475438710940048
10809,0.9373018461739187
10810,0.7995303020418815
10811,0.7714006132167787
10812,0.3405114488877291
10813,0.7369234783743231
10814,0.9019375040772393
10815,0.7762802531150108
10816,0.28343662339356773
10817,0.028586339617718056
10818,0.7041946637093092
10819,0.45039467675647465
10820,0.48193619936068893
10821,0.15096875203861962
10822,0.2621893143714528
10823,0.9052188662013178
10824,0.930047622154087
10825,0.6733642116250245
10826,0.3420640615826212
10827,0.6864505186248289
10828,0.5930067192902343
10829,0.5138952312610086
10830,0.7190684323830648
10831,0.8025441972731424
10832,0.8690521234261858
10833,0.7663578837497553
10834,0.461112923217431
10835,0.605160153956553
10836,0.8190684323830648
10837,0.9161393437275752
10838,0.9059690782177572
10839,0.6852175614847674
10840,0.9316458999282407
10841,0.9124730902211494
10842,0.9545436753865224
10843,0.8870963533172418
10844,0.7264922695544392
10845,0.8653141105094919
10846,0.7192771870311175
10847,0.8939852567029813
10848,0.8776175875790985
10849,0.8452345227999217
10850,0.8466827581707875
10851,0.8306673625154936
10852,0.08644399504207712
10853,0.7182007958770957
10854,0.6303672777089178
10855,0.6240067845260617
10856,0.3634418422597691
10857,0.4890860460564942
10858,0.7761563050427295
10859,0.7028768999934765
10860,0.25916889555744016
10861,0.9178615695740101
10862,0.6822101898362581
10863,0.8676756474655881
10864,0.7435905799465066
10865,0.7389327418618306
10866,0.6326048665927327
10867,0.6120294865940374
10868,0.11154674147041554
10869,0.5292647922238893
10870,0.6786874551503687
10871,0.8940700632787527
10872,0.4376215017287495
10873,0.9327940504925305
10874,0.6627829604018527
10875,0.8564224672189967
10876,0.6018396503359645
10877,0.24773957857655424
10878,0.3551699393306804
10879,0.5249200861112924
10880,0.833987866136082
10881,0.7482614651966861
10882,0.8468719420705852
10883,0.4043512296953487
10884,0.036088459782112337
10885,0.8724900515363037
10886,0.5193750407723922
10887,0.8998303868484572
10888,0.7193358992758823
10889,0.7962750342488094
10890,0.35769456585556786
10891,0.9203535781851393
10892,0.6815578315610934
10893,0.9414899863004762
10894,0.08314306216974361
10895,0.3252136473351165
10896,0.2345749885837302
10897,0.16830191140974624
10898,0.9194794180964186
10899,0.9532389588361929
10900,0.7600756735599192
10901,0.8655098179920413
10902,0.8012720986365711
10903,0.6415030334659796
10904,0.7937177898101638
10905,0.8571792028181877
10906,0.9060604083762803
10907,0.6059756018005089
10908,0.5384695674864637
10909,0.8813164589992823
10910,0.017372300867636508
10911,0.5614391023550134
10912,0.6928958183834562
10913,0.39340465783808476
10914,0.7941809641855307
10915,0.9082979972600953
10916,0.135651379737752
10917,0.9122839063213517
10918,0.6068367147237262
10919,0.8522147563441842
10920,0.7001761367342945
10921,0.7761432578772263
10922,0.8396111944680019
10923,0.48983625807293363
10924,0.9114162698153825
10925,0.6400026094331007
10926,0.7407397742840368
10927,0.055085132754909
10928,0.574427555613543
10929,0.8491551960336616
10930,0.7155522212799269
10931,0.575334333616022
10932,0.5434340139604671
10933,0.5106073455541784
10934,0.7205101441711788
10935,0.6860917215734883
10936,0.20093939591623722
10937,0.6018592210842195
10938,0.6715767499510731
10939,0.5677930719551177
10940,0.781916628612434
10941,0.592771870311175
10942,0.7528410202883423
10943,0.8503163937634549
10944,0.8753473807815253
10945,0.6412812316524236
10946,0.6645117098310392
10947,0.030680409680996806
10948,0.8714919433753018
10949,0.893991780285733
10950,0.6233218083371388
10951,0.8978537412747082
10952,0.8873768673755627
10953,0.8881270793920022
10954,0.1054145736838672
10955,0.5176854328397156
10956,0.7664361667427751
10957,0.8294148346271772
10958,0.5533041946637093
10959,0.5551764629134321
10960,0.344693065431535
10961,0.03878269945854263
10962,0.2466566638397808
10963,0.742161915323896
10964,0.5662926479222389
10965,0.7810881336029749
10966,0.047302498532193885
10967,0.9554765477200078
10968,0.49384173788244506
10969,0.8630960923739318
10970,0.6408898166873247
10971,0.807025898623524
10972,0.8927783938939265
10973,0.6645704220758041
10974,0.1273468588949051
10975,0.7910822623784983
10976,0.8719551177506688
10977,0.8917411442364146
10978,0.6470806967186379
10979,0.9763454889425272
10980,0.7162567682171047
10981,0.8005153630373801
10982,0.7277708917737622
10983,0.6671602844282079
10984,0.8785896014090939
10985,0.793730836975667
10986,0.640067845260617
10987,0.7736838671798553
10988,0.6358014221410399
10989,0.6612825363689739
10990,0.6832148215800117
10991,0.8887468197534086
10992,0.7558483919368517
10993,0.13300932872333487
10994,0.9542696849109532
10995,0.45958640485354557
10996,0.8936395068171439
10997,0.8983886750603431
10998,0.8963467936590775
10999,0.2882510274642834
11000,0.3947354687194207
11001,0.9718311696783873
11002,0.8391414965098833
11003,0.5723073912192577
11004,0.23289190423380524
11005,0.38296040185269753
11006,0.6615239089307847
11007,0.9425924717855046
11008,0.7188531541522605
11009,0.8516798225585491
11010,0.8635331724182922
11011,0.7048796398982322
11012,0.6412225194076586
11013,0.8434470611259703
11014,0.397540609302629
11015,0.04246200013047166
11016,0.889849305238437
11017,0.34068106203927195
11018,0.6660056102811663
11019,0.03521429969339161
11020,0.6795811859873442
11021,0.42800574075282144
11022,0.37001761367342945
11023,0.4213451627633897
11024,0.8353643420966794
11025,0.7890729988909909
11026,0.031143584056363756
11027,0.7417052645312807
11028,0.5188401069867572
11029,0.694526714071368
11030,0.684650009785374
11031,0.6470219844738729
11032,0.7039663383130016
11033,0.9563246134777219
11034,0.0334855502642051
11035,0.778106856285472
11036,0.8205558092504404
11037,0.1952312610085459
11038,0.7310131124013308
11039,0.6813458151216648
11040,0.22477004370800446
11041,0.01080305303672777
11042,0.05413268967316851
11043,0.6814599778198187
11044,0.4980755430882641
11045,0.25450453389001243
11046,0.898095113836519
11047,0.633485550264205
11048,0.564681322982582
11049,0.7119577271837694
11050,0.20473612107769587
11051,0.2806380063931111
11052,0.9213712570943964
11053,0.8064322525931242
11054,0.564811794637615
11055,0.9452149520516668
11056,0.7458803574923348
11057,0.6616282862548112
11058,0.17014156174571077
11059,0.6378498271250571
11060,0.6133015852306087
11061,0.8268706373540349
11062,0.26834757648900776
11063,0.05830778263422272
11064,0.645430230282471
11065,0.7463304847021984
11066,0.6891317111357558
11067,0.6909452671407137
11068,0.824169874094853
11069,0.8834757648900776
11070,0.7833713875660512
11071,0.8984995759671212
11072,0.29806901950551246
11073,0.8442168438906648
11074,0.7626394415813165
11075,0.7124013308108814
11076,0.9016765607671733
11077,0.3033139800378368
11078,0.2419988257551047
11079,0.7937960728031835
11080,0.38370409028638525
11081,0.42681192510927
11082,0.7537217039598147
11083,0.7020027399047557
11084,0.1712114293169809
11085,0.23136538586991978
11086,0.6541457368386718
11087,0.8225194076586861
11088,0.9144040707156371
11089,0.812296953486855
11090,0.8232500489268707
11091,0.8026159566834106
11092,0.6810033270272033
11093,0.777865483723661
11094,0.5777545828168831
11095,0.36866723204383844
11096,0.9409550525148411
11097,0.6180050883945464
11098,0.6348620262248027
11099,0.7740752821449541
11100,0.6011351033987866
11101,0.9467545175810557
11102,0.4621632200404462
11103,0.8082719029290887
11104,0.9220301389523126
11105,0.695303020418814
11106,0.8279144105942984
11107,0.7514710679104964
11108,0.9232109074303608
11109,0.11949246526192185
11110,0.7734490182007959
11111,0.7070324222062758
11112,0.8093352469176072
11113,0.5109857133537739
11114,0.3658490442951269
11115,0.7801422141039859
11116,0.6605714658490442
11117,0.9440928958183835
11118,0.5901167721312546
11119,0.8444973579489856
11120,0.8588622871681127
11121,0.5414508448039663
11122,0.7605518951007895
11123,0.6476352012525279
11124,0.8018657446669711
11125,0.9512818840106987
11126,0.8231782895166025
11127,0.9178941874877683
11128,0.8548894252723596
11129,0.5423510992236936
11130,0.5664818318220367
11131,0.5752430034574989
11132,0.7370082849500946
11133,0.9360949833648641
11134,0.6211429316980887
11135,0.6424946180442299
11136,0.9121012460043056
11137,0.6448039663383129
11138,0.18720725422401982
11139,0.30658881857916365
11140,0.7861634809837563
11141,0.8712701415617456
11142,0.7317176593385087
11143,0.7995172548763781
11144,0.8643812381760063
11145,0.7001957074825494
11146,0.7259703829343076
11147,0.9350185922108422
11148,0.3862874290560376
11149,0.5540283123491422
11150,0.5128514580207449
11151,0.8036988714201839
11152,0.7802596385935157
11153,0.6727183769326114
11154,0.8820731945984736
11155,0.10659534216191532
11156,0.6650662143649293
11157,0.5205231913366821
11158,0.6724052449605323
11159,0.8371257094396243
11160,0.35840563637549744
11161,0.2532454824189445
11162,0.30919825167982257
11163,0.44728945136669057
11164,0.6441972731424099
11165,0.2314240981146846
11166,0.7171439754713288
11167,0.46763650596907824
11168,0.4959292843629722
11169,0.4707743492726206
11170,0.0757192249983691
11171,0.9183182203666254
11172,0.1544392980624959
11173,0.56704938352143
11174,0.8523256572509622
11175,0.5441255137321417
11176,0.5670037184421685
11177,0.19082784265118408
11178,0.6854589340465784
11179,0.28287559527692613
11180,0.2796529453976124
11181,0.5896992628351491
11182,0.7071759410268119
11183,0.9436427686085198
11184,0.37763063474460173
11185,0.15031639376345488
11186,0.8835540478830974
11187,0.9254419727314241
11188,0.45312805792941485
11189,0.5836584252071237
11190,0.3155261269489204
11191,0.948894252723596
11192,0.43724965751190553
11193,0.5102289777545829
11194,0.7353121534346663
11195,0.9029943244830061
11196,0.19672516145867308
11197,0.054452345227999216
11198,0.7341900972013831
11199,0.8324548241894448
11200,0.6606562724248157
11201,0.3066149129101703
11202,0.7644073325070129
11203,0.3639767760454042
11204,0.28896209798421296
11205,0.7365777284884859
11206,0.9543479679039728
11207,0.2907038945789027
11208,0.3887076782568987
11209,0.9431795942331529
11210,0.4483462717724575
11211,0.05124926609694044
11212,0.5330223758888382
11213,0.39038423902407204
11214,0.7062887337725878
11215,0.5586600561028117
11216,0.388812055580925
11217,0.4558418683541
11218,0.6456976971752887
11219,0.6024398199491161
11220,0.7270011090090678
11221,0.8918781394741992
11222,0.6698153826081285
11223,0.7373605584186835
11224,0.6784656533368126
11225,0.8664426903255268
11226,0.9132167786548373
11227,0.49691434535847084
11228,0.46156305042729473
11229,0.936538586991976
11230,0.354974231848131
11231,0.8490703894578904
11232,0.9096418553069346
11233,0.5966273077173985
11234,0.7244112466566639
11235,0.04897905929936722
11236,0.5155978863591885
11237,0.7686150433818253
11238,0.7816165438058582
11239,0.722578119903451
11240,0.6204253375954073
11241,0.5963794115728358
11242,0.6839258920999413
11243,0.6816556853023681
11244,0.2654837236610347
11245,0.46922826016048014
11246,0.8511514123556657
11247,0.6638006393111097
11248,0.7693587318155131
11249,0.9303020418814012
11250,0.05361732663578838
11251,0.7195511775066867
11252,0.6975536564681324
11253,0.9209407006327875
11254,0.836003653206341
11255,0.05518951007893535
11256,0.7782960401852698
11257,0.8930197664557376
11258,0.696914345358471
11259,0.9487376867375563
11260,0.7396046708852502
11261,0.9242383717137452
11262,0.7196881727444713
11263,0.4067584317307065
11264,0.4308630699980429
11265,0.774186183051732
11266,0.8981473024985321
11267,0.7724574336225456
11268,0.8465000978537413
11269,0.5993476417248353
11270,0.6411116185008807
11271,0.912166481831822
11272,0.9240133081088133
11273,0.5925826864113771
11274,0.8702459390697372
11275,0.679972600952443
11276,0.7363624502576815
11277,0.7570291604148999
11278,0.7808010959619023
11279,0.10805662469828431
11280,0.9057277056559463
11281,0.9451236218931437
11282,0.3768608519799074
11283,0.6784330354230543
11284,0.6866397025246266
11285,0.841920542762085
11286,0.1820601474329702
11287,0.6954334920738471
11288,0.5212081675256051
11289,0.6878074238371713
11290,0.4070715637027855
11291,0.7400221801813557
11292,0.10305303672777089
11293,0.767995303020419
11294,0.7891317111357558
11295,0.1942657707613021
11296,0.20512753604279474
11297,0.5856285471981213
11298,0.951294931176202
11299,0.6858503490116772
11300,0.8604475177767631
11301,0.9543610150694761
11302,0.7765542435905799
11303,0.8659925631156633
11304,0.7629917150499055
11305,0.21541522604214236
11306,0.8304977493639507
11307,0.8116054537151804
11308,0.3711266227412095
11309,0.2589927588231457
11310,0.7871028768999934
11311,0.9026746689281754
11312,0.5768347576489008
11313,0.07908539369821907
11314,0.054791571531084875
11315,0.38493704742644663
11316,0.8265640289647075
11317,0.6266488355404788
11318,0.1572835801422141
11319,0.8042077108748125
11320,0.7757453193293757
11321,0.5255854915519603
11322,0.8290429904103334
11323,0.5040380977232697
11324,0.8749690129819298
11325,0.12075151673298977
11326,0.8344314697631939
11327,0.47354687194207057
11328,0.6935742709896275
11329,0.8783221345162764
11330,0.28119903450975275
11331,0.7858699197599323
11332,0.8351425402831235
11333,0.6752821449540087
11334,0.7676430295518298
11335,0.5948202752951922
11336,0.7159436362450258
11337,0.9514384499967383
11338,0.8843955900580599
11339,0.8190423380520583
11340,0.4387892230412943
11341,0.8011742448952965
11342,0.30002609433100663
11343,0.2346076064974884
11344,0.3029160414899863
11345,0.6613412486137388
11346,0.7891447583012591
11347,0.8064387761758759
11348,0.7251614586731032
11349,0.6983299628155782
11350,0.7459847348163613
11351,0.8628547198121208
11352,0.7567290756083241
11353,0.8240785439363298
11354,0.7039859090612565
11355,0.922780350968752
11356,0.6604670885250179
11357,0.7302629003848914
11358,0.7417378824450388
11359,0.6833844347315546
11360,0.9339813425533303
11361,0.5515232565725097
11362,0.8697044817013504
11363,0.7140452736642965
11364,0.6657642377193556
11365,0.6833257224867897
11366,0.39258920999412883
11367,0.8065105355861439
11368,0.6659012329571401
11369,0.7839780807619545
11370,0.09489855828821188
11371,0.6505512427425142
11372,0.1352795355209081
11373,0.6715115141235567
11374,0.7424293822167134
11375,0.7321808337138758
11376,0.20159175419140193
11377,0.6461347772196491
11378,0.37709570095896666
11379,0.3824450388153174
11380,0.27015460891121407
11381,0.5799138887076782
11382,0.4886946310913954
11383,0.5871876834757649
11384,0.8485745971687652
11385,0.7901559136277644
11386,0.29643160023484894
11387,0.660336616869985
11388,0.8828560245286712
11389,0.8091003979385478
11390,0.7958249070389458
11391,0.5510339878661361
11392,0.04789614456259378
11393,0.9417770239415488
11394,0.9484310783482288
11395,0.4095244308174049
11396,0.6962097984212929
11397,0.7938678322134517
11398,0.8899732533107183
11399,0.2346858894905082
11400,0.3426185661165112
11401,0.5374714593254615
11402,0.41251223171765933
11403,0.7868680279209341
11404,0.9536956096288083
11405,0.9364994454954662
11406,0.378661360819362
11407,0.800645834692413
11408,0.9560571465849044
11409,0.4082914736773436
11410,0.5152586600561029
11411,0.5975927979646422
11412,0.9099093221997522
11413,0.7713679953030205
11414,0.31572835801422144
11415,0.6617652814925957
11416,0.7104703503163938
11417,0.07018722682497228
11418,0.2980885902537674
11419,0.6144171178811404
11420,0.6684976188922956
11421,0.1641072477004371
11422,0.7626459651640681
11423,0.851536303738013
11424,0.8051536303738014
11425,0.23103268314958575
11426,0.9233674734164002
11427,0.11620457955509166
11428,0.7087676952182139
11429,0.5746754517581055
11430,0.9157022636832148
11431,0.4572574858112075
11432,0.944471263617979
11433,0.8088785961249918
11434,0.9396894774610216
11435,0.7364733511644596
11436,0.6868745515036858
11437,0.47579750799138887
11438,0.8892948007045469
11439,0.9217887663905017
11440,0.6396111944680017
11441,0.8667101572183443
11442,0.685556787787853
11443,0.9408702459390698
11444,0.92570291604149
11445,0.9176789092569639
11446,0.661152064713941
11447,0.5657381433883489
11448,0.6270206797573228
11449,0.6525735533955248
11450,0.916843890664753
11451,0.2797573227216387
11452,0.6276926087807424
11453,0.9321155978863592
11454,0.475092961054211
11455,0.05167982255854915
11456,0.8041750929610542
11457,0.7652358275164721
11458,0.20998108161002024
11459,0.17781329506164786
11460,0.8324939656859548
11461,0.8225389784069411
11462,0.389718833583404
11463,0.4613412486137387
11464,0.8382738600039141
11465,0.023798029878009004
11466,0.5814077891578054
11467,0.352958444777872
11468,0.870728684193359
11469,0.7469045599843434
11470,0.7492595733576881
11471,0.6009328723334856
11472,0.8640289647074173
11473,0.7330223758888382
11474,0.9578380846761041
11475,0.7430882640746298
11476,0.5716289386130864
11477,0.634372757518429
11478,0.5699132363494032
11479,0.636003653206341
11480,0.43240263552743174
11481,0.7061582621175551
11482,0.8925500684976189
11483,0.32108421945332377
11484,0.6829995433492073
11485,0.17083306151738537
11486,0.9436297214430166
11487,0.3388479352860591
11488,0.7770239415486986
11489,0.8556331137060474
11490,0.5043903711918586
11491,0.6506947615630504
11492,0.8311631548046188
11493,0.6073520777611064
11494,0.6430165046643618
11495,0.8671863787592147
11496,0.6486398329962816
11497,0.7644529975862744
11498,0.874447126361798
11499,0.9474264466044753
11500,0.7127862221932285
11501,0.794083110444256
11502,0.17166155652684453
11503,0.6838280383586666
11504,0.6970839585100137
11505,0.6482549416139343
11506,0.8827255528736383
11507,0.6981994911605455
11508,0.5270076325918195
11509,0.45381955770108945
11510,0.44195316067584317
11511,0.6827451236218932
11512,0.6556526844543022
11513,0.46565986039532914
11514,0.9472698806184358
11515,0.6644203796725161
11516,0.8026224802661622
11517,0.7518429121273402
11518,0.28683541000717594
11519,0.9314436688629395
11520,0.10406419205427622
11521,0.2239219779502903
11522,0.35745971687650857
11523,0.5609498336486398
11524,0.8884075934503229
11525,0.38645051862482876
11526,0.8626198708330616
11527,0.2210320307913106
11528,0.7893861308630701
11529,0.9520125252788832
11530,0.4944027659990867
11531,0.484023745841216
11532,0.25449801030726077
11533,0.4335964511709831
11534,0.6007175941026812
11535,0.30756735599191076
11536,0.03736708200143519
11537,0.909615760975928
11538,0.9053036727770892
11539,0.7700567551699393
11540,0.5721964903124795
11541,0.33270272033400744
11542,0.32775784460825885
11543,0.4922499836910431
11544,0.6269880618435645
11545,0.7409485289320895
11546,0.24837888968621566
11547,0.8456194141822689
11548,0.35219518559592927
11549,0.5533237654119643
11550,0.5127079392002087
11551,0.7846304390371193
11552,0.23709309152586602
11553,0.8631678517841999
11554,0.2547263357035684
11555,0.8195185595929284
11556,0.7840041750929612
11557,0.7789810163741928
11558,0.7479157153108488
11559,0.45879705134059623
11560,0.2874486267858308
11561,0.8908539369821907
11562,0.6323439232826669
11563,0.9585687259442885
11564,0.5951790723465328
11565,0.9774349272620524
11566,0.5550264205101442
11567,0.3462913432056886
11568,0.2737817209211299
11569,0.41984473873051076
11570,0.8025050557766324
11571,0.05557440146128255
11572,0.8200795877095701
11573,0.41512818840106985
11574,0.20520581903581447
11575,0.9574270989627504
11576,0.9098114684584775
11577,0.3843694957270533
11578,0.9274512362189314
11579,0.46060408376280254
11580,0.6406941092047752
11581,0.3968817274447126
11582,0.6162502446343532
11583,0.15218866201317763
11584,0.6548176658620914
11585,0.5179789940635396
11586,0.8048535455672255
11587,0.11883358340400547
11588,0.8908800313131973
11589,0.7533498597429709
11590,0.3173527301193816
11591,0.7575771413660383
11592,0.35293887402961704
11593,0.3463957205297149
11594,0.8911735925370214
11595,0.9521886620131776
11596,0.542253245482419
11597,0.32591819427229435
11598,0.7089242612042534
11599,0.5550916563376607
11600,0.7662143649292191
11601,0.07735012068628092
11602,0.9563637549742319
11603,0.9073716485093614
11604,0.8664818318220366
11605,0.013177637158327354
11606,0.01776371583273534
11607,0.7780742383717137
11608,0.7793985256702981
11609,0.7106399634679367
11610,0.04162698153826081
11611,0.00686280905473286
11612,0.08628090547328593
11613,0.030752169091264922
11614,0.007221606106073456
11615,0.13481636114554113
11616,0.04509100397938548
11617,0.9549024724378629
11618,0.7790136342879509
11619,0.02174962489399178
11620,0.7753278100332703
11621,0.8685302368060539
11622,0.033785635070780876
11623,0.12878857068301913
11624,0.17172026877160937
11625,0.37389914541065955
11626,0.40880031313197207
11627,0.2339161067258138
11628,0.1330876117163546
11629,0.4265314110509492
11630,0.8819166286124339
11631,0.43948072281296885
11632,0.6867440798486528
11633,0.8771348424554766
11634,0.9049644464740035
11635,0.8278817926805402
11636,0.09271315806641008
11637,0.04141170330745646
11638,0.02874942918650923
11639,0.0291734620653663
11640,0.31040511448887725
11641,0.797429708395851
11642,0.8385348033139801
11643,0.01750277252266945
11644,0.9407202035357819
11645,0.9106660577989433
11646,0.03063474460173527
11647,0.03139800378367799
11648,0.028762476352012525
11649,0.008624176397677605
11650,0.016432904951399308
11651,0.698780090025442
11652,0.1316719942592472
11653,0.7185074042664231
11654,0.104807880487964
11655,0.023497945071433234
11656,0.2968034444516929
11657,0.9178746167395133
11658,0.09429186509230869
11659,0.3532650531671994
11660,0.14777219649031248
11661,0.046219583795420446
11662,0.8676169352208233
11663,0.0466958053362907
11664,0.03177637158327354
11665,0.03404005479809512
11666,0.5570943962424164
11667,0.014384499967382086
11668,0.22073194598473483
11669,0.3165046643616674
11670,0.6851523256572509
11671,0.18498271250570814
11672,0.5351294931176201
11673,0.09542696849109532
11674,0.2884010698675713
11675,0.1559527692608781
11676,0.2995433492073847
11677,0.026107378172092112
11678,0.023798029878009004
11679,0.14330354230543413
11680,0.21827907887011547
11681,0.3457172679235436
11682,0.27099615108617653
11683,0.231730706504012
11684,0.4785439363298324
11685,0.12101898362580729
11686,0.01812903646682758
11687,0.5570878726596646
11688,0.5188662013177637
11689,0.681952508317568
11690,0.22000130471655036
11691,0.1854067453845652
11692,0.2702198447387305
11693,0.9432187357296627
11694,0.8381499119316329
11695,0.03814991193163285
11696,0.019048861634809837
11697,0.8392719681649162
11698,0.046082588557635855
11699,0.7854197925500684
11700,0.36371583273533825
11701,0.04931176201970123
11702,0.21093352469176072
11703,0.008461086828886423
11704,0.8730576032356971
11705,0.9494357100919826
11706,0.730843499249788
11707,0.023974166612303477
11708,0.25156892165177114
11709,0.3458673103268315
11710,0.27841998825755104
11711,0.20077630634744603
11712,0.13394872463957205
11713,0.523334855502642
11714,0.42233674734164
11715,0.05096222845586796
11716,0.48391936851718964
11717,0.027855698349533563
11718,0.03459455933198513
11719,0.04778524365581578
11720,0.21739839519864307
11721,0.012029486594037445
11722,0.8573814338834889
11723,0.4583795420444909
11724,0.42944092895818387
11725,0.5595211690260291
11726,0.2508121860525801
11727,0.5202818187748711
11728,0.04404723073912193
11729,0.9233413790853938
11730,0.3663252658359971
11731,0.6168243199164982
11732,0.8088720725422403
11733,0.761315154282732
11734,0.7870245939069738
11735,0.914645443277448
11736,0.5212864505186248
11737,0.30907430360754123
11738,0.3238567421227739
11739,0.2042011872920608
11740,0.8228586339617718
11741,0.610281166416596
11742,0.1881140322264988
11743,0.13509035162111033
11744,0.4434209667949638
11745,0.5682171048339748
11746,0.12535716615565268
11747,0.7711592406549678
11748,0.029362645965164066
11749,0.026453128057929414
11750,0.24802661621762673
11751,0.1914736773435971
11752,0.2572966273077174
11753,0.6017157022636832
11754,0.849794507143323
11755,0.04049840172222585
11756,0.035710091982516796
11757,0.029891056168047495
11758,0.045260617130928306
11759,0.9336094983364864
11760,0.009172157348815971
11761,0.02441124665666384
11762,0.7448887729140845
11763,0.29002544197273145
11764,0.19262835149063867
11765,0.034927262052319136
11766,0.3863330941352991
11767,0.010065888185791638
11768,0.4885837301846174
11769,0.2267401656990019
11770,0.11512166481831822
11771,0.012055580925044032
11772,0.31109009067780025
11773,0.1442625089699263
11774,0.221358209928893
11775,0.011899014939004502
11776,0.21724835279535523
11777,0.11734620653662992
11778,0.8380455346076066
11779,0.9420771087481246
11780,0.9081414312740557
11781,0.8145736838671798
11782,0.8000848065757715
11783,0.576645573749103
11784,0.8789027333811729
11785,0.8713679953030204
11786,0.026596646878465652
11787,0.3952638789223041
11788,0.8114162698153826
11789,0.5188727249005154
11790,0.009720138299954335
11791,0.26939134972927137
11792,0.25021201643942853
11793,0.5088655489594885
11794,0.7330484702198448
11795,0.6385282797312284
11796,0.3097331854654576
11797,0.9597364472568335
11798,0.202015787070259
11799,0.6849827125057082
11800,0.1691173592537021
11801,0.03019766455737491
11802,0.2941157283580142
11803,0.6969078217757193
11804,0.7689542696849109
11805,0.9011938156435515
11806,0.03554047883097397
11807,0.5535390436427687
11808,0.8340270076325919
11809,0.9304651314501925
11810,0.38994063539696
11811,0.20789353512949313
11812,0.1746624045926023
11813,0.020073064126818446
11814,0.05308239285015331
11815,0.004122904299041033
11816,0.8638854458868812
11817,0.8597234000913301
11818,0.01818122512884076
11819,0.22933002805140584
11820,0.3545371518037706
11821,0.11376475960597561
11822,0.02781981864439951
11823,0.030517320112205627
11824,0.6603627112009915
11825,0.06679496379411573
11826,0.11819427229434407
11827,0.7846239154543675
11828,0.32872333485550265
11829,0.19977167460369236
11830,0.508839454628482
11831,0.3347511253180247
11832,0.8031835083828038
11833,0.04982712505708135
11834,0.6112401330810882
11835,0.1303346597951595
11836,0.2196229369169548
11837,0.22155391741144237
11838,0.020033922630308565
11839,0.025422401983169158
11840,0.23572966273077173
11841,0.652886685367604
11842,0.01967512557896797
11843,0.701311240133081
11844,0.23498597429708398
11845,0.03543610150694761
11846,0.1373540348359319
11847,0.12926479222388937
11848,0.0326701024202492
11849,0.15104703503163938
11850,0.13344640876769523
11851,0.8978537412747081
11852,0.1820927653467284
11853,0.7568269293495987
11854,0.5533890012394808
11855,0.22496575119055384
11856,0.21246656663839783
11857,0.24900515363037382
11858,0.19549220431861178
11859,0.5074434079196295
11860,0.4484441255137322
11861,0.2123556657316198
11862,0.24764824841803118
11863,0.026361797899406358
11864,0.3939134972927132
11865,0.17689346989366558
11866,0.2309674473220693
11867,0.3414965098832279
11868,0.9229956291995565
11869,0.7951073129362646
11870,0.8875530041098572
11871,0.4855372170395982
11872,0.26415943636245026
11873,0.2158327353382478
11874,0.4786874551503686
11875,0.341770500358797
11876,0.869841476939135
11877,0.29511383651901624
11878,0.6603822819492465
11879,0.14168569378302565
11880,0.16699067127666514
11881,0.09255659208037055
11882,0.012205623328331921
11883,0.8118142083632331
11884,0.864348620262248
11885,0.2369300019570748
11886,0.3336225455019897
11887,0.5362319786026486
11888,0.8392915389131711
11889,0.888055319981734
11890,0.8957335768804228
11891,0.6899080174832019
11892,0.3529323504468654
11893,0.03549481375171244
11894,0.27448626785830776
11895,0.5250896992628351
11896,0.6172483527953553
11897,0.21942722943440537
11898,0.6262508969926284
11899,0.029597494944223368
11900,0.35238436949572705
11901,0.5976841281231652
11902,0.357081349076913
11903,0.8429056037575837
11904,0.18305173201122057
11905,0.1407528214495401
11906,0.4633113706047361
11907,0.5641398656141953
11908,0.5780481440407073
11909,0.5717855045991258
11910,0.2587709570095897
11911,0.3398134255333029
11912,0.9354361015069476
11913,0.14564550851327548
11914,0.19707091134451044
11915,0.9243981994911605
11916,0.2875530041098571
11917,0.24453649944549546
11918,0.09897579750799139
11919,0.3586991975993215
11920,0.11801813556004957
11921,0.19422010568204057
11922,0.5239611194468001
11923,0.14264466044751778
11924,0.3049448757257486
11925,0.5322232370017613
11926,0.5232565725096223
11927,0.32916041489986303
11928,0.03946767564746559
11929,0.5765672907560833
11930,0.1346076064974884
11931,0.8541000717594103
11932,0.7340400547980951
11933,0.031215343466631875
11934,0.06657316198055972
11935,0.3113575575706178
11936,0.760134385804684
11937,0.7342814273599061
11938,0.19651640681062038
11939,0.9385804683932416
11940,0.41276012786222194
11941,0.3480005218866201
11942,0.45460891121403874
11943,0.5568465000978537
11944,0.5612564420379672
11945,0.3279796464218149
11946,0.18092504403418358
11947,0.6382151477591493
11948,0.7347576489007763
11949,0.8058320829799727
11950,0.1856807358601344
11951,0.34283384434731556
11952,0.06377454498010307
11953,0.8437797638463044
11954,0.1393698219061909
11955,0.027203340074368844
11956,0.043160023484897905
11957,0.3341770500358797
11958,0.6539500293561223
11959,0.02681192510927001
11960,0.0072346532715767495
11961,0.28095766194794186
11962,0.05019244569117359
11963,0.4031900319655555
11964,0.8322982582034053
11965,0.5909844086372236
11966,0.058216452475699655
11967,0.021925761628286255
11968,0.9510992236936526
11969,0.6824646095635722
11970,0.21653728227542565
11971,0.8015982777741536
11972,0.9525474590645183
11973,0.40938091199686866
11974,0.5879966077369692
11975,0.5897710222454172
11976,0.006510535586143911
11977,0.8736708200143519
11978,0.022343270924391676
11979,0.3181355600495792
11980,0.25778589601409096
11981,0.15143844999673822
11982,0.05832735338247766
11983,0.8394611520647138
11984,0.9328005740752822
11985,0.055313458151216646
11986,0.8048796398982322
11987,0.46798225585491554
11988,0.5273403353121535
11989,0.50839585100137
11990,0.559671211429317
11991,0.7566834105290626
11992,0.6128057929414834
11993,0.5744732206928045
11994,0.08735077304455606
11995,0.398447387305108
11996,0.06391806380063932
11997,0.01778328658099028
11998,0.751940765868615
11999,0.7247309022114946
12000,0.7546610998760519
12001,0.26462913432056884
12002,0.3714462782960402
12003,0.4309739709048209
12004,0.008089242612042533
12005,0.13813686476612957
12006,0.8759801683084351
12007,0.949279144105943
12008,0.8623850218540022
12009,0.8065888185791636
12010,0.6512362189314371
12011,0.7500032617913759
12012,0.478550459912584
12013,0.37566703633635595
12014,0.27683475764890075
12015,0.2823993737360559
12016,0.3950225063604932
12017,0.7928697240524496
12018,0.8589470937438842
12019,0.24734816361145542
12020,0.5616478570030661
12021,0.7867897449279143
12022,0.7722878204710028
12023,0.12510274642833846
12024,0.6403026942396765
12025,0.12281296888251028
12026,0.02114945528084024
12027,0.6237915062952574
12028,0.022943440537543217
12029,0.41595015982777744
12030,0.07703698871420185
12031,0.9629786678844021
12032,0.026596646878465656
12033,0.43278752690977884
12034,0.854621958379542
12035,0.6483332246069542
12036,0.05008806836714724
12037,0.22551373214169224
12038,0.03572313914802009
12039,0.04029617065692478
12040,0.5591297540609304
12041,0.48965359775588757
12042,0.061249918455215616
12043,0.19668601996216326
12044,0.8986235240394025
12045,0.27586274381890535
12046,0.06305042729467022
12047,0.17279665992563117
12048,0.0643029551829865
12049,0.897247048078805
12050,0.7803379215865353
12051,0.4723856742122774
12052,0.9346010829147368
12053,0.4233935677474069
12054,0.46259377650205497
12055,0.022643355730967447
12056,0.061863135233870443
12057,0.5631417574531933
12058,0.01426055189510079
12059,0.0746819753408572
12060,0.07846565333681259
12061,0.1390436427686085
12062,0.025494161393437277
12063,0.8631287102876901
12064,0.8863461413008025
12065,0.782784265118403
12066,0.05811859873442495
12067,0.5681127275099485
12068,0.7540935481766586
12069,0.6598734424946181
12070,0.5148020092634875
12071,0.8287037641072477
12072,0.7476417248352796
12073,0.45365646813229826
12074,0.48870115467414704
12075,0.8000065235827516
12076,0.9270793920020877
12077,0.866012133863918
12078,0.027627372953225912
12079,0.0826146519668602
12080,0.5563441842259769
12081,0.7636310261595669
12082,0.6883814991193163
12083,0.5426511840302695
12084,0.5101898362580729
12085,0.49360036532063417
12086,0.08195577010894384
12087,0.44982712505708133
12088,0.51453454237067
12089,0.12831887272490053
12090,0.21733315937112663
12091,0.9045143192641398
12092,0.45582229760584514
12093,0.7582490703894579
12094,0.09328723334855504
12095,0.3344510405114489
12096,0.34312740557113963
12097,0.8752821449540087
12098,0.8564550851327549
12099,0.36547720007828305
12100,0.2965033596451171
12101,0.2747928762476352
12102,0.2585165372822754
12103,0.24741992302172355
12104,0.5688368451953814
12105,0.6420966794963794
12106,0.8717855045991258
12107,0.3021005936460304
12108,0.8528801617848523
12109,0.8705721182073194
12110,0.8044882249331333
12111,0.4180181355600496
12112,0.5361276012786222
12113,0.6423184813099354
12114,0.8081153369430492
12115,0.7675451758105551
12116,0.6826994585426317
12117,0.7746950225063605
12118,0.5199360688890339
12119,0.720562332833192
12120,0.4180964185530694
12121,0.06072803183508382
12122,0.4818383456194142
12123,0.35530041098571336
12124,0.14149650988322787
12125,0.9290756083240916
12126,0.8137778067714789
12127,0.6910235501337334
12128,0.0835540478830974
12129,0.7224606954139213
12130,0.14049840172222586
12131,0.9278817926805402
12132,0.6922826016048015
12133,0.2555939722095375
12134,0.7055580925044035
12135,0.7626981538260813
12136,0.6785961249918455
12137,0.8438710940048274
12138,0.4396764302955183
12139,0.4076847804814404
12140,0.4807489072998891
12141,0.04184878335181682
12142,0.03838476091069215
12143,0.12605518951007894
12144,0.26181747015460893
12145,0.2137647596059756
12146,0.7438580468393241
12147,0.7971231000065235
12148,0.5672385674212278
12149,0.2855763585361081
12150,0.9063539696001044
12151,0.8355339552482224
12152,0.41074434079196304
12153,0.6931176201970122
12154,0.49101702655098184
12155,0.878902733381173
12156,0.08283645378041621
12157,0.2863330941352991
12158,0.14496705590710415
12159,0.0633766064322526
12160,0.11623067388609824
12161,0.4149846695805337
12162,0.5759671211429317
12163,0.06940439689477462
12164,0.7526387892230413
12165,0.5331039206732338
12166,0.8201513471198382
12167,0.9330354230543414
12168,0.33257877226172616
12169,0.23818252984539112
12170,0.16914997716746039
12171,0.668399765151021
12172,0.9162567682171049
12173,0.8877487115924065
12174,0.24858764433426836
12175,0.3695544392980625
12176,0.7653271576749952
12177,0.7689673168504143
12178,0.46254811142279345
12179,0.9182725552873638
12180,0.1210320307913106
12181,0.13396177180507535
12182,0.7554635005545045
12183,0.7507860917215735
12184,0.3381825298453911
12185,0.039800378367799594
12186,0.5037314893339423
12187,0.4632526583599713
12188,0.5736382021005937
12189,0.15498075543088263
12190,0.8131906843238307
12191,0.7779307195511775
12192,0.46923478374323185
12193,0.190384239024072
12194,0.18108813360297477
12195,0.19212603561876185
12196,0.45727053297671083
12197,0.8065105355861439
12198,0.16765607671733318
12199,0.6743036075412616
12200,0.13540348359318938
12201,0.29065170591688955
12202,0.15732272163872402
12203,0.9436231978602649
12204,0.07835475243003458
12205,0.9055711396699068
12206,0.4624306869332637
12207,0.8703698871420185
12208,0.8198121208167525
12209,0.017209211298845326
12210,0.25832082979972604
12211,0.2850022832539631
12212,0.3030530367277709
12213,0.1563441842259769
12214,0.33147628677669777
12215,0.1836649487898754
12216,0.3075477852436558
12217,0.3578576554243591
12218,0.946063017809381
12219,0.5908800313131973
12220,0.7990997455802727
12221,0.03574270989627504
12222,0.8207515167329897
12223,0.05021201643942854
12224,0.08613086306999804
12225,0.38231456716028445
12226,0.3783612760127862
12227,0.013308108813360298
12228,0.013653858699197599
12229,0.3461413008024007
12230,0.7814860721508253
12231,0.7020092634875073
12232,0.6986365712049056
12233,0.5718637875921456
12234,0.7906125644203796
12235,0.01414312740557114
12236,0.8211037902015788
12237,0.8950551242742515
12238,0.20452736642964317
12239,0.8366821058125122
12240,0.5692478309087351
12241,0.7998303868484572
12242,0.4051340596255464
12243,0.23051732011220563
12244,0.08856415943636245
12245,0.44312088198838806
12246,0.825996477265314
12247,0.6655163415747929
12248,0.11770500358797052
12249,0.7998303868484572
12250,0.22824058973188077
12251,0.954713288538065
12252,0.7849957596712115
12253,0.37403614064844415
12254,0.4830452084284689
12255,0.5756931306673625
12256,0.36440080892426124
12257,0.02007306412681845
12258,0.14676756474655883
12259,0.5430817404918782
12260,0.8637875921456064
12261,0.7710548633309414
12262,0.9352534411899015
12263,0.40823928501533047
12264,0.4040446213060213
12265,0.7012786222193229
12266,0.6028573292452215
12267,0.03216126296562072
12268,0.5245678126427034
12269,0.8635266488355405
12270,0.4273925239741666
12271,0.7493835214299693
12272,0.7549807554308827
12273,0.5459064518233414
12274,0.9561484767434275
12275,0.2635657903320504
12276,0.4683410529062561
12277,0.3526779307195511
12278,0.9222910822623784
12279,0.030191140974623266
12280,0.8052384369495728
12281,0.6671015721834431
12282,0.22808402374584125
12283,0.3999412877552352
12284,0.9131515428273209
12285,0.8809968034444516
12286,0.9209798421292974
12287,0.8384565203209603
12288,0.37450583860656267
12289,0.5571335377389262
12290,0.7575379998695284
12291,0.8617326635788376
12292,0.9326505316719943
12293,0.9426838019440277
12294,0.24247504729597497
12295,0.6240328788570684
12296,0.36596646878465655
12297,0.3491617196164134
12298,0.7358275164720465
12299,0.128051405832083
12300,0.17336421162502447
12301,0.6879966077369692
12302,0.3164002870376411
12303,0.4406223497945072
12304,0.46708200143518824
12305,0.05049905408050102
12306,0.7160414899863006
12307,0.37070911344510404
12308,0.5078674407984866
12309,0.6778132950616479
12310,0.339108878596125
12311,0.21002022310653012
12312,0.5938743557962033
12313,0.6459782112336095
12314,0.4398264726988062
12315,0.06571857264009395
12316,0.9356905212342619
12317,0.3882379802987801
12318,0.6668341052906256
12319,0.04931828560245286
12320,0.07194859416791702
12321,0.33893926544458214
12322,0.44207058516537284
12323,0.3124665666383978
12324,0.6785211037902016
12325,0.35903190031965554
12326,0.787259442886033
12327,0.5684193358992758
12328,0.07914410594298389
12329,0.2723204383847609
12330,0.26646226107378174
12331,0.16174571074434077
12332,0.8652358275164721
12333,0.30685628547198124
12334,0.7537021332115599
12335,0.5028442820797182
12336,0.37474721116837373
12337,0.7060734555417836
12338,0.7325983430099812
12339,0.18648966012133864
12340,0.2613869136930002
12341,0.5969600104377324
12342,0.1816230673886098
12343,0.6716419857785896
12344,0.5258007697827647
12345,0.5110509491812905
12346,0.8575053819557701
12347,0.4597364472568335
12348,0.26358536108030534
12349,0.157766325265836
12350,0.8953813034118339
12351,0.15753799986952835
12352,0.2779144105942984
12353,0.03458151216648183
12354,0.2164329049513993
12355,0.6917607149846696
12356,0.8882118859677736
12357,0.7682823406614914
12358,0.6112466566638397
12359,0.151294931176202
12360,0.8010959619022768
12361,0.33895231261008546
12362,0.29684910953095445
12363,0.2765607671733316
12364,0.48673103268314954
12365,0.8702916041489988
12366,0.7509557048731164
12367,0.04777872007306413
12368,0.41557831561093356
12369,0.5491747667819167
12370,0.42139082784265114
12371,0.4707025898623524
12372,0.24463435318677018
12373,0.7675386522278036
12374,0.46144562593776506
12375,0.5992693587318155
12376,0.3508969926283515
12377,0.5602518102942136
12378,0.29033205036205884
12379,0.09172809707091135
12380,0.7716811272750995
12381,0.9029943244830061
12382,0.33512296953486853
12383,0.6752690977885054
12384,0.028990801748320177
12385,0.3312544849631418
12386,0.29296757779372434
12387,0.027425141887924852
12388,0.7406223497945071
12389,0.7719420705851654
12390,0.8704285993867832
12391,0.7097723269619676
12392,0.912981929675778
12393,0.8353512949311762
12394,0.5835344771348424
12395,0.8622610737817209
12396,0.5971491943375302
12397,0.8526453128057929
12398,0.8662861243394873
12399,0.5208297997260095
12400,0.948744210320308
12401,0.41239480722812966
12402,0.4696718637875921
12403,0.913869136930002
12404,0.5119968686802793
12405,0.1855306934568465
12406,0.6345097527562137
12407,0.1601865744666971
12408,0.8322591167068955
12409,0.27420575379998696
12410,0.1650075021201644
12411,0.09317633244177703
12412,0.6282797312283906
12413,0.013732141692217367
12414,0.9500880683671473
12415,0.8930850022832539
12416,0.7940765868615044
12417,0.7847543871094005
12418,0.020386196098897514
12419,0.23100006523582753
12420,0.1337203992432644
12421,0.6607736969143454
12422,0.3996216322004045
12423,0.3545567225520256
12424,0.8180638006393111
12425,0.5441581316458999
12426,0.91730706504012
12427,0.3717072216061061
12428,0.8750668667232044
12429,0.4503816295909714
12430,0.8978537412747081
12431,0.3008219714267075
12432,0.1601604801356905
12433,0.07547132885380652
12434,0.8906712766651445
12435,0.6055059038423902
12436,0.7408571987735664
12437,0.48064452997586277
12438,0.77655424359058
12439,0.057270532976710815
12440,0.20713679953030206
12441,0.3399895622675974
12442,0.9468719420705852
12443,0.23150890469045599
12444,0.08897514514971623
12445,0.8605845130145476
12446,0.8263552743166547
12447,0.5135690521234262
12448,0.3103529258268641
12449,0.9415813164589992
12450,0.3203144366886294
12451,0.8972340009133015
12452,0.8507078087285537
12453,0.915330419466371
12454,0.44767434274903783
12455,0.6892360884597821
12456,0.7486202622480267
12457,0.634522799921717
12458,0.4515884924000262
12459,0.6939656859547263
12460,0.9018592210842196
12461,0.7697175288668536
12462,0.3948463696261987
12463,0.8166025181029422
12464,0.09251092700110902
12465,0.3373083697566704
12466,0.20665405440668014
12467,0.26605127536042794
12468,0.29779502902994326
12469,0.6559788635918847
12470,0.8089960206145215
12471,0.1311598930132429
12472,0.9151608063148282
12473,0.0545045338900124
12474,0.87651510209407
12475,0.6337530171570227
12476,0.8203209602713811
12477,0.30754778524365584
12478,0.905714658490443
12479,0.40508839454628487
12480,0.8961054210972667
12481,0.359005805988649
12482,0.6987083306151738
12483,0.508506751908148
12484,0.4952704025050558
12485,0.1939852567029813
12486,0.7275295192119512
12487,0.7290886554895949
12488,0.17244438645704221
12489,0.8840172222584644
12490,0.923152195185596
12491,0.19951725487637811
12492,0.4055515689216518
12493,0.2855176462913432
12494,0.31193163285276276
12495,0.4090482092765346
12496,0.2118011611977298
12497,0.8532976710809578
12498,0.9389653597755888
12499,0.8036858242546807
12500,0.07251614586731034
12501,0.916256768217105
12502,0.46239806901950553
12503,0.6483527953552091
12504,0.4650988322786875
12505,0.4730641268184487
12506,0.2273533824776567
12507,0.6179398525670299
12508,0.3014351882053624
12509,0.8465849044295127
12510,0.8781199034509752
12511,0.583691043120882
12512,0.17583664948789876
12513,0.426035618761824
12514,0.2352534411899015
12515,0.9442559853871747
12516,0.16975014678061193
12517,0.5723400091330159
12518,0.18151869006458346
12519,0.4248874681975341
12520,0.6863200469697958
12521,0.9254550198969275
12522,0.05109270011090091
12523,0.39121925761628285
12524,0.7210450779568138
12525,0.9498010307260747
12526,0.09366560114815056
12527,0.509524430817405
12528,0.42019701219909983
12529,0.6644529975862744
12530,0.9159371126622742
12531,0.9110835670950486
12532,0.13579489855828822
12533,0.5058777480592341
12534,0.8273533824776568
12535,0.27177245743362255
12536,0.43174375366951534
12537,0.2274316654706765
12538,0.049566181747015464
12539,0.7658164263813687
12540,0.4002609433100659
12541,0.28016178485224086
12542,0.2527496901298193
12543,0.3762933002805141
12544,0.5662143649292192
12545,0.9237523647987474
12546,0.16669711005284102
12547,0.4707613021071173
12548,0.12465914280122643
12549,0.9468132298258204
12550,0.945156239806902
12551,0.67481244699589
12552,0.5236349403092179
12553,0.8029551829864962
12554,0.1511905538521756
12555,0.671283188727249
12556,0.6931371909452672
12557,0.3145084480396634
12558,0.1100724117685433
12559,0.43779111488029226
12560,0.4873768673755627
12561,0.19707091134451044
12562,0.19051471067910497
12563,0.34672189966729733
12564,0.8916498140778917
12565,0.7002413725618108
12566,0.30245286711461933
12567,0.800684976188923
12568,0.3124991845521561
12569,0.9041163807162894
12570,0.9433883488812056
12571,0.373762150172875
12572,0.6798551764629135
12573,0.22477004370800446
12574,0.8421945332376541
12575,0.2863852827973123
12576,0.3421619153238959
12577,0.7153760845456325
12578,0.6085263226564028
12579,0.8949376997847218
12580,0.10365972992367409
12581,0.270154608911214
12582,0.31279926935873187
12583,0.3074368843368778
12584,0.6078152521364734
12585,0.5256768217104834
12586,0.5294344053754322
12587,0.7275621371257095
12588,0.863056950877422
12589,0.22391545436753865
12590,0.7910235501337334
12591,0.27252919303281364
12592,0.3319981733968296
12593,0.30897644986626654
12594,0.06378759214560636
12595,0.7816687324678713
12596,0.23717789810163742
12597,0.8685498075543089
12598,0.5343988518494357
12599,0.2452606171309283
12600,0.2898036401591755
12601,0.5133994389718833
12602,0.9394676756474656
12603,0.7822949964120295
12604,0.43143062169743623
12605,0.546708852501794
12606,0.06950877421880097
12607,0.5984930523843695
12608,0.3863069998042925
12609,0.6231587187683476
12610,0.36937177898101636
12611,0.42472437862874296
12612,0.11384304259899537
12613,0.26100854589340466
12614,0.8520647139408963
12615,0.7274381890534282
12616,0.5497945071433231
12617,0.45046643616674276
12618,0.822356318089895
12619,0.1995433492073847
12620,0.23995694435383913
12621,0.6841346467479941
12622,0.9146911083567095
12623,0.7060408376280254
12624,0.957694565855568
12625,0.15858829669254354
12626,0.21957074825494163
12627,0.9491617196164134
12628,0.23738012916693849
12629,0.9018787918324744
12630,0.10929610542109727
12631,0.8683149585752495
12632,0.7416530758692674
12633,0.8141757453193295
12634,0.5275164720464479
12635,0.9248091852045143
12636,0.44250766520973317
12637,0.1956487703046513
12638,0.22772522669450063
12639,0.31501076391154026
12640,0.9278752690977885
12641,0.2987735664426903
12642,0.06036271120099159
12643,0.511611977297932
12644,0.28698219061908803
12645,0.5384369495727054
12646,0.3082327614325788
12647,0.3971752886685368
12648,0.2033009328723335
12649,0.610966142605519
12650,0.17561484767434277
12651,0.4375562659012329
12652,0.7661099876051929
12653,0.8398264726988062
12654,0.4192902341966208
12655,0.6005218866201318
12656,0.954882901689608
12657,0.8665535912323048
12658,0.37732402635527434
12659,0.7763585361080306
12660,0.7875203861960989
12661,0.26043447061125974
12662,0.7670102420249201
12663,0.21188596777350122
12664,0.8766325265835997
12665,0.2550068497618892
12666,0.17520386196098897
12667,0.6314567160284428
12668,0.2954073977428404
12669,0.7672711853349861
12670,0.10403809772326963
12671,0.24730902211494551
12672,0.8382934307521691
12673,0.6800965490247244
12674,0.7129166938482616
12675,0.1345488942527236
12676,0.2596842585948203
12677,0.1787461673951334
12678,0.6357753278100333
12679,0.4626590123295714
12680,0.32349794507143326
12681,0.9100136995237785
12682,0.580696718637876
12683,0.21827907887011544
12684,0.41428664622610734
12685,0.6800704546937177
12686,0.1555678778785309
12687,0.659651640681062
12688,0.5582490703894579
12689,0.24390371191858568
12690,0.7865744666971101
12691,0.18890990932219975
12692,0.25483071302759475
12693,0.27869397873312024
12694,0.12445038815317372
12695,0.8455085132754909
12696,0.2882118859677735
12697,0.22232370017613673
12698,0.23342683801944028
12699,0.42052319133668215
12700,0.22718376932611392
12701,0.43871746363102615
12702,0.5643812381760064
12703,0.7273860003914149
12704,0.6633374649357426
12705,0.232617913758236
12706,0.5829212603561875
12707,0.11955117750668667
12708,0.17274447126361797
12709,0.029773631678517844
12710,0.10115467414704156
12711,0.44258594820275293
12712,0.8942005349337857
12713,0.076091069215213
12714,0.1296301128579816
12715,0.8224280775001631
12716,0.5226955443929806
12717,0.9000848065757714
12718,0.45507208558940576
12719,0.3749298714854198
12720,0.8922369365255398
12721,0.47973775197338375
12722,0.8695674864635659
12723,0.6751190553852175
12724,0.8352338704416465
12725,0.788812055580925
12726,0.816883032161263
12727,0.8252919303281363
12728,0.8530954400156566
12729,0.9036401591754192
12730,0.8275490899602062
12731,0.5834953356383327
12732,0.34860721508252335
12733,0.1947876573814339
12734,0.8717006980233545
12735,0.1617326635788375
12736,0.4056102811664166
12737,0.3662600300084807
12738,0.5876508578511319
12739,0.2516602518102942
12740,0.25894709374388414
12741,0.8575379998695284
12742,0.23781720921129887
12743,0.7461347772196489
12744,0.7626785830778263
12745,0.27112009915845786
12746,0.7902668145345424
12747,0.8834300998108161
12748,0.05440668014873769
12749,0.08168177963337464
12750,0.06589470937438842
12751,0.059475503946767566
12752,0.8774544980103073
12753,0.5188205362385022
12754,0.7869006458346924
12755,0.6713288538065105
12756,0.9208102289777547
12757,0.8618892295648771
12758,0.1812055580925044
12759,0.9218344314697632
12760,0.755456976971753
12761,0.06501402570291605
12762,0.8035031639376347
12763,0.9195707482549417
12764,0.9284232500489269
12765,0.8880227020679758
12766,0.8598277774153565
12767,0.946819753408572
12768,0.11446278296040184
12769,0.6384565203209603
12770,0.4872529193032814
12771,0.4357818513927849
12772,0.9205949507469503
12773,0.5189901493900451
12774,0.8448626785830778
12775,0.2219714267075478
12776,0.2516211103137843
12777,0.7529388740296171
12778,0.026968491095309542
12779,0.029858438254289257
12780,0.8939852567029813
12781,0.9573357688042273
12782,0.814110509491813
12783,0.14379933459455935
12784,0.5171113575575705
12785,0.1570878726596647
12786,0.39397220953747797
12787,0.2880227020679757
12788,0.13955248222323702
12789,0.8765411964250767
12790,0.2575314762867767
12791,0.21304716550329444
12792,0.05274316654706765
12793,0.9537412747080698
12794,0.15730315089046906
12795,0.856637745449801
12796,0.01711135755757062
12797,0.4960662796007568
12798,0.21978602648574597
12799,0.06594037445364995
12800,0.8157218344314698
12801,0.5958379542044491
12802,0.9391741144236414
12803,0.8799660773696913
12804,0.09807554308826408
12805,0.4496509883227869
12806,0.6168177963337464
12807,0.18588296692543546
12808,0.9193098049448758
12809,0.7438841411703307
12810,0.7728553721703961
12811,0.4076064974884206
12812,0.3105160153956553
12813,0.8163676691238829
12814,0.5576619479418097
12815,0.45281492595733575
12816,0.9474721116837368
12817,0.3183704090286385
12818,0.577937243133929
12819,0.0689607932676626
12820,0.25971687650857855
12821,0.29181942722943444
12822,0.40321612629656206
12823,0.9085002283253963
12824,0.16843238306477917
12825,0.021906190880031314
12826,0.01964250766520973
12827,0.49883880227020677
12828,0.3434013960467089
12829,0.8805401526518364
12830,0.7088264074629786
12831,0.2093026290038489
12832,0.1902537673690391
12833,0.017959423315284755
12834,0.5178485224085068
12835,0.023915454367538655
12836,0.47883097397090485
12837,0.03260486659273273
12838,0.4684519538130341
12839,0.49493117620197014
12840,0.030138952312610087
12841,0.22845586796268513
12842,0.881140322264988
12843,0.020855894057016114
12844,0.7314110509491812
12845,0.8533041946637092
12846,0.12428729858438255
12847,0.21377128318872726
12848,0.542696849109531
12849,0.2253180246591428
12850,0.015852306086502708
12851,0.24319264139865615
12852,0.2958249070389458
12853,0.9313262443734098
12854,0.2318546545762933
12855,0.25912323047817865
12856,0.2036075412616609
12857,0.16811272750994846
12858,0.27675647465588105
12859,0.7236936525539825
12860,0.02071889881923152
12861,0.46486398329962814
12862,0.035631808989497034
12863,0.3185269750146781
12864,0.23870441646552287
12865,0.11303411833779112
12866,0.4502642051014418
12867,0.33672124730902214
12868,0.6258138169482679
12869,0.3439363298323439
12870,0.24970317698480002
12871,0.16870637354034837
12872,0.7820210059364603
12873,0.9604931828560246
12874,0.5256572509622285
12875,0.0274186183051732
12876,0.8642899080174833
12877,0.9362906908474133
12878,0.8327157674995107
12879,0.7675973644725683
12880,0.08150564289908017
12881,0.11293626459651641
12882,0.6168047491682432
12883,0.022284558679626854
12884,0.6236740818057278
12885,0.6760584513014548
12886,0.5447061125970383
12887,0.12089503555352599
12888,0.07841998825755105
12889,0.12407202035357817
12890,0.5869136930001957
12891,0.04981407789157805
12892,0.01846173918716159
12893,0.43878269945854265
12894,0.09981081610020225
12895,0.6127796986104769
12896,0.12075804031574139
12897,0.6092439167590841
12898,0.747152456128906
12899,0.9511383651901624
12900,0.27099615108617653
12901,0.443101311240133
12902,0.4126035618761824
12903,0.27479939983038687
12904,0.26158914475830125
12905,0.23493378563507078
12906,0.3224280775001631
12907,0.20162437210516018
12908,0.7175223432709243
12909,0.07980298780090027
12910,0.37592797964642183
12911,0.3263422271511514
12912,0.8888838149911933
12913,0.1515884924000261
12914,0.9585491551960337
12915,0.8958249070389458
12916,0.4000065235827516
12917,0.6007175941026811
12918,0.6237719355470025
12919,0.6691499771674604
12920,0.23959814730249854
12921,0.2699458542631613
12922,0.8262508969926284
12923,0.11399308500228325
12924,0.05830125905147107
12925,0.11838997977689347
12926,0.8756866070846109
12927,0.20191140974623265
12928,0.4855567877878531
12929,0.23244830060669322
12930,0.18620262248026617
12931,0.06571857264009394
12932,0.24558679626851065
12933,0.17734359710352926
12934,0.4216517711527171
12935,0.1638854458868811
12936,0.23971557179202818
12937,0.28283645378041616
12938,0.5379215865353252
12939,0.07930067192902342
12940,0.3954400156565986
12941,0.7783677995955379
12942,0.31656990018918385
12943,0.3376802139735143
12944,0.1956618174701546
12945,0.009530954400156565
12946,0.20994194011351033
12947,0.5278035096875204
12948,0.4211690260290952
12949,0.2940309217822428
12950,0.07137451888577206
12951,0.5946049970643879
12952,0.34513666905864704
12953,0.18590906125644205
12954,0.1417639767760454
12955,0.9666840628873378
12956,0.3252332180833714
12957,0.6077043512296953
12958,0.650981799204123
12959,0.31213386391806386
12960,0.9369234783743232
12961,0.9353839128449345
12962,0.2639180638006393
12963,0.3688498923608846
12964,0.306804096809968
12965,0.43645378041620464
12966,0.14623915454367542
12967,0.46995890142866464
12968,0.815441320373149
12969,0.2365320634092244
12970,0.00767825689868876
12971,0.6519799073651249
12972,0.9050688237980299
12973,0.11893143714528019
12974,0.8722812968882511
12975,0.6956944353839128
12976,0.6093482940831104
12977,0.3262835149063866
12978,0.11867049383521432
12979,0.9604083762802531
12980,0.9521886620131778
12981,0.7257616282862548
12982,0.6386326570552548
12983,0.6719616413334203
12984,0.040942005349337854
12985,0.18259508121860524
12986,0.8344836584252071
12987,0.14131384956618173
12988,0.2031508904690456
12989,0.919322852110379
12990,0.9317046121730055
12991,0.2976645573749103
12992,0.7831430621697436
12993,0.5906647530823929
12994,0.2667297279665992
12995,0.0986170004566508
12996,0.3074499315023811
12997,0.9271902929088656
12998,0.95805988648966
12999,0.39505512427425143
13000,0.7921129884532586
13001,0.9301650466436168
13002,0.4286450518624829
13003,0.15646487050688238
13004,0.320784134646748
13005,0.5329832343923283
13006,0.046858894905081876
13007,0.14077239219779503
13008,0.9257681518690065
13009,0.4427164198577859
13010,0.8598995368256248
13011,0.3140257029160415
13012,0.1821580011742449
13013,0.631639376345489
13014,0.85140583208298
13015,0.1384304259899537
13016,0.12325004892687065
13017,0.1256050623002153
13018,0.36832148215800115
13019,0.2680605388479353
13020,0.22348489790592993
13021,0.14094200534933787
13022,0.1991519342422859
13023,0.2873572966273077
13024,0.1976645573749103
13025,0.27896796920868944
13026,0.19496379411572834
13027,0.2668145345423707
13028,0.5415356513797378
13029,0.018226890208102288
13030,0.4586209146063018
13031,0.294063539696001
13032,0.31233609498336484
13033,0.36413986561419537
13034,0.6679496379411574
13035,0.8880618435644856
13036,0.9432774479744275
13037,0.6078348228847283
13038,0.9523517515819688
13039,0.4222649879313719
13040,0.24558679626851065
13041,0.7329832343923284
13042,0.2446800182660317
13043,0.4570422075804032
13044,0.3268967316850414
13045,0.6324939656859547
13046,0.5174832017744144
13047,0.266031704612173
13048,0.8830973970904821
13049,0.6672385674212278
13050,0.9041881401265575
13051,0.4151412355665732
13052,0.9083436623393568
13053,0.2936264596516407
13054,0.7076325918194273
13055,0.6064844412551373
13056,0.5565790332050362
13057,0.27903972861895754
13058,0.5516472046447909
13059,0.24907038945789026
13060,0.5251940765868616
13061,0.9556918259508121
13062,0.24312088198838805
13063,0.48478700502315875
13064,0.214756344184226
13065,0.54752430034575
13066,0.9242155391741145
13067,0.40928305825559397
13068,0.2676430295518299
13069,0.14087024593906974
13070,0.054713288538065105
13071,0.2124926609694044
13072,0.24748515884924005
13073,0.09390045012720986
13074,0.6929480070454694
13075,0.6471589797116577
13076,0.2478961445625938
13077,0.8190423380520582
13078,0.21703307456455087
13079,0.9427881792680539
13080,0.01145541131189249
13081,0.02623132624437341
13082,0.43715180377063084
13083,0.1556787787853089
13084,0.2580533629069085
13085,0.3336290690847413
13086,0.8250309870180703
13087,0.31969469632722297
13088,0.7225846434862027
13089,0.18473481636114555
13090,0.3217496248939918
13091,0.34178354752430035
13092,0.09354817665862093
13093,0.9528018787918325
13094,0.33835214299693395
13095,0.28986235240394026
13096,0.2668601996216322
13097,0.7306673625154935
13098,0.6262052319133669
13099,0.6892099941287756
13100,0.4767825689868876
13101,0.0704807880487964
13102,0.04537804162045796
13103,0.9450322917346208
13104,0.11824646095635723
13105,0.17018722682497228
13106,0.10218540022180181
13107,0.8626068236675583
13108,0.619342422858634
13109,0.1316850414247505
13110,0.7084676104116381
13111,0.5564942266292647
13112,0.7652749690129819
13113,0.9582882118859677
13114,0.4618827059821254
13115,0.5151869006458347
13116,0.0436297214430165
13117,0.24703503163937635
13118,0.7466436166742775
13119,0.14909648378889687
13120,0.23295387826994585
13121,0.2872855372170396
13122,0.6628938613086306
13123,0.1897840694109205
13124,0.26906517059168894
13125,0.1806901950551243
13126,0.735742709896275
13127,0.21092047752625745
13128,0.8197273142409811
13129,0.35738795746624047
13130,0.33456194141822687
13131,0.857061778328658
13132,0.9199164981407789
13133,0.9466436166742775
13134,0.8877487115924065
13135,0.6666644921390827
13136,0.366697110052841
13137,0.42919955639637286
13138,0.17457107443407918
13139,0.32258790527757847
13140,0.3921390827842651
13141,0.34582816883032164
13142,0.7460303998956227
13143,0.02783612760127862
13144,0.6577271837693262
13145,0.4515754452345228
13146,0.30467740883293104
13147,0.7014678061191206
13148,0.8987018070324222
13149,0.1671276665144497
13150,0.2730706504012004
13151,0.3255528736382021
13152,0.023674081805727703
13153,0.4494552808402375
13154,0.35631808989497027
13155,0.49830386848457175
13156,0.6157414051797248
13157,0.2059560310522539
13158,0.9487246395720529
13159,0.8540283123491422
13160,0.5736838671798552
13161,0.566070846108683
13162,0.224352534411899
13163,0.5041424750472959
13164,0.39000587122447644
13165,0.17893535129493118
13166,0.06156305042729467
13167,0.10271381042468523
13168,0.5812642703372692
13169,0.3127144627829604
13170,0.2769065170591689
13171,0.2708265379346337
13172,0.4113314632396112
13173,0.33594494096157607
13174,0.6736773435971036
13175,0.32629656207188995
13176,0.43300932872333486
13177,0.35185595929284363
13178,0.18179268054015266
13179,0.2869202165829474
13180,0.318102942135821
13181,0.30819361993606886
13182,0.2860721508252332
13183,0.3534150955704873
13184,0.3209863657120491
13185,0.9522865157544523
13186,0.8851653728227542
13187,0.3948398460434471
13188,0.012655750538195575
13189,0.195857524952704
13190,0.29061908800313135
13191,0.05796203274838541
13192,0.33537738926218275
13193,0.25265835997129626
13194,0.956031052253898
13195,0.9048404984017223
13196,0.06650792615304325
13197,0.40778915780546676
13198,0.3365712049057342
13199,0.07821775719224999
13200,0.7034248809446147
13201,0.5032813621240785
13202,0.23623850218540024
13203,0.36888903385739447
13204,0.45353904364276865
13205,0.3601539565529388
13206,0.06749951073129362
13207,0.672503098701807
13208,0.3422206275686607
13209,0.3681192510927001
13210,0.6006066931959032
13211,0.16783221345162763
13212,0.2622610737817209
13213,0.44972274773305504
13214,0.9468719420705851
13215,0.08044882249331332
13216,0.35093613412486135
13217,0.501350381629591
13218,0.22270859155848394
13219,0.35856220236153696
13220,0.7903581446930654
13221,0.8687128971231
13222,0.5615304325135365
13223,0.24615434796790397
13224,0.3344706112597038
13225,0.14975536564681322
13226,0.16277643681910106
13227,0.3033531215343467
13228,0.3090351621110314
13229,0.3596124991845522
13230,0.35281492595733577
13231,0.37509948463696263
13232,0.3463043903711919
13233,0.50277252266945
13234,0.523576228064453
13235,0.5290756083240916
13236,0.8116641659599453
13237,0.10639311109661426
13238,0.6417378824450388
13239,0.1840889816687325
13240,0.9326831495857526
13241,0.4142475047295975
13242,0.25841215995824907
13243,0.6746819753408572
13244,0.1995433492073847
13245,0.5913693000195708
13246,0.4010959619022768
13247,0.1847282927783939
13248,0.2599386783221345
13249,0.3342749037771544
13250,0.5525474590645183
13251,0.26050623002152784
13252,0.3490834366233936
13253,0.556011481505643
13254,0.13880227020679758
13255,0.28726596646878466
13256,0.7612825363689739
13257,0.8506882379802989
13258,0.08705721182073195
13259,0.1197077434927262
13260,0.3940700632787527
13261,0.38121208167525605
13262,0.7741992302172354
13263,0.44728945136669057
13264,0.05533302889947159
13265,0.1779307195511775
13266,0.34029617065692475
13267,0.12127340335312153
13268,0.5297801552612694
13269,0.9065235827516472
13270,0.5543153499902147
13271,0.32072542240198315
13272,0.5216843890664753
13273,0.6204057668471524
13274,0.3558353447713484
13275,0.1851262313262444
13276,0.3179463761497815
13277,0.2798095113836519
13278,0.30743036075412616
13279,0.2494878987539957
13280,0.11206862809054735
13281,0.23253310718246462
13282,0.17858960140909388
13283,0.4454628481962294
13284,0.06995237784591297
13285,0.5513862613347251
13286,0.048000521886620136
13287,0.6606823667558223
13288,0.5950420771087481
13289,0.5516928697240525
13290,0.40431861178159045
13291,0.20477526257420578
13292,0.2856415943636245
13293,0.32761432578772265
13294,0.034646747993998306
13295,0.8134516276338966
13296,0.15001630895687912
13297,0.26230673886098244
13298,0.0976254158784004
13299,0.05948855111227086
13300,0.2579228912518755
13301,0.4206406158262117
13302,0.4755496118468263
13303,0.22902994324483006
13304,0.32416335051210127
13305,0.11788114032226499
13306,0.16868680279209344
13307,0.268601996216322
13308,0.597964642181486
13309,0.8195772718376934
13310,0.23062169743623198
13311,0.8166677539304585
13312,0.20322917346206537
13313,0.28357361863135233
13314,0.3425729010372497
13315,0.1698871420183965
13316,0.10999412877552352
13317,0.12398069019505513
13318,0.7391675908408899
13319,0.1537869397873312
13320,0.3399112792745776
13321,0.20160480135690523
13322,0.39273925239741664
13323,0.24922043186117815
13324,0.19099745580272687
13325,0.34884206406158264
13326,0.8486724509100398
13327,0.6389718833583404
13328,0.4708917737621502
13329,0.02324352534411899
13330,0.3749755365646813
13331,0.002067975732272164
13332,0.7744145084480396
13333,0.4597429708395851
13334,0.1785243655815774
13335,0.7668145345423707
13336,0.19900189183899797
13337,0.029910626916302432
13338,0.9322721638723988
13339,0.23417705003587969
13340,0.361334725030987
13341,0.614847674342749
13342,0.38215800117424487
13343,0.7170330745645508
13344,0.21633178941874875
13345,0.2116250244634353
13346,0.08782047100267465
13347,0.4296888251027465
13348,0.9005675516993934
13349,0.422689020810229
13350,0.27151803770630834
13351,0.33092178224280777
13352,0.20262248026616217
13353,0.03846304390371192
13354,0.066031704612173
13355,0.3665731619805598
13356,0.4103398786613608
13357,0.09194989888446735
13358,0.33744536499445493
13359,0.05726400939395917
13360,0.2917802857329245
13361,0.14175745319329375
13362,0.2773044556070194
13363,0.06198708330615174
13364,0.5759671211429317
13365,0.49857133537738924
13366,0.1454563246134777
13367,0.2531345815121665
13368,0.2466566638397808
13369,0.7671994259247179
13370,0.3467936590775654
13371,0.23860003914149652
13372,0.6495466109987607
13373,0.6155848391936851
13374,0.4195707482549416
13375,0.0750538195577011
13376,0.850942657707613
13377,0.42288472829277846
13378,0.9331463239611194
13379,0.0483006066931959
13380,0.21798551764629132
13381,0.08041620457955509
13382,0.2308043577532781
13383,0.2485354556722552
13384,0.5591297540609304
13385,0.720210059364603
13386,0.7360884597821125
13387,0.3323439232826668
13388,0.7785308891643291
13389,0.7985256702981278
13390,0.954087024593907
13391,0.20907430360754126
13392,0.5745123621893145
13393,0.04127470806967186
13394,0.27715441320373146
13395,0.22239545958640486
13396,0.09832996281557832
13397,0.2474133994389719
13398,0.3442886033009329
13399,0.081897057864179
13400,0.42966925435449144
13401,0.3675973644725683
13402,0.24830060669319592
13403,0.19455280840237457
13404,0.6630634744601736
13405,0.31653728227542566
13406,0.07806119120621045
13407,0.3520908082719029
13408,0.21193815643551436
13409,0.3094461478243852
13410,0.09471589797116577
13411,0.605453715180377
13412,0.8295453062822102
13413,0.10984408637223564
13414,0.12118207319459848
13415,0.24615434796790397
13416,0.37251614586731036
13417,0.6970317698480004
13418,0.3626720594950747
13419,0.3829864961837041
13420,0.22032748385413267
13421,0.27721312544849636
13422,0.3148411507599974
13423,0.21651771152717073
13424,0.2129493117620197
13425,0.79889099093222
13426,0.6300150042403287
13427,0.1915976254158784
13428,0.30973970904820924
13429,0.1254289255659208
13430,0.3097918977102224
13431,0.2667036336355927
13432,0.3250505577663253
13433,0.3625220170917868
13434,0.6827712179528997
13435,0.2144823537086568
13436,0.033472503098701804
13437,0.7973122839063214
13438,0.2856089764498662
13439,0.275092961054211
13440,0.45589405701611324
13441,0.4042403287885707
13442,0.17879183247439495
13443,0.6014351882053625
13444,0.7581446930654315
13445,0.25719224998369106
13446,0.9271576749951074
13447,0.22276078022049708
13448,0.4400678452606171
13449,0.783691043120882
13450,0.5567877878530889
13451,0.1519766455737491
13452,0.30181355600495796
13453,0.2673494683280057
13454,0.8408702459390698
13455,0.9137712831887272
13456,0.7484310783482289
13457,0.33961119446800186
13458,0.1336943049122578
13459,0.09660121338639181
13460,0.8736838671798552
13461,0.35104703503163937
13462,0.309726661882706
13463,0.35672255202557246
13464,0.3797247048078805
13465,0.23176332441777026
13466,0.20115467414704155
13467,0.34728945136669054
13468,0.39985648117946376
13469,0.2846826276991324
13470,0.16040185269750148
13471,0.15933850870898295
13472,0.1451236218931437
13473,0.3908604605649423
13474,0.1846304390371192
13475,0.15068171439754713
13476,0.2742514188792485
13477,0.6493117620197013
13478,0.32833191989040383
13479,0.48009654902472443
13480,0.6236610346402244
13481,0.3890860460564942
13482,0.22069280448822493
13483,0.6911801161197729
13484,0.7978080761954466
13485,0.8726009524430818
13486,0.4662404592602257
13487,0.30422075804031573
13488,0.22610085458934046
13489,0.33019766455737487
13490,0.08828364537804163
13491,0.4505251484115076
13492,0.1769913236349403
13493,0.38670493835214304
13494,0.1985060995498728
13495,0.2927457759801683
13496,0.22294344053754322
13497,0.23092178224280774
13498,0.814182268902081
13499,0.6277187031117489
13500,0.3901689607932677
13501,0.3286646226107378
13502,0.2126622741209472
13503,0.201683084349925
13504,0.370063278752691
13505,0.07112009915845782
13506,0.9092765346728424
13507,0.2695935807945724
13508,0.20438384760910694
13509,0.3272816230673886
13510,0.3561810946571857
13511,0.30520581903581445
13512,0.4490247243786288
13513,0.3224802661621763
13514,0.3739513340726728
13515,0.6627046774088329
13516,0.13970252462652488
13517,0.22999543349207385
13518,0.4838215147759149
13519,0.3684780481440407
13520,0.49983038684845715
13521,0.16559462456781265
13522,0.23297018722682497
13523,0.22292386978928827
13524,0.13425533302889947
13525,0.03692347837432318
13526,0.2008350185922108
13527,0.15060343140452737
13528,0.13976776045404138
13529,0.33676691238828366
13530,0.23474460173527303
13531,0.371968164916172
13532,0.45074695022506356
13533,0.10228325396307653
13534,0.36440080892426124
13535,0.4490508187096353
13536,0.312740557113967
13537,0.3369430491225781
13538,0.010809576619479419
13539,0.023589275229956293
13540,0.3157414051797247
13541,0.022552025572444387
13542,0.04321873572966273
13543,0.02750342488094462
13544,0.24978798356057147
13545,0.050570813490769126
13546,0.03773240263552743
13547,0.007821775719224999
13548,0.012290429904103332
13549,0.23653858699197602
13550,0.027112009915845784
13551,0.3862809054732859
13552,0.05579620327483854
13553,0.1479157153108487
13554,0.5699654250114163
13555,0.016869984995759674
13556,0.328847282927784
13557,0.11947289451366691
13558,0.6269423967643031
13559,0.5456063670167657
13560,0.7238502185400222
13561,0.8117098310392067
13562,0.61231652423511
13563,0.12075151673298976
13564,0.1242090155913628
13565,0.5519994781133799
13566,0.4828168830321613
13567,0.019055385217561484
13568,0.026453128057929418
13569,0.011396699067127668
13570,0.10717594102681192
13571,0.5935025115793594
13572,0.3243460108291474
13573,0.04767434274903777
13574,0.027066344836584252
13575,0.11964250766520973
13576,0.25282797312283906
13577,0.2960662796007567
13578,0.5304977493639507
13579,0.2664296431600235
13580,0.18491747667819164
13581,0.012844934437993347
13582,0.3302237588883815
13583,0.7563768021397351
13584,0.6158131645899928
13585,0.04719159762541588
13586,0.7445495466109988
13587,0.3592993672124731
13588,0.03195903190031966
13589,0.1815774023093483
13590,0.016106725813816947
13591,0.054328397155717925
13592,0.0013438580468393242
13593,0.014110509491812903
13594,0.3600626263944158
13595,0.313184160741079
13596,0.5946115206471394
13597,0.4369756670363364
13598,0.052175614847674336
13599,0.052625742057538
13600,0.7470546023876312
13601,0.3543414443212212
13602,0.3044556070193751
13603,0.031443668862939526
13604,0.7585882966925436
13605,0.027692608780742384
13606,0.10837628025311502
13607,0.9287037641072478
13608,0.8556853023680606
13609,0.036068889033857396
13610,0.03993737360558419
13611,0.46512492660969407
13612,0.7649879313719096
13613,0.19702524626524887
13614,0.4794768086633179
13615,0.71394089634027
13616,0.25293887402961707
13617,0.34645443277447974
13618,0.004188140126557506
13619,0.03847609106921522
13620,0.017411442364146393
13621,0.03881531737230087
13622,0.3521364733511645
13623,0.022356318089894973
13624,0.3891578054667624
13625,0.027125057081349078
13626,0.8280970709113444
13627,0.7797312283906321
13628,0.6301389523126101
13629,0.17382086241763975
13630,0.060617130928305826
13631,0.27453845652032094
13632,0.1251223171765934
13633,0.32837758496966535
13634,0.5963076521625676
13635,0.7065496770826538
13636,0.6713158066410073
13637,0.09146715376084547
13638,0.27419923021723536
13639,0.6791506295257355
13640,0.07174636310261596
13641,0.30745645508513275
13642,0.29765803379215866
13643,0.028605910365972997
13644,0.667362515493509
13645,0.750590384239024
13646,0.2192184747863527
13647,0.24413856089764502
13648,0.12106464870506882
13649,0.5470937438841412
13650,0.8864113771283189
13651,0.7997260095244307
13652,0.6022897775458282
13653,0.8055515689216518
13654,0.017026550981799202
13655,0.7508056624698284
13656,0.061426055189510075
13657,0.0989497031769848
13658,0.4045404135951465
13659,0.05850349011677214
13660,0.6880292256507274
13661,0.3626590123295714
13662,0.14793528605910367
13663,0.6130210711722878
13664,0.32506360493182856
13665,0.09133015852306087
13666,0.131508904690456
13667,0.19107573879574663
13668,0.04364929219127145
13669,0.6714919433753017
13670,0.19282405897318808
13671,0.3265248874681976
13672,0.09647726531411051
13673,0.8760845456324615
13674,0.8952247374257943
13675,0.04492139082784265
13676,0.10729988909909322
13677,0.07749363950681715
13678,0.04230543414443212
13679,0.610946571857264
13680,0.022956487703046514
13681,0.39936721247309026
13682,0.903477069606628
13683,0.6313327679561616
13684,0.8348163611455413
13685,0.15059038423902407
13686,0.6023811077043513
13687,0.6669319590319004
13688,0.29797768934698937
13689,0.14222062756866072
13690,0.5297866788440211
13691,0.692380455346076
13692,0.12498532193880879
13693,0.06322656402896472
13694,0.06698414769391349
13695,0.07228129688825102
13696,0.08130341183377912
13697,0.14441255137321418
13698,0.2273370735207776
13699,0.0941548698545241
13700,0.7082784265118403
13701,0.12122121469110836
13702,0.21843564485615502
13703,0.029649683606236547
13704,0.052586600561028124
13705,0.010913953943505774
13706,0.4974949442233675
13707,0.033387696522930395
13708,0.2108095766194794
13709,0.2410985713353774
13710,0.3334464087676952
13711,0.36031052253897844
13712,0.31124665666383977
13713,0.12882118859677735
13714,0.8706830191140975
13715,0.8667297279665992
13716,0.6320764563898493
13717,0.49631417574531933
13718,0.7570095896666449
13719,0.24398199491160544
13720,0.04767434274903777
13721,0.518787918324744
13722,0.8196490312479614
13723,0.37080696718637873
13724,0.5827712179528998
13725,0.5142279339813426
13726,0.07737621501728749
13727,0.4465914280122643
13728,0.2809576619479418
13729,0.1484376019309805
13730,0.852090808271903
13731,0.5270924391675909
13732,0.2772066018657447
13733,0.22546154347967906
13734,0.6584121599582491
13735,0.08119251092700111
13736,0.07823732794050492
13737,0.7853610803053037
13738,0.06802792093417705
13739,0.5732011220562334
13740,0.606954139213256
13741,0.7945332376541197
13742,0.029682301519994785
13743,0.04295126883684519
13744,0.5220692804488225
13745,0.48263422271511514
13746,0.4353056298519147
13747,0.1242807750016309
13748,0.11602191923804554
13749,0.015584839193685172
13750,0.243251353643421
13751,0.1948724639572053
13752,0.8738208624176399
13753,0.4475699654250115
13754,0.3874551503685824
13755,0.7815252136473352
13756,0.5644334268380194
13757,0.841679170200274
13758,0.16873246787135496
13759,0.6189053428142737
13760,0.2308174049187814
13761,0.7546937177898102
13762,0.4512166481831822
13763,0.5564877030465132
13764,0.028044882249331334
13765,0.025631156631221865
13766,0.33030856546415294
13767,0.6398003783677996
13768,0.5517972470480788
13769,0.008180572770565595
13770,0.04511709831039207
13771,0.03713223302237589
13772,0.7133798682236285
13773,0.8458281688303216
13774,0.424241633505121
13775,0.11276012786222192
13776,0.7407984865288015
13777,0.8188009654902473
13778,0.9210972666188271
13779,0.04957922891251876
13780,0.06710157218344315
13781,0.039389392654445826
13782,0.748241894448431
13783,0.6956031052253898
13784,0.6098897514514972
13785,0.03892621827907887
13786,0.0653271576749951
13787,0.35817078739643815
13788,0.016504664361667427
13789,0.11766586209146063
13790,0.4590775653989171
13791,0.23953943505773373
13792,0.5612825363689737
13793,0.8917280970709114
13794,0.8685954726335703
13795,0.5411768543283971
13796,0.9189379607280319
13797,0.32830582555939725
13798,0.37479939983038685
13799,0.27611063996346796
13800,0.10369234783743231
13801,0.07152456128905996
13802,0.5274381890534281
13803,0.2710222454171831
13804,0.6561093352469176
13805,0.3472176919564225
13806,0.5166025181029421
13807,0.18196881727444714
13808,0.11889229564877031
13809,0.5548568073586014
13810,0.10408376280253115
13811,0.1058190358144693
13812,0.778126427033727
13813,0.3464087676952182
13814,0.6084937047426446
13815,0.6812773175027725
13816,0.007847870050231588
13817,0.032069932807097655
13818,0.1343531867701742
13819,0.17401656990018918
13820,0.04227281623067389
13821,0.06909126492269554
13822,0.041333420314436695
13823,0.2516863461413008
13824,0.092289125187553
13825,0.11016374192706635
13826,0.916015395655294
13827,0.04736773435971035
13828,0.5728292778393893
13829,0.19411572835801422
13830,0.7752364798747473
13831,0.46487703046513146
13832,0.8329375693130668
13833,0.026550981799204124
13834,0.13976123687128972
13835,0.2628938613086307
13836,0.7164263813686478
13837,0.8505512427425143
13838,0.8446147824385153
13839,0.20181355600495793
13840,0.20469045599843436
13841,0.2577532781003327
13842,0.963520125252789
13843,0.6436036271120099
13844,0.3775458281688303
13845,0.2781720921129885
13846,0.5594755039467676
13847,0.10693456846500099
13848,0.31632852762737296
13849,0.9314045273664296
13850,0.7811077043512298
13851,0.6997847217691956
13852,0.034183573618631356
13853,0.044242938221671343
13854,0.035390436427686085
13855,0.02646617522343271
13856,0.158320829799726
13857,0.6904168569378303
13858,0.01337334464087677
13859,0.22909517907234653
13860,0.8378759214560638
13861,0.2884467349468328
13862,0.12109726661882707
13863,0.6905799465066214
13864,0.9298584382542892
13865,0.34696979581185994
13866,0.38641790071107057
13867,0.02900384891382347
13868,0.4808206667101572
13869,0.22662926479222387
13870,0.43518168177963334
13871,0.20118076847804817
13872,0.36679496379411575
13873,0.18958183834561942
13874,0.3895198643094788
13875,0.7245286711461935
13876,0.7257159632069933
13877,0.2567290756083241
13878,0.37476025833387694
13879,0.1400221801813556
13880,0.19962163220040446
13881,0.6981146845847739
13882,0.8427620849370474
13883,0.05416530758692674
13884,0.3521234261856611
13885,0.7144823537086569
13886,0.1742514188792485
13887,0.5439428534150956
13888,0.7218605258007699
13889,0.05359775588753343
13890,0.7315806641007242
13891,0.5478961445625938
13892,0.40893078478700506
13893,0.19295453062822102
13894,0.6860525800769783
13895,0.6295061647857002
13896,0.8861765281492596
13897,0.833818252984539
13898,0.3437406223497945
13899,0.05987344249461805
13900,0.7894578902733381
13901,0.7204449083436624
13902,0.04901167721312545
13903,0.7963794115728358
13904,0.6473090221149456
13905,0.17427751321025506
13906,0.1715310848718116
13907,0.7902733381172942
13908,0.20635396960010435
13909,0.14001565659860396
13910,0.2693913497292713
13911,0.8889881923152195
13912,0.22814925957335772
13913,0.5959423315284754
13914,0.4404657838084676
13915,0.7744014612825364
13916,0.8297801552612695
13917,0.19797116576423773
13918,0.12477656729075609
13919,0.33787592145606365
13920,0.45455672255202556
13921,0.5624306869332637
13922,0.023400091330158523
13923,0.43150890469045605
13924,0.6137712831887273
13925,0.8250570813490768
13926,0.09298062495922761
13927,0.4036597299236741
13928,0.11777676299823864
13929,0.534170526453128
13930,0.03824776567290756
13931,0.12872333485550264
13932,0.7872463957205298
13933,0.21084219453323766
13934,0.032246069541392135
13935,0.9388805531998174
13936,0.7979189771022246
13937,0.46435514384499965
13938,0.3828495009459195
13939,0.7944940961576097
13940,0.4826537934633701
13941,0.4252658359971297
13942,0.413960467088525
13943,0.8399112792745776
13944,0.3975471328853807
13945,0.6759149324809186
13946,0.2519733837823733
13947,0.3225455019896927
13948,0.9109922369365255
13949,0.059351555874486275
13950,0.05588100985060996
13951,0.6342749037771545
13952,0.7066475308239284
13953,0.32938221671341905
13954,0.7598408245808598
13955,0.3310783482288473
13956,0.48988844673494686
13957,0.1718507404266423
13958,0.8045208428468915
13959,0.914997716746037
13960,0.7449931502381109
13961,0.8491747667819167
13962,0.12730119381564356
13963,0.38663970252462654
13964,0.170506882379803
13965,0.1943897188335834
13966,0.037471459325461545
13967,0.9435710091982518
13968,0.6845847739578577
13969,0.45655293887402965
13970,0.5145280187879184
13971,0.15453062822101898
13972,0.8025311501076391
13973,0.8321743101311241
13974,0.3520255724443865
13975,0.3037119185856873
13976,0.6626916302433297
13977,0.892439167590841
13978,0.7844999673820862
13979,0.21453454237067
13980,0.1434470611259704
13981,0.2835083828038359
13982,0.2511448887729141
13983,0.26689934111814206
13984,0.4753669515297802
13985,0.6040641920542762
13986,0.03527953552090808
13987,0.029427881792680542
13988,0.8089764498662666
13989,0.17879183247439492
13990,0.7331398003783678
13991,0.7112205623328333
13992,0.5131906843238307
13993,0.12213451627633898
13994,0.8421619153238958
13995,0.7353578185139278
13996,0.3466501402570291
13997,0.8427425141887925
13998,0.04514319264139866
13999,0.03531867701741796
14000,0.7717202687716094
14001,0.675941026811925
14002,0.18727901363428795
14003,0.35856220236153696
14004,0.52063409224346
14005,0.31786156957401007
14006,0.2417117881140322
14007,0.21161197729793202
14008,0.24258594820275298
14009,0.5422206275686607
14010,0.7675647465588101
14011,0.422225846434862
14012,0.864700893730837
14013,0.7567225520255725
14014,0.29538782699458543
14015,0.7916106725813816
14016,0.674094852893209
14017,0.413203731489334
14018,0.6109139539435058
14019,0.46234588035749236
14020,0.13634287950942658
14021,0.23466631874225327
14022,0.09731880748907301
14023,0.5658164263813686
14024,0.3224737425794246
14025,0.25312805792941484
14026,0.4505903842390241
14027,0.7021136408115337
14028,0.9051536303738013
14029,0.6964250766520973
14030,0.11660904168569379
14031,0.18230804357753277
14032,0.8729923674081805
14033,0.23312022963011286
14034,0.17032422206275688
14035,0.8311174897253573
14036,0.09060604083762802
14037,0.09399178028573293
14038,0.6141496509883229
14039,0.7477591493248091
14040,0.2814925957335769
14041,0.4453258529584448
14042,0.8036727770891774
14043,0.7910953095440015
14044,0.4593776502054928
14045,0.6881923152195185
14046,0.06776045404135951
14047,0.5529780155261269
14048,0.8434079196294606
14049,0.5698740948528932
14050,0.02919303281362124
14051,0.8263422271511515
14052,0.31343205688564163
14053,0.12225194076586862
14054,0.8993998303868485
14055,0.039839519864309475
14056,0.5104442559853872
14057,0.7477330549938026
14058,0.3159827777415356
14059,0.37539956944353847
14060,0.5455541783547524
14061,0.8922565072737948
14062,0.18654184878335184
14063,0.6881923152195186
14064,0.9419401135103399
14065,0.8261726139996085
14066,0.32846239154543677
14067,0.33417052645312806
14068,0.9493313327679562
14069,0.5304651314501925
14070,0.09284362972144303
14071,0.2921977950290299
14072,0.31653728227542566
14073,0.15115141235566573
14074,0.22800574075282143
14075,0.6858829669254355
14076,0.29930197664557373
14077,0.14346663187422531
14078,0.08434340139604672
14079,0.04311435840563638
14080,0.029806249592276075
14081,0.8506295257355339
14082,0.8021201643942854
14083,0.3590188531541523
14084,0.9079065822949964
14085,0.05013373344640877
14086,0.6753734751125318
14087,0.8041098571335378
14088,0.7054602387631287
14089,0.2823537086567943
14090,0.24518233413790858
14091,0.20766520973318545
14092,0.8435775327810033
14093,0.7265575053819557
14094,0.6152064713940896
14095,0.117881140322265
14096,0.5770826537934634
14097,0.11990997455802727
14098,0.6822819492465262
14099,0.8677278361276014
14100,0.9249787983560571
14101,0.4654902472437863
14102,0.12457433622545502
14103,0.15708134907691307
14104,0.6664818318220367
14105,0.3527040250505578
14106,0.23338117294017877
14107,0.24531932937569312
14108,0.30106986757127013
14109,0.9051275360427946
14110,0.1899928240589732
14111,0.6203601017678909
14112,0.21283514906386586
14113,0.39909974558027267
14114,0.29369821906190885
14115,0.47503424880944617
14116,0.4908539369821906
14117,0.15483071302759477
14118,0.5881923152195185
14119,0.4204449083436623
14120,0.4658555678778785
14121,0.8908343662339357
14122,0.01932285211037902
14123,0.08373670820014352
14124,0.33731489333942205
14125,0.7483332246069541
14126,0.13938939265444583
14127,0.4114293169808859
14128,0.13558614391023552
14129,0.4339943897188336
14130,0.02990410333355079
14131,0.2733707352077761
14132,0.7944484310783482
14133,0.19562919955639638
14134,0.229845391088786
14135,0.802478961445626
14136,0.1255398264726988
14137,0.3671733315937113
14138,0.848783351816818
14139,0.05451758105551569
14140,0.38465653336812583
14141,0.26165438058581775
14142,0.5764759605975602
14143,0.018677017417965947
14144,0.32275425663774543
14145,0.436649487898754
14146,0.06276338965359776
14147,0.61619805597234
14148,0.06982842977363168
14149,0.7981473024985323
14150,0.5045599843434014
14151,0.20174832017744146
14152,0.28459782112336096
14153,0.05970382934307522
14154,0.3475895361732664
14155,0.1215995824907039
14156,0.3184160741079001
14157,0.2950355535259965
14158,0.7287559527692608
14159,0.8064844412551373
14160,0.3834040054798096
14161,0.611611977297932
14162,0.07181159893013242
14163,0.04069410920477526
14164,0.20472307391219258
14165,0.4955900580598865
14166,0.13127405571139672
14167,0.6595342161915324
14168,0.28243851523256575
14169,0.11692217365777285
14170,0.16527496901298194
14171,0.13591884663056952
14172,0.13097723269619677
14173,0.7920738469567487
14174,0.1904364276860852
14175,0.8210581251223172
14176,0.4742709896275034
14177,0.6031835083828039
14178,0.13931110966142607
14179,0.8271250570813491
14180,0.4126883684519538
14181,0.7166090416856937
14182,0.599315023811077
14183,0.9109335246917608
14184,0.41084871811598933
14185,0.5055972340009133
14186,0.17927457759801682
14187,0.626074760258334
14188,0.6746363102615955
14189,0.7015199947811338
14190,0.118546545762933
14191,0.7305890795224738
14192,0.5824841803118272
14193,0.644008089242612
14194,0.8868354100071759
14195,0.7289125187553004
14196,0.5891904233805206
14197,0.6208819883880227
14198,0.3797638463043904
14199,0.651849435710092
14200,0.7660251810294214
14201,0.751718964055059
14202,0.29074303607541263
14203,0.339885184943571
14204,0.7209211298845326
14205,0.09164981407789158
14206,0.7245091003979385
14207,0.688922956487703
14208,0.28695283449670556
14209,0.6947811337986822
14210,0.457766325265836
14211,0.08400417509296104
14212,0.4325396307652163
14213,0.3794050492530498
14214,0.13981994911605455
14215,0.8031313197207907
14216,0.1465000978537413
14217,0.7377063083045208
14218,0.9506425729010373
14219,0.10373801291669385
14220,0.03901754843760193
14221,0.1474721116837367
14222,0.7320438384760912
14223,0.7726466175223432
14224,0.37713484245547657
14225,0.4882118859677735
14226,0.4646095635723139
14227,0.7398134255333029
14228,0.6723661034640225
14229,0.5984865288016179
14230,0.11595668341052907
14231,0.820653662991715
14232,0.49346337008284946
14233,0.3977493639506818
14234,0.4011938156435515
14235,0.9095570487311633
14236,0.6877617587579098
14237,0.5928958183834562
14238,0.5211625024463435
14239,0.09366560114815058
14240,0.1215995824907039
14241,0.6411768543283971
14242,0.4697370996151086
14243,0.8947028508056625
14244,0.9319786026485746
14245,0.36162828625481114
14246,0.7971491943375302
14247,0.2161393437275752
14248,0.09468328005740753
14249,0.7487115924065497
14250,0.4315219518559593
14251,0.7187031117489725
14252,0.23905016635136017
14253,0.15821645247569965
14254,0.8963728879900842
14255,0.8763259181942723
14256,0.6613934372757518
14257,0.3923478374323179
14258,0.20624959227607803
14259,0.24094200534933785
14260,0.05458281688303216
14261,0.6077369691434535
14262,0.7954595864048535
14263,0.4381760062626394
14264,0.14362319786026487
14265,0.7207319459847349
14266,0.6473481636114554
14267,0.1900906778002479
14268,0.34310783482288476
14269,0.1263259181942723
14270,0.8758496966534021
14271,0.17643029551829867
14272,0.125813816948268
14273,0.05397612368712897
14274,0.8758888381499119
14275,0.2368125774675452
14276,0.4011090090677801
14277,0.9423967643029552
14278,0.3685693783025638
14279,0.1734620653662992
14280,0.5273925239741666
14281,0.8573488159697307
14282,0.727829604018527
14283,0.29844738730510795
14284,0.45563963728879897
14285,0.5087350773044557
14286,0.5016113249396569
14287,0.05606367016765608
14288,0.927738273860004
14289,0.13535781851392786
14290,0.1655620066540544
14291,0.21722225846434864
14292,0.9496836062365452
14293,0.04391023550133733
14294,0.1270043708004436
14295,0.3575314762867767
14296,0.42737947680866334
14297,0.8576097592797964
14298,0.041287755235175166
14299,0.4179463761497815
14300,0.5498466958053363
14301,0.6625676821710484
14302,0.4573618631352339
14303,0.1641790071107052
14304,0.8987344249461804
14305,0.0374779829082132
14306,0.5667558222976059
14307,0.9448561550003262
14308,0.8657250962228457
14309,0.8122839063213517
14310,0.11281884010698676
14311,0.625128840759345
14312,0.2430621697436232
14313,0.13051079652945397
14314,0.5140517972470481
14315,0.7212734033531216
14316,0.8051471067910496
14317,0.1772392197795029
14318,0.16460303998956227
14319,0.8133342031443669
14320,0.11499119316328528
14321,0.6677017417965946
14322,0.8469241307325984
14323,0.2239024072020354
14324,0.7929219127144629
14325,0.3882347185074043
14326,0.3626981538260813
14327,0.5065170591688956
14328,0.12710548633309415
14329,0.6045404135951464
14330,0.48172092112988457
14331,0.08685498075543088
14332,0.9171309283058255
14333,0.7325461543479679
14334,0.2720529714919434
14335,0.0697892882771218
14336,0.08438254289255659
14337,0.8407854393632983
14338,0.2926087807423837
14339,0.29067780024789613
14340,0.41352338704416464
14341,0.4776697762411116
14342,0.12790788701154676
14343,0.49473546871942065
14344,0.7647335116445954
14345,0.771374518885772
14346,0.6161132493965686
14347,0.07157674995107313
14348,0.3295974949442234
14349,0.13350838280383587
14350,0.782621175549612
14351,0.8173788244503881
14352,0.8591558483919369
14353,0.2702002739904755
14354,0.600202231065301
14355,0.02865157544523452
14356,0.6607410790005871
14357,0.6616543805858178
14358,0.04164002870376411
14359,0.7213843042598995
14360,0.707599973905669
14361,0.8458151216648182
14362,0.9444255985387174
14363,0.6817796333746494
14364,0.06967186378759214
14365,0.7067975732272164
14366,0.8128840759345032
14367,0.7218279078870116
14368,0.9541914019179333
14369,0.035090351621110315
14370,0.028305825559397223
14371,0.42783612760127865
14372,0.6808010959619023
14373,0.6929871485419793
14374,0.8824776567290756
14375,0.17686085197990736
14376,0.8228521103790202
14377,0.5768869463109139
14378,0.8446147824385152
14379,0.16841933589927588
14380,0.4832865809902799
14381,0.3158066410072412
14382,0.019361993606888905
14383,0.009811468458477397
14384,0.7038162959097136
14385,0.09613803901102486
14386,0.5072933655163416
14387,0.30210711722878203
14388,0.015858829669254355
14389,0.2736903907626068
14390,0.03657772848848588
14391,0.21374518885772067
14392,0.7860851979907366
14393,0.761576097592798
14394,0.48651575445234524
14395,0.405695087742188
14396,0.02826016048013569
14397,0.33266357883749753
14398,0.8953486854980756
14399,0.5500032617913758
14400,0.08622871681127275
14401,0.22633570356839977
14402,0.40520581903581454
14403,0.03701480853284624
14404,0.20144823537086567
14405,0.6862026224802662
14406,0.31797899406353974
14407,0.036773435971035294
14408,0.9020484049840173
14409,0.286372235631809
14410,0.13162632917998565
14411,0.10616478570030662
14412,0.3744406027790463
14413,0.019146715376084547
14414,0.3666775393045861
14415,0.07472111683736707
14416,0.01096614260551895
14417,0.7177310979189772
14418,0.8512557896796921
14419,0.9413073259834301
14420,0.36025181029421355
14421,0.03389653597755887
14422,0.04715245612890599
14423,0.23513601670037187
14424,0.3056624698284298
14425,0.6792289125187553
14426,0.9049579228912519
14427,0.020125252788831628
14428,0.04916171961641333
14429,0.7328397155717921
14430,0.47791767238567423
14431,0.7456324613477722
14432,0.3513275490899602
14433,0.45361732663578835
14434,0.1395394350577337
14435,0.5026550981799204
14436,0.2703698871420184
14437,0.36645573749103005
14438,0.369322852110379
14439,0.2384499967382086
14440,0.04647400352273469
14441,0.011344510405114487
14442,0.023941548698545242
14443,0.09113445104051146
14444,0.4415552221279927
14445,0.8034509752756214
14446,0.30549285667688697
14447,0.2581251223171766
14448,0.17573879574662407
14449,0.39565529388740295
14450,0.8689346989366561
14451,0.946487050688238
14452,0.2067062430686933
14453,0.05810555156892165
14454,0.025448496314175745
14455,0.1869006458346924
14456,0.15929284362972143
14457,0.1575053819557701
14458,0.008695935807945724
14459,0.19855828821188598
14460,0.7984604344706113
14461,0.49536173266357886
14462,0.37656729075608325
14463,0.010998760519277187
14464,0.8162828625481114
14465,0.14884858764433428
14466,0.0716550329440929
14467,0.7168177963337465
14468,0.4469828429773632
14469,0.3754974231848131
14470,0.10754126166090418
14471,0.13349859742970838
14472,0.19493117620197015
14473,0.08151216648183182
14474,0.7033400743688435
14475,0.3441581316458999
14476,0.41716354621958385
14477,0.5159827777415357
14478,0.4245678126427034
14479,0.32914084415160805
14480,0.08727901363428796
14481,0.674962489399178
14482,0.36633831300150044
14483,0.30221801813556004
14484,0.8121338639180639
14485,0.11489986300476222
14486,0.5185726400939396
14487,0.8772848848587644
14488,0.2083045208428469
14489,0.9122773827386
14490,0.02981929675777937
14491,0.014965098832278688
14492,0.20074368843368778
14493,0.5453193293756932
14494,0.8930328136212409
14495,0.3850544719159763
14496,0.5887794376671668
14497,0.0073846956748646365
14498,0.05001630895687911
14499,0.12683149585752496
14500,0.2533563833257225
14501,0.6158523060865028
14502,0.20007828299301977
14503,0.3952834496705591
14504,0.3575119055385218
14505,0.11476939134972927
14506,0.22267597364472572
14507,0.34871811598930136
14508,0.2679431143584057
14509,0.6484376019309804
14510,0.6079652945397612
14511,0.10003261791375825
14512,0.00564942266292648
14513,0.21994911605453718
14514,0.14994454954661102
14515,0.03459455933198513
14516,0.18875334333616023
14517,0.3665731619805597
14518,0.09750146780611912
14519,0.4871550655620067
14520,0.8478570030660839
14521,0.69556396372888
14522,0.8722486789744928
14523,0.07459716876508579
14524,0.8381760062626396
14525,0.21398656141953162
14526,0.35864048535455667
14527,0.34293169808859025
14528,0.060741079000587124
14529,0.15548307130275948
14530,0.19973905668993414
14531,0.844914867245091
14532,0.19641202948659403
14533,0.2949833648639833
14534,0.055235175158196884
14535,0.09062561158588298
14536,0.11629590971361473
14537,0.04931176201970122
14538,0.8297605845130146
14539,0.20884597821123363
14540,0.3635984082458086
14541,0.2227868745515037
14542,0.15767499510731292
14543,0.9377193554700242
14544,0.6566051275360428
14545,0.3520647139408964
14546,0.08695935807945725
14547,0.7968556331137062
14548,0.7163741927066345
14549,0.33880879378954926
14550,0.3846043447061126
14551,0.40597560180050885
14552,0.2280970709113445
14553,0.5326179137582361
14554,0.38265379346337014
14555,0.6871811598930133
14556,0.30929610542109726
14557,0.37064387761758755
14558,0.8524104638267338
14559,0.09669906712766652
14560,0.43255920151347116
14561,0.2050166351360167
14562,0.16808010959619024
14563,0.340439689477461
14564,0.3645638984930524
14565,0.2669971948594168
14566,0.04733511644595212
14567,0.11698740948528934
14568,0.6846434862026225
14569,0.04398851849435711
14570,0.3927457759801683
14571,0.3785047948333225
14572,0.3952573553395525
14573,0.021671341900972012
14574,0.32507012851458017
14575,0.34953356383325723
14576,0.30368582425468066
14577,0.21136408115336944
14578,0.12213451627633896
14579,0.23326374845064912
14580,0.6960858503490117
14581,0.8152586600561028
14582,0.08778785308891644
14583,0.7536108030530367
14584,0.7213647335116445
14585,0.49255659208037056
14586,0.14954008741600885
14587,0.9241568269293496
14588,0.28237980298780085
14589,0.05507860917215735
14590,0.21073129362645965
14591,0.18159697305760325
14592,0.4278491747667819
14593,0.2976058451301455
14594,0.5375171244047231
14595,0.2030856546415291
14596,0.8530236806053886
14597,0.4285602452867115
14598,0.4014156174571074
14599,0.5626720594950748
14600,0.6022049709700568
14601,0.4130471655032944
14602,0.09821253832604866
14603,0.24140517972470482
14604,0.23846956748646356
14605,0.29181942722943444
14606,0.42433948724639575
14607,0.05164720464479092
14608,0.13216126296562072
14609,0.028671146193489462
14610,0.05456976971752887
14611,0.7888055319981735
14612,0.3576293300280515
14613,0.6243590579946506
14614,0.608154478439559
14615,0.2905603757583665
14616,0.15699654250114162
14617,0.10228977754582819
14618,0.3131515428273208
14619,0.12912779698610477
14620,0.23098049448757257
14621,0.42664883554047883
14622,0.15404135951464545
14623,0.5604866592732729
14624,0.504899210646487
14625,0.31099223693652556
14626,0.2604540413595146
14627,0.36939134972927135
14628,0.4917085263226564
14629,0.7355143844999673
14630,0.17575836649487903
14631,0.1535912323047818
14632,0.35706177832865804
14633,0.3965359775588754
14634,0.4476678191662862
14635,0.2369234783743232
14636,0.3602779046252202
14637,0.26287429056037576
14638,0.042957792419596845
14639,0.07014156174571073
14640,0.5580598864896601
14641,0.36293952638789223
14642,0.5045795550916563
14643,0.01990345097527562
14644,0.24088981668732468
14645,0.23058907952247373
14646,0.2122447648248418
14647,0.5000978537412747
14648,0.5412681844869203
14649,0.4275425663774545
14650,0.2786809315676169
14651,0.6809185204514319
14652,0.419342422858634
14653,0.061080305303672776
14654,0.21882053623850217
14655,0.4387239872137778
14656,0.6639767760454042
14657,0.09659468980364017
14658,0.8888642442429383
14659,0.5641724835279536
14660,0.045880357492334795
14661,0.4132298258203405
14662,0.8196946963272229
14663,0.9153956552938876
14664,0.021671341900972016
14665,0.2946245678126427
14666,0.4958640485354557
14667,0.1916824319916498
14668,0.8783351816817797
14669,0.4714267075477852
14670,0.870435122969535
14671,0.9080240067845261
14672,0.20557113966990673
14673,0.9267988779437667
14674,0.8219322852110379
14675,0.4589536173266358
14676,0.8680018266031705
14677,0.1605975601800509
14678,0.2275034248809446
14679,0.1053754321873573
14680,0.7424489529649684
14681,0.699778198186444
14682,0.8687128971231001
14683,0.8875660512753604
14684,0.8749885837301846
14685,0.25121664818318223
14686,0.14212929741013766
14687,0.28451953813034114
14688,0.5895492204318612
14689,0.13935677474068758
14690,0.645580272685759
14691,0.6365190162437211
14692,0.42744471263617984
14693,0.26121730054145736
14694,0.11198382151477593
14695,0.676423771935547
14696,0.8933720399243265
14697,0.18427164198577858
14698,0.8797507991388871
14699,0.16400939395916236
14700,0.23233087611716355
14701,0.22771217952899733
14702,0.17304455607019376
14703,0.26085197990736514
14704,0.8175614847674343
14705,0.5617391871615891
14706,0.04496705590710418
14707,0.2324352534411899
14708,0.13970252462652488
14709,0.5719159762541588
14710,0.18417378824450387
14711,0.6197273142409812
14712,0.3431274055711397
14713,0.5002087546480527
14714,0.3780350968752039
14715,0.6625415878400418
14716,0.36479874747211166
14717,0.34010046317437537
14718,0.3586731032683149
14719,0.8790788701154675
14720,0.80784134646748
14721,0.381675256050623
14722,0.38943831952508323
14723,0.5163220040446214
14724,0.047119838215147765
14725,0.09741013764759607
14726,0.7965164068106203
14727,0.2576880422728162
14728,0.2746819753408572
14729,0.8946245678126427
14730,0.6600169613151542
14731,0.2501011155326505
14732,0.20196359840824582
14733,0.07332507012851458
14734,0.8294083110444256
14735,0.1855698349533564
14736,0.28881205558092504
14737,0.3602779046252202
14738,0.5536303738012917
14739,0.7083632330876117
14740,0.6697044817013504
14741,0.4371191858568726
14742,0.07646291343205688
14743,0.33301585230608655
14744,0.3813686476612956
14745,0.13074564550851328
14746,0.5710548633309414
14747,0.8563507078087286
14748,0.48603953291147506
14749,0.23595146454432775
14750,0.17432970187226826
14751,0.20516015395655293
14752,0.44625872529193034
14753,0.26477917672385676
14754,0.8912062104507795
14755,0.5264466044751778
14756,0.2864309478765738
14757,0.6938482614651967
14758,0.5340009133015853
14759,0.08881857916367669
14760,0.4173201122056234
14761,0.3658686150433818
14762,0.21693522082327613
14763,0.7218605258007698
14764,0.3792680540152652
14765,0.45924717855045993
14766,0.5643877617587579
14767,0.40122643355730964
14768,0.09760584513014549
14769,0.07622154087024594
14770,0.03734751125318025
14771,0.7152521364733512
14772,0.17557570617783286
14773,0.15186900645834694
14774,0.6759540739774283
14775,0.11534346663187423
14776,0.21114227933981344
14777,0.2599517254876378
14778,0.8287624763520125
14779,0.8158784004175094
14780,0.8527562137125709
14781,0.12197142670754778
14782,0.2957140061321678
14783,0.3535586143910236
14784,0.03503816295909714
14785,0.8360232239545959
14786,0.22996281557831563
14787,0.699686868027921
14788,0.07551699393306804
14789,0.14386457042207582
14790,0.3107769587057212
14791,0.7510405114488877
14792,0.8018983625807294
14793,0.4837888968621567
14794,0.6485811207515169
14795,0.12181486072150825
14796,0.6622545501989694
14797,0.8708069671863788
14798,0.38244503881531744
14799,0.24436036271120098
14800,0.6952443081740491
14801,0.44917476678191665
14802,0.1352860591036597
14803,0.178883162632918
14804,0.638887076782569
14805,0.6858046839324158
14806,0.12794050492530498
14807,0.4019766455737491
14808,0.7795159501598278
14809,0.16538586991975993
14810,0.1688759866918912
14811,0.2813686476612956
14812,0.3226694500619741
14813,0.29207384695674865
14814,0.5397873312022963
14815,0.3527105486333094
14816,0.7493509035162111
14817,0.5274773305499381
14818,0.5624763520125253
14819,0.32396764302955183
14820,0.9478309087350772
14821,0.04707417313588623
14822,0.700906778002479
14823,0.8040772392197795
14824,0.577258790527758
14825,0.1768804227281623
14826,0.23617326635788377
14827,0.11080957661947942
14828,0.763865875138626
14829,0.8013112401330811
14830,0.5933394220105682
14831,0.552847543871094
14832,0.45494813751712443
14833,0.4374845064909648
14834,0.6484441255137321
14835,0.3408963402700763
14836,0.28459782112336096
14837,0.6160545371518038
14838,0.45804031574140525
14839,0.33430752169091266
14840,0.5271185334985975
14841,0.3406680148737687
14842,0.43611455411311895
14843,0.015878400417509295
14844,0.8240850675190815
14845,0.9501076391154022
14846,0.2941092047752626
14847,0.1956031052253898
14848,0.7826146519668602
14849,0.40178093809119964
14850,0.30239415486985455
14851,0.4065301063343989
14852,0.17751321025507208
14853,0.1944419074955966
14854,0.35228651575445236
14855,0.31771805075347376
14856,0.17853088916432905
14857,0.19899536825624634
14858,0.08542631613282015
14859,0.04811142279339813
14860,0.12820797181812252
14861,0.31595668341052907
14862,0.03672124730902211
14863,0.5246591428012264
14864,0.003385739448104899
14865,0.049748842064061584
14866,0.13208297997260096
14867,0.38451301454758957
14868,0.3450583860656273
14869,0.38967316850414246
14870,0.47791767238567423
14871,0.43763454889425274
14872,0.4191532389588362
14873,0.18338443473155458
14874,0.11705264531280579
14875,0.7751777676299825
14876,0.8564811794637615
14877,0.49581185987344256
14878,0.1800443603627112
14879,0.059677735012068626
14880,0.36936525539826476
14881,0.7444255985387175
14882,0.027412094722421558
14883,0.6404462130602127
14884,0.1133472503098702
14885,0.3987931371909452
14886,0.9485745971687651
14887,0.34852893208950353
14888,0.28889686215669647
14889,0.03438580468393242
14890,0.20496444647400355
14891,0.4690716941744406
14892,0.4282536368973841
14893,0.22431339291538913
14894,0.6678126427033727
14895,0.3536108030530367
14896,0.8921325592015135
14897,0.9615760975927979
14898,0.8895296496836061
14899,0.353402048404984
14900,0.05342161915323896
14901,0.03668862939526388
14902,0.40482745123621894
14903,0.3598799660773697
14904,0.12973449018200797
14905,0.10052841020288343
14906,0.7855894057016113
14907,0.23922630308565465
14908,0.38496314175745316
14909,0.3635266488355405
14910,0.7377845912975407
14911,0.9110705199295455
14912,0.43061517385348036
14913,0.4076130210711723
14914,0.7250244634353187
14915,0.15583534477134842
14916,0.3017809380911997
14917,0.07215734881596973
14918,0.42735990606040836
14919,0.4696001043773241
14920,0.19863657120490574
14921,0.9581642638136865
14922,0.7794963794115728
14923,0.1323373996999152
14924,0.44148998630047626
14925,0.5201709178680932
14926,0.2990540805010112
14927,0.3600561028116642
14928,0.019688172744471266
14929,0.1373279405049253
14930,0.5692217365777286
14931,0.5410072411768544
14932,0.2954400156565986
14933,0.31015069476156304
14934,0.3369365255398265
14935,0.8692543544914868
14936,0.1194272294344054
14937,0.4554830713027595
14938,0.3701024202492008
14939,0.8386783221345163
14940,0.24949442233674735
14941,0.38145997781981866
14942,0.8476743427490377
14943,0.07421880096549024
14944,0.5040576684715246
14945,0.38106856285471985
14946,0.12044490834366234
14947,0.3966794963794116
14948,0.3690847413399439
14949,0.5343792811011807
14950,0.08500880683671473
14951,0.5093743884141171
14952,0.15023158718768348
14953,0.4167003718442168
14954,0.8812707939200208
14955,0.9504403418357362
14956,0.8635592667492987
14957,0.45796203274838543
14958,0.21214038750081549
14959,0.5577989431795942
14960,0.881433883488812
14961,0.8324352534411898
14962,0.0696783873703438
14963,0.3810881336029748
14964,0.31366038228194926
14965,0.9233283319198905
14966,0.11006588818579163
14967,0.374760258333877
14968,0.40866984147693913
14969,0.36950225063604936
14970,0.016674277513210253
14971,0.8113445104051146
14972,0.12741209472242154
14973,0.4995824907038946
14974,0.4458412159958249
14975,0.3630308565464153
14976,0.11373214169221738
14977,0.10373801291669385
14978,0.12409159110183313
14979,0.39215865353252005
14980,0.6640746297866789
14981,0.7359253702133212
14982,0.3013569052123426
14983,0.08784004175092962
14984,0.5976841281231652
14985,0.48468915128188406
14986,0.6609302629003848
14987,0.4641920542762085
14988,0.42580729336551637
14989,0.34242285863396177
14990,0.41158588296692544
14991,0.42201056820405763
14992,0.09335246917607151
14993,0.4624306869332637
14994,0.9158392589209994
14995,0.04053754321873573
14996,0.48878596124991847
14997,0.4096875203861961
14998,0.4054210972666188
14999,0.06803444451692871
15000,0.8972731424098115
15001,0.32272163872398724
15002,0.3925370213321156
15003,0.9329962815578317
15004,0.9146389196946964
15005,0.04691108356709505
15006,0.05076652097331855
15007,0.36693195903190035
15008,0.49641855306934574
15009,0.5154739382869071
15010,0.5159501598277775
15011,0.5776306347446016
15012,0.7731554569769719
15013,0.7964968360623654
15014,0.28793789549220433
15015,0.7001957074825494
15016,0.8094461478243851
15017,0.9067258138169482
15018,0.413164589992824
15019,0.45357818513927856
15020,0.2561484767434275
15021,0.04486920216582948
15022,0.3171244047230739
15023,0.9275882314567161
15024,0.15976906517059167
15025,0.8691173592537021
15026,0.5614456259377651
15027,0.2398003783677996
15028,0.039996085850349014
15029,0.4305956031052254
15030,0.38906321351686346
15031,0.7211103137843303
15032,0.8991388870767826
15033,0.37638463043903714
15034,0.4188401069867572
15035,0.9211690260290951
15036,0.1194859416791702
15037,0.5067258138169483
15038,0.7339356774740687
15039,0.4151347119838215
15040,0.40457303150890467
15041,0.19842781655685304
15042,0.38517841998825764
15043,0.3960597560180051
15044,0.8868484571726793
15045,0.503013895231261
15046,0.19771022245417183
15047,0.509615760975928
15048,0.03445104051144889
15049,0.35760975927979644
15050,0.39014939004501276
15051,0.43774544980103075
15052,0.8353317241829213
15053,0.3284884858764433
15054,0.41132493965685957
15055,0.6914214886815839
15056,0.6340726727118534
15057,0.9358666579685564
15058,0.4066605779894318
15059,0.6206340922434601
15060,0.821671341900972
15061,0.3665927327288147
15062,0.39887142018396504
15063,0.5345423706699719
15064,0.47232043838476095
15065,0.6362319786026485
15066,0.3281231652423511
15067,0.43790201578707033
15068,0.8686476612955836
15069,0.7701611324939658
15070,0.6167068954269685
15071,0.8687781329506165
15072,0.27787853088916437
15073,0.8698284297736317
15074,0.49685563311370606
15075,0.4585361080305304
15076,0.36343531867701745
15077,0.26483136538586993
15078,0.43655163415747933
15079,0.3962554635005545
15080,0.3476091069215213
15081,0.3430882640746298
15082,0.9598734424946181
15083,0.9438906647530825
15084,0.35305629851914677
15085,0.34778524365581576
15086,0.28125122317176593
15087,0.5577010894383195
15088,0.005877748059234132
15089,0.6343792811011808
15090,0.36029095179072346
15091,0.9285015330419466
15092,0.8927066344836584
15093,0.7559723400091329
15094,0.3484180311827256
15095,0.3825885576358536
15096,0.7709635331724183
15097,0.39566834105290627
15098,0.4239154543675387
15099,0.1163480983756279
15100,0.5510274642833844
15101,0.2743753669515298
15102,0.4105942983886751
15103,0.3790625611585883
15104,0.17652162567682173
15105,0.5612694892034705
15106,0.9501402570291604
15107,0.1363037380129167
15108,0.33019114097462327
15109,0.26639050166351363
15110,0.40975275621371254
15111,0.8694957270532977
15112,0.5178028573292452
15113,0.3562528540674539
15114,0.427588231456716
15115,0.3082458085980821
15116,0.6103268314958576
15117,0.3988257551047035
15118,0.42383717137451893
15119,0.1704155522212799
15120,0.20557113966990673
15121,0.6027659990866983
15122,0.9558744862678584
15123,0.3561419531606759
15124,0.37132885380651054
15125,0.34603039989562273
15126,0.3861243394872464
15127,0.3260617130928306
15128,0.09235436101506948
15129,0.30018918389979776
15130,0.8251745058386066
15131,0.1436558157740231
15132,0.4314240981146846
15133,0.8532585295844478
15134,0.3777284884858765
15135,0.7072281296888251
15136,0.7898101637419271
15137,0.8813621240785441
15138,0.7090090677800247
15139,0.3865353252006002
15140,0.35857524952704023
15141,0.3878009002544197
15142,0.23052384369495726
15143,0.3959619022767304
15144,0.7648770304651316
15145,0.05558744862678583
15146,0.3652097331854655
15147,0.02807097658033792
15148,0.7024854850283776
15149,0.5497097005675518
15150,0.5838410855241699
15151,0.14407984865288018
15152,0.026661882705982125
15153,0.42770565594624566
15154,0.7133276795616152
15155,0.7732989757975082
15156,0.4323634940309218
15157,0.8777154413203732
15158,0.55144497357949
15159,0.9298584382542892
15160,0.2660708461086829
15161,0.5692739252397416
15162,0.40722160610607344
15163,0.1512296953486855
15164,0.729825820340531
15165,0.7847543871094005
15166,0.2598734424946181
15167,0.48986235240394027
15168,0.43242220627568656
15169,0.38960140909387436
15170,0.9085328462391545
15171,0.40733250701285145
15172,0.69215865353252
15173,0.3037967251614587
15174,0.8085915584839195
15175,0.33245482418944483
15176,0.712890599517255
15177,0.25637027855698347
15178,0.27458412159958245
15179,0.42114293169808864
15180,0.7606432252593125
15181,0.3116902602909518
15182,0.805290625611586
15183,0.4669515297801553
15184,0.13876312871028768
15185,0.33844999673820864
15186,0.4394807228129689
15187,0.35854263161328204
15188,0.3974818970578642
15189,0.5817731097918978
15190,0.5433753017157023
15191,0.9265183638854458
15192,0.14421032030791311
15193,0.547837432317829
15194,0.1311631548046187
15195,0.18006393111096616
15196,0.7516406810620393
15197,0.5613803901102485
15198,0.06031052253897841
15199,0.7773631678517842
15200,0.15747928762476351
15201,0.13923935025115797
15202,0.29875399569443534
15203,0.5432383064779177
15204,0.8134190097201383
15205,0.07162241503033466
15206,0.8893469893665601
15207,0.9508382803835866
15208,0.8585687259442887
15209,0.9577598016830843
15210,0.0772522669450062
15211,0.36208493704742645
15212,0.18885772066018658
15213,0.9131645899928241
15214,0.4918716158914477
15215,0.9424228586339619
15216,0.9375432187357297
15217,0.4018657446669711
15218,0.303216126296562
15219,0.6195968425859482
15220,0.4518363885445888
15221,0.7142605518951007
15222,0.2935547002413726
15223,0.451164459521169
15224,0.3797312283906321
15225,0.36592732728814664
15226,0.5114684584773959
15227,0.6657968556331137
15228,0.8445886881075085
15229,0.8515232565725097
15230,0.39247830908735076
15231,0.3621240785439363
15232,0.4550394676756475
15233,0.2603496640354883
15234,0.5083045208428469
15235,0.4364342096679496
15236,0.35098832278687453
15237,0.28582425468067063
15238,0.7531802465914281
15239,0.2378106856285472
15240,0.5150759997390566
15241,0.4205297149194338
15242,0.552312610085459
15243,0.7956944353839128
15244,0.3088851197077435
15245,0.6599060604083763
15246,0.5044360362711201
15247,0.3665731619805598
15248,0.572653141105095
15249,0.3643160023484898
15250,0.5258529584447779
15251,0.20422075804031575
15252,0.14625872529193035
15253,0.9376932611390175
15254,0.2238632657055255
15255,0.12970187226824972
15256,0.5376736903907626
15257,0.6944614782438515
15258,0.9528344967055907
15259,0.34739382869071694
15260,0.6055450453389001
15261,0.6088785961249918
15262,0.8538195577010894
15263,0.718990149390045
15264,0.7274381890534283
15265,0.4960662796007568
15266,0.9188466305695088
15267,0.7024072020353579
15268,0.09836258072933655
15269,0.38238632657055255
15270,0.779476808663318
15271,0.40079587709570097
15272,0.3914997716746037
15273,0.14717855045991257
15274,0.08536108030530369
15275,0.45667036336355926
15276,0.9229891056168047
15277,0.2678778785308892
15278,0.8325787722617262
15279,0.3670820014351882
15280,0.7276795616152391
15281,0.9512296953486854
15282,0.19898232109074304
15283,0.4376084545632462
15284,0.29491812903646686
15285,0.5984539108878596
15286,0.8666644921390828
15287,0.3996346793659078
15288,0.09400482745123623
15289,0.6583795420444908
15290,0.9183508382803836
15291,0.2792745775980169
15292,0.22946702328919044
15293,0.17175941026811925
15294,0.3649422662926479
15295,0.2394024398199491
15296,0.6967055907104183
15297,0.28426511840302693
15298,0.5153956552938874
15299,0.39506164785700304
15300,0.4929480070454694
15301,0.3356057146584905
15302,0.6861960988975145
15303,0.8381042468523714
15304,0.358320829799726
15305,0.33171113575575706
15306,0.5819492465261922
15307,0.48066410072411764
15308,0.8820405766847152
15309,0.1855567877878531
15310,0.2918129036466828
15311,0.8253049774936395
15312,0.7852240850675192
15313,0.054589340465783814
15314,0.5443668862939527
15315,0.46946963272229114
15316,0.7723530562985191
15317,0.939996085850349
15318,0.36746036923478376
15319,0.739200208754648
15320,0.9336682105812513
15321,0.7355078609172158
15322,0.15971035292582686
15323,0.9060408376280253
15324,0.06781264270337269
15325,0.5187487768282341
15326,0.819361993606889
15327,0.3822232370017614
15328,0.7693456846500099
